openalex_id,doi,title,abstract,publication_year,publication_date,type,language,cited_by_count,referenced_works_count,is_oa,oa_status,source,source_type,authors,institutions,countries,n_countries,es_colaboracion_intl,topics,concepts,grants,funders,terminos_ia_hallados,n_terminos_ia,pais_consulta,version_query,fecha_descarga
https://openalex.org/W4401485040,https://doi.org/10.1016/j.chb.2024.108407,A systematic review of digital transformation technologies in museum exhibition,"Museum exhibitions, both temporary and permanent, form an essential link between a society and its cultural, historical, and artistic heritage sites. Curating artifacts and thematic displays in museum exhibitions can promote dialogue, foster cultural appreciation, and contribute to heritage preservation. The traditional way of holding museum exhibitions, heavily reliant on the expertise of designers and curatorial staff, makes them a labor-intensive process, from conceptualization to visitor engagement analysis. This review systematically compiles and examines how the application of digital transformation technologies (DTTs) has revolutionized museum exhibitions and augmented their future potential. DTTs such as artificial intelligence, immersive technologies, additive manufacturing, the Internet of Things, and cloud computing can help create engaging designs, improve accessibility and inclusivity, enhance educational potential, and allow for sophisticated visitor experience data collection and analyses, improving exhibit management. However, despite multiple specialized studies on DTTs and their roles in museum exhibitions, the connections between technology and application scenarios remain underexplored. By addressing this gap, this study is expected to inform and inspire practitioners in the museum and heritage sectors and present new research avenues for scholars.",2024,2024-08-10,review,en,109,268,True,hybrid,Computers in Human Behavior,journal,Jingjing Li; Xiaoyang Zheng; Ikumu Watanabe; Yoichi Ochiai,National Institute for Materials Science; University of Tsukuba,jp,1,0,Museums and Cultural Heritage; Virtual Reality Applications and Impacts; Visual Attention and Saliency Detection,Exhibition; Visitor pattern; Conceptualization; Digital transformation; Cultural heritage; Thematic analysis; Museology; Sociology; Visual arts; Engineering ethics; Computer science; World Wide Web; Engineering; Political science; Art; Qualitative research; Social science; Programming language; Artificial intelligence; Law,,,artificial intelligence,1,jp,v1,2026-08-13
https://openalex.org/W4353074897,https://doi.org/10.3847/1538-4357/acbcc6,Machine Learning Detects Multiplicity of the First Stars in Stellar Archaeology Data,"Abstract In unveiling the nature of the first stars, the main astronomical clue is the elemental compositions of the second generation of stars, observed as extremely metal-poor (EMP) stars, in the Milky Way. However, no observational constraint was available on their multiplicity, which is crucial for understanding early phases of galaxy formation. We develop a new data-driven method to classify observed EMP stars into mono- or multi-enriched stars with support vector machines. We also use our own nucleosynthesis yields of core-collapse supernovae with mixing fallback that can explain many of the observed EMP stars. Our method predicts, for the first time, that 31.8% ± 2.3% of 462 analyzed EMP stars are classified as mono-enriched. This means that the majority of EMP stars are likely multi-enriched, suggesting that the first stars were born in small clusters. Lower-metallicity stars are more likely to be enriched by a single supernova, most of which have high carbon enhancement. We also find that Fe, Mg. Ca, and C are the most informative elements for this classification. In addition, oxygen is very informative despite its low observability. Our data-driven method sheds a new light on solving the mystery of the first stars from the complex data set of Galactic archeology surveys.",2023,2023-03-01,article,en,26,175,True,gold,The Astrophysical Journal,journal,Tilman Hartwig; Miho N. Ishigaki; Chiaki Kobayashi; Nozomu Tominaga; K. Nomoto,Bunkyo University; Kavli Institute for the Physics and Mathematics of the Universe; Konan University; National Astronomical Observatory of Japan; The University of Tokyo; Tohoku University; University of Hertfordshire,gb; jp,2,1,"Stellar, planetary, and galactic studies; Gamma-ray bursts and supernovae; Astronomy and Astrophysical Research",Physics; Stars; Milky Way; Metallicity; Galaxy; Astrophysics; Supernova; Astronomy; Nucleosynthesis; Stellar collision; K-type main-sequence star; Star cluster; T Tauri star,,,machine learning,1,jp,v1,2026-08-13
https://openalex.org/W4380047188,https://doi.org/10.3390/ijgi12060238,Archaeological Predictive Modeling Using Machine Learning and Statistical Methods for Japan and China,"Archaeological predictive modeling (APM) is an essential method for quantitatively assessing the probability of archaeological sites present in a region. It is a necessary tool for archaeological research and cultural heritage management. In particular, the predictive modeling process could help us understand the relationship between past human civilizations and the natural environment; moreover, a better understanding of the mechanisms of the human–land relationship can provide new ideas for sustainable development. This study aims to investigate the impact of topographic and hydrological factors on archaeological sites in the Japanese archipelago and Shaanxi Province, China and proposes a hybrid integration approach for APM. This approach employed a conditional attention mechanism (AM) using deep learning and a frequency ratio (FR) model, in addition to a separate FR model and the widely-used machine learning MaxEnt method. The models’ outcomes were cross-checked using the four-fold cross-validation method, and the models’ performances were compared using the area under the receiver operating characteristic curve (AUC) and Kvamme’s Gain. The results showed that in both study areas, the AM_FR model exhibited the most satisfactory performances.",2023,2023-06-07,article,en,23,42,True,gold,ISPRS International Journal of Geo-Information,journal,Yuan Wang; Xiaodan Shi; Takashi Oguchi,Mälardalen University; The University of Tokyo,jp; se,2,1,Archaeological Research and Protection; Music and Audio Processing; Conservation Techniques and Studies,Archipelago; Archaeology; China; Computer science; Artificial intelligence; Natural (archaeology); Predictive modelling; Process (computing); Machine learning; Geography; Operating system,,,machine learning; deep learning,2,jp,v1,2026-08-13
https://openalex.org/W4382122492,https://doi.org/10.1109/access.2023.3277490,A new Italian Cultural Heritage data set: detecting fake reviews with BERT and ELECTRA leveraging the sentiment,"The growth of the online review phenomenon, which has expanded from specialised trade magazines to end users via online platforms, has also increasingly involved the cultural heritage of countries, a source of tourism and growth driver of local economies. Unfortunately, this has been paralleled by the emergence and spread of the phenomenon of fake reviews, against which the scientific world has developed language models capable of distinguishing them from the truthful. The application of such models, often based on deep neural networks with transformer-type architectures, is however limited by the availability of local language data sets for specific domains, useful for both training and verification. The purpose of this article is twofold. Firstly, a new data set was created in the Italian language, generally considered low-resource, relating to the domain of cultural heritage in Italy, by collecting reviews available online, reorganising them in the form of a data set usable by the language models. Secondly, a baseline of results for the detection of misleading reviews was constructed by exploiting two widely used language models, namely BERT and ELECTRA. The performance achieved is interesting, around 95% accuracy and F1 score, using data set splits between training and testing of 80/20 and 90/10. In addition, SHAP was used as a tool to support the explicability of AI models: in this way, it was possible to show the usefulness of sentiment analysis as a support for the recognition of deceptiveness.",2023,2023-01-01,article,en,21,69,True,gold,IEEE Access,journal,Rosario Catelli; Luca Bevilacqua; N. Mariniello; Vladimiro Scotto di Carlo; Massimo Magaldi; Hamido Fujita; Giuseppe De Pietro; Massimo Esposito,Engineering (Italy); HUTECH University; Ho Chi Minh City University of Technology; Institute for High Performance Computing and Networking; Instituto Andaluz de Ciencias de la Tierra; Iwate Prefectural University; National Research Council; Universidad de Granada,es; it; jp; vn,4,1,Misinformation and Its Impacts; Spam and Phishing Detection; Sentiment Analysis and Opinion Mining,Computer science; Cultural heritage; Data science; USable; Set (abstract data type); Tourism; Domain (mathematical analysis); Training set; Sentiment analysis; Language model; Data modeling; Artificial intelligence; Baseline (sea); Natural language processing; World Wide Web; Database; Geography; Geology; Mathematical analysis; Programming language; Mathematics; Oceanography; Archaeology,,,neural network,1,jp,v1,2026-08-13
https://openalex.org/W3134846957,https://doi.org/10.1080/13467581.2020.1869010,Knowledge archaeology on relations between the Venice Architecture Biennale (1980–2018) and the Pritzker Architecture Prize (1979–2019),"This paper used a philosophy method called knowledge archaeology to identify the relations between the Venice Architecture Biennale and the Pritzker Architecture Prize. Two questions were posed: (1) “Who is speaking” in the biennale and prize, respectively? (2) Do the biennale and curating change architectural thinking? Through knowledge archaeology, the domain-specific knowledge graphs of the Venice Architecture Biennale participants and the Pritzker Architecture Prize laureates are compared from three aspects: “persons,” “words,” and “Asia.” Comparing the number, type, and nationality of exhibitors and laureates, the importance of the biennale and its influence on architectural development are confirmed. Results show that the thinking and curating of the Venice Architecture Biennale have influenced and changed who wins the Pritzker Architecture Prize. Moreover, Asian architects played increasingly important roles in the exhibition and prize process. Starting from the architectural exhibition, we can connect the entire architectural world. In other words, we may be able to “curate the whole world.”",2021,2021-03-09,article,en,15,28,True,gold,Journal of Asian Architecture and Building Engineering,journal,Gangwei Cai; Lei Xu; Weijun Gao; Ka Wang; Yan Hong; Yan Wang,Qingdao University of Technology; The University of Kitakyushu; Tianjin Chengjian University; Zhejiang Sci-Tech University; Zhejiang University,cn; jp,2,1,Cultural Heritage Management and Preservation; Museums and Cultural Heritage; Cultural Industries and Urban Development,Architecture; Exhibition; Nationality; Process (computing); Visual arts; Sociology; History; Art; Computer science; Archaeology; Immigration; Operating system,,,knowledge graph,1,jp,v1,2026-08-13
https://openalex.org/W4225390820,https://doi.org/10.1007/s11263-022-01609-5,Kyushu Decorative Tumuli Project: From e-Heritage to Cyber-Archaeology,"Abstract Digitization of cultural assets has become an important sub-area of computer vision (CV). Thus far, the value of digitization has been emphasized in terms of asset preservation and exhibition. The third aspect of digitization value is that the obtained digital data can be used to perform archaeological analysis based on physics and optics theories and simulations. This position paper emphasizes the importance of this third aspect, using our Kyushu decorative tumuli project as an illustrative example. In particular, we focus on the photometric approaches in the third aspect and explain the equipment and methods developed there as well as archaeological findings. This paper, then, proposes to establish this area as “cyber-archaeology” through categorizing and organizing those methodologies.",2022,2022-05-03,article,en,5,31,True,hybrid,International Journal of Computer Vision,journal,Katsushi Ikeuchi; Tetsuro Morimoto; Mawo Kamakura; Nobuaki Kuchitsu; Kazutaka Kawano; Tomoo Ikeda,Independent Administrative Institution National Research Institute for Cultural Properties; Microsoft (United States); The University of Tokyo; Tokyo National Museum; Toppan (Japan),jp; us,2,1,3D Surveying and Cultural Heritage; Advanced Image and Video Retrieval Techniques; Archaeological Research and Protection,Digitization; Focus (optics); Exhibition; Asset (computer security); Cultural heritage; Computer science; Value (mathematics); Archaeology; Position (finance); Geography; Computer vision; Computer security; Physics; Economics; Finance; Optics; Machine learning,,,computer vision,1,jp,v1,2026-08-13
https://openalex.org/W4313472701,https://doi.org/10.3390/jimaging9010009,Computer Vision and Robotics for Cultural Heritage: Theory and Applications,Computer vision and robotics are more and more involved in cultural heritage [...].,2022,2022-12-30,article,en,4,7,True,gold,Journal of Imaging,journal,Guillaume Caron; Olga Regina Pereira Bellon; Ilan Shimshoni,National Institute of Advanced Industrial Science and Technology; Universidade Federal do Paraná; University of Haifa; Université de Picardie Jules Verne,br; fr; il; jp,4,1,3D Surveying and Cultural Heritage; Robotics and Sensor-Based Localization; Advanced Image and Video Retrieval Techniques,Robotics; Artificial intelligence; Cultural heritage; Computer science; Computer vision; Cognitive science; Human–computer interaction; Robot; Psychology; History; Archaeology,,,computer vision,1,jp,v1,2026-08-13
https://openalex.org/W3046923274,https://doi.org/10.5194/isprs-annals-v-2-2020-989-2020,FUSED 3D TRANSPARENT VISUALIZATION FOR LARGE-SCALE CULTURAL HERITAGE USING DEEP LEARNING-BASED MONOCULAR RECONSTRUCTION,"Abstract. This paper proposes a fused 3D transparent visualization method with the aim of achieving see-through imaging of large-scale cultural heritage by combining photogrammetry point cloud data and 3D reconstructed models. 3D reconstructed models are efficiently reconstructed from a single monocular photo using deep learning. It is demonstrated that the proposed method can be widely applied, particularly to instances of incomplete cultural heritages. In this study, the proposed method is applied to a typical example, the Borobudur temple in Indonesia. The Borobudur temple possesses the most complete collection of Buddhist reliefs. However, some parts of the Borobudur reliefs have been hidden by stone walls and became not visible following the reinforcements during the Dutch rule. Today, only gray-scale monocular photos of those hidden parts are displayed in the Borobudur Museum. In this paper, the visible parts of the temple are first digitized into point cloud data by photogrammetry scanning. For the hidden parts, a 3D reconstruction method based on deep learning is proposed to reconstruct the invisible parts into point cloud data directly from single monocular photos from the museum. The proposed 3D reconstruction method achieves 95% accuracy of the reconstructed point cloud on average. With the point cloud data of both the visible parts and the hidden parts, the proposed transparent visualization method called the stochastic point-based rendering is applied to achieve a fused 3D transparent visualization of the valuable temple.",2020,2020-08-03,article,en,7,12,True,diamond,"ISPRS annals of the photogrammetry, remote sensing and spatial information sciences",journal,Jiao Pan; Li Li; Hiroshi Yamaguchi; Kyoko Hasegawa; Fadjar I. Thufail; Brahmantara; S. Tanaka,Indonesian Institute of Sciences; Nara National Research Institute for Cultural Properties; Ritsumeikan University; Universitas Borobudur,id; jp,2,1,3D Surveying and Cultural Heritage; Advanced Vision and Imaging; Computer Graphics and Visualization Techniques,Point cloud; Artificial intelligence; Computer science; Computer vision; Rendering (computer graphics); Visualization; Photogrammetry; Monocular; Cultural heritage; 3D reconstruction; Computer graphics (images); Point (geometry); Deep learning; Scale (ratio); Geography; Archaeology; Cartography; Mathematics; Geometry,,,deep learning,1,jp,v1,2026-08-13
https://openalex.org/W4387828941,https://doi.org/10.1109/igarss52108.2023.10282694,Tranfer Learning of Semantic Segmentation Methods for Identifying Buried Archaeological Structures on Lidar Data,"When applying deep learning to remote sensing data in archaeological research, a notable obstacle is the limited availability of suitable datasets for training models. The application of transfer learning is frequently employed to mitigate this drawback. However, there is still a need to explore its effectiveness when applied across different archaeological datasets. This paper compares the performance of various transfer learning configurations using two semantic segmentation deep neural networks on two LiDAR datasets. The experimental results indicate that transfer learning-based approaches in archaeology can lead to performance improvements, although a systematic enhancement has not yet been observed. We provide specific insights about the validity of such techniques that can serve as a baseline for future works.",2023,2023-07-16,conference-paper,en,3,23,False,closed,,,Gregory Sech; Paolo Soleni; Wouter Verschoof‐van der Vaart; Žiga Kokalj; Arianna Traviglia; Marco Fiorucci,Center for Cultural Heritage Technology; Italian Institute of Technology; Kyoto University; Leiden University; Research Centre of the Slovenian Academy of Sciences and Arts; Slovenian Academy of Sciences and Arts,it; jp; nl; si,4,1,Archaeological Research and Protection; 3D Surveying and Cultural Heritage; Remote Sensing and LiDAR Applications,Computer science; Transfer of learning; Segmentation; Lidar; Obstacle; Deep learning; Artificial intelligence; Baseline (sea); Machine learning; Archaeology; Remote sensing; Geology; Geography; Oceanography,,,deep learning; neural network,2,jp,v1,2026-08-13
https://openalex.org/W4411472539,https://doi.org/10.1038/s40494-025-01855-z,Toward sustainable and differentiated protection of cultural heritage illustrated by a multisensory analysis of Suzhou and Kyoto using deep learning,"Residents’ perception is essential to cultural heritage (CH) and place identity, making its integration into sustainable conservation important. This study analyzes online reviews from Suzhou and Kyoto using deep learning to extract multisensory descriptions and physical elements. Sentiment analysis shows that overall perceptions are predominantly positive. In Suzhou, visual perception dominates, with a dynamic spatial experience, while other sensory inputs are limited. Kyoto offers richer multisensory engagement and greater openness, though with less spatial variation. Visitors differ significantly in their perceptions of sensory experiences and physical settings. Multiple linear regression indicates that multisensory engagement enhances overall perception, shaped by the environment. However, cost and accessibility are key negative factors influencing impressions. This study highlights the importance of incorporating multisensory public perceptions into CH conservation and supports differentiated, site-specific strategies. The findings contribute to a nuanced understanding of sustainable heritage space optimization based on multisensory experiences and contextual factors.",2025,2025-06-20,article,en,5,96,True,hybrid,npj Heritage Science,journal,Jiao Zhang; Yangyang Shi; Liang Zhao; Chenshu Cai; Katsunori Furuya,Chiba University; Hangzhou Normal University; KU Leuven; Research Institute for Nature and Forest; Shandong Institute of Business and Technology; The University of Tokyo; Zhejiang University,be; cn; jp,3,1,Cultural Heritage Management and Preservation; Conservation Techniques and Studies; 3D Surveying and Cultural Heritage,Cultural heritage; Psychology; Architectural engineering; Political science; Aesthetics; Visual arts; History; Engineering; Art; Archaeology,,,deep learning,1,jp,v1,2026-08-13
https://openalex.org/W4413846032,https://doi.org/10.1002/csr.70144,Impact of Corporate Social Responsibility on the Financial Performance of Tourism Enterprises in Provinces Hosting China's Mixed World Heritage Sites: A Data‐Driven Machine Learning Approach,"ABSTRACT This study examined the relationship between corporate social responsibility (CSR) and financial performance in the context of tourism firms operating in China's Mixed World Heritage regions. Using data from 2012 to 2019, four machine learning (ML) algorithms were evaluated for their ability to predict financial performance, with eXtreme Gradient Boosting (XGBoost) demonstrating the highest accuracy. The SHapley Additive exPlanations (SHAP) method was then applied to quantify the contribution of each CSR dimension. The findings revealed that shareholder responsibility had the strongest yet negative impact on financial performance, followed by social, employee, and supplier/customer/consumer responsibilities, all showing positive effects. Environmental responsibility exhibited mixed effects across financial indicators. Overall, CSR showed a negative influence on financial performance. By integrating interpretable ML techniques, this study offers methodological contributions to CSR research and provides practical insights for tourism firms and policymakers seeking to optimize CSR strategies in Heritage tourism contexts.",2025,2025-08-30,article,en,1,54,False,closed,Corporate Social Responsibility and Environmental Management,journal,Bing Wang; Yuichiro Fujioka,Kyushu University,jp,1,0,Diverse Aspects of Tourism Research; Digital Marketing and Social Media; Environmental Sustainability in Business,China; Tourism; Corporate social responsibility; Business; World heritage; Finance; Public relations; Geography; Political science; Archaeology,,,machine learning,1,jp,v1,2026-08-13
https://openalex.org/W4377092420,https://doi.org/10.20965/jaciii.2023.p0394,Understanding Cultural Similarities of Archaeological Sites from Excavation Reports Using Natural Language Processing Technique,"In this study, we applied natural language processing (NLP) techniques to texts of excavation reports on buried cultural properties to calculate the degree of similarity between the reports for determining archaeological sites that have a high degree of similarity. Specifically, we validated whether the similarity of sentence embeddings in the excavation reports of these sites is consistent with the existing classification. Four archaeological sites classified in existing archaeological research papers were used. For validation, 128 excavation reports from the four sites were used; sentence embeddings were obtained using Doc2Vec. We obtained the following results: 1) In applying NLP to excavation reports for determining the similarities of archaeological sites, merging the texts for each site into a single document and then processing it was more preferable than processing it in separate volumes of the excavation report. 2) The similarity based on sentence embedding of excavation reports using Doc2Vec was more consistent with the classification of the characteristics of archaeological sites than term frequency–inverse document frequency (TF-IDF). 3) When targeting a specific period, the sentence embedding exclusively for the text of the relevant period is consistent with the classification of the characteristics of the archaeological site from the artifacts and structural remains of that specific period. 4) When a specific period is targeted, the exclusive sentence embeddings of that period, obtained through the additive compositionality of sentence embeddings, can be used to classify the characteristics of archaeological sites based on the artifacts and structural remains on that period. Consequently, the similarities of texts based on NLP can reflect the similarities of archaeological sites. This holds true even for excavation reports that include spelling inconsistencies, optical character reader misrecognition, and garbled words.",2023,2023-05-19,article,en,3,14,True,diamond,Journal of Advanced Computational Intelligence and Intelligent Informatics,journal,Fumihiro Sakahira; Yuji Yamaguchi; Takao Terano,Chiba University of Commerce; Okayama University; Osaka Institute of Technology,jp,1,0,Topic Modeling; Natural Language Processing Techniques; Text and Document Classification Technologies,Excavation; Sentence; Computer science; Similarity (geometry); Period (music); Natural language processing; Artificial intelligence; Archaeology; Embedding; Linguistics; History; Image (mathematics); Philosophy; Acoustics; Physics,,,natural language processing,1,jp,v1,2026-08-13
https://openalex.org/W4405354864,https://doi.org/10.1093/mnras/staf2252,Towards Galactic archaeology with inferred ages of giant stars from <i>Gaia</i> spectra,"ABSTRACT In the era of Gaia, the accurate determination of stellar ages is transforming Galactic archaeology. We demonstrate the feasibility of inferring stellar ages from Gaia’s RVS spectra and the BP/RP (XP) spectrophotometric data, specifically for red giant branch and high-mass red clump stars. We successfully train two machine learning models, dubbed SIDRA: Stellar age Inference Derived from Gaia spectRA to predict the age. The SIDRA-RVS model uses the RVS spectra and SIDRA-XP the stellar parameters obtained from the XP spectra. Both models use BINGO, an APOGEE-derived stellar age as the training data. SIDRA-RVS estimates ages of stars whose age is around $\tau _\mathrm{BINGO}=10$Gyr with a standard deviation of residuals of $\sim$ 0.12 dex in the unseen test data set, while SIDRA-XP achieves higher precision with residuals $\sim$ 0.064 dex for stars around $\tau _\mathrm{BINGO}=10$ Gyr. Since SIDRA-XP outperforms SIDRA-RVS, we apply SIDRA-XP to analyse the ages for 2218 154 stars. This allowed us to map the chronological and chemical properties of Galactic disc stars, reproducing the known distinct features such as the Gaia-Sausage-Enceladus merger and a potential gas-rich interaction event linked to the first infall of the Sagittarius dwarf galaxy. This study demonstrates that machine learning techniques applied to Gaia’s spectra can provide valuable individual age information, particularly for giant stars, thereby enhancing our understanding of the Milky Way’s formation and evolution.",2025,2025-12-31,article,en,1,0,True,gold,Monthly Notices of the Royal Astronomical Society,journal,Aisha AlMannaei; Daisuke Kawata; Ioana Ciucă; Connor Fallows; Jason L. Sanders; G. M. Seabroke; A. Miglio,Australian National University; Istituto di Astrofisica Spaziale e Fisica Cosmica di Bologna; Kavli Institute for Particle Astrophysics and Cosmology; National Astronomical Observatory of Japan; National Institute for Astrophysics; University College London; University of Bologna,au; gb; it; jp; us,5,1,"Astronomy and Astrophysical Research; Stellar, planetary, and galactic studies; History and Developments in Astronomy",Stars; Astronomy; Spectral line; Astrophysics; Geology; Physics; Archaeology; Geography,,,machine learning,1,jp,v1,2026-08-13
https://openalex.org/W2784169931,https://doi.org/10.3233/ais-170467,Towards robots reasoning about group behavior of museum visitors: Leader detection and group tracking,"The field of human-robot interaction (HRI) is a broad community encompassing robotics, artificial intelligence (AI), human-computer interaction (HCI), psychology and social science. HRI in social robotics explores important issues in designing a robot system that works with people in daily life environments, capable of interacting with, modeling, and learning from humans. Robotic systems should improve their capabilities to not only understand humans but also to convey their intention within their actions. The present work demonstrates this behaviour is achievable through a field study conducted at a science museum. This article introduces a computer vision algorithm which is able to detect and track a leader within a group of peoplethe science communicator, for this particular case -and distinguish between group members and non-group members as well, all by means of a cognitive and logical behaviour analysis of their interactions on scene. The leader's direction is also computed as an attention reference for this approach. The computer vision system is supervising people within a group following a guide to prevent accidents and missing persons. This work represents one of a wide range of possible applications and future scenarios where group interactions are a key aspect for robots to understand and effectively participate in social environments.",2018,2018-01-17,article,en,8,27,True,bronze,Journal of Ambient Intelligence and Smart Environments,journal,Karla Trejo; Cecilio Ángulo; Shin’ichi Satoh; Mayumi Bono,National Institute of Informatics; Universitat Politècnica de Catalunya,es; jp,2,1,Human Pose and Action Recognition; Video Surveillance and Tracking Methods; Robotic Path Planning Algorithms,Group (periodic table); Computer science; Tracking (education); Robot; Emotion detection; Human–computer interaction; Group behavior; Artificial intelligence; World Wide Web; Psychology; Social psychology; Pedagogy; Chemistry; Organic chemistry; Emotion recognition,,,artificial intelligence; computer vision,2,jp,v1,2026-08-13
https://openalex.org/W7128532718,https://doi.org/10.1080/24750158.2026.2622133,From Scrolls to Gadgets: Co-Library Initiatives Bridging Cultural Heritage Informatics and Leisure Learning,"We present the outcomes of a project pilot (2024–2025) demonstrating how this initiative adapts cultural heritage informatics by using cultural heritage topics – washi paper, movable type, and stitched bookbinding – while integrating technology and information skills (Artificial intelligence (AI) literacy and digital literacy) to create an engaging framework for library user education. This paper also showcases the development of learning tools, including mini-AI games and a 3D movable type set, illustrating how the framework operates. The results highlight the value of international collaboration among librarians, students, and cultural heritage experts in deepening participants’ understanding of cultural heritage, AI, and digital literacy through library leisure learning programmes.",2026,2026-02-10,article,en,1,14,True,hybrid,Journal of the Australian Library and Information Association,journal,Sau Ching Helen Cheung; Takashi Shimada; Fumiko KOHAMA; Ayaka Sasaki,Rissho University,jp,1,0,Museums and Cultural Heritage; Mobile Learning in Education; Web and Library Services,Bridging (networking); Cultural heritage; Sociology; Engineering ethics; Public relations; Media studies; Political science; Informatics; Library science; Knowledge management; Online learning,,,artificial intelligence,1,jp,v1,2026-08-13
https://openalex.org/W4388405366,https://doi.org/10.1109/iv60283.2023.00021,Visualizing Maps of Visitors' Interest for Museum Exhibits with Single-Board Computers,"Understanding the degree of satisfaction for visitors has been a key factor in selecting attractive collections and designing appealing layouts in art galleries and museums. Although monitoring the actual spatiotemporal behaviors of visitors is essential for this purpose, introducing an expensive monitoring system would impose a heavy burden on the financial management and leads to unwanted restrictions on the layout design in the exhibition rooms. This paper presents an approach to visualizing the spatiotemporal changes in the maps of visitors' interest with a system of installed single-board computers such as Raspberry Pi devices. Employing single-board computers as IoT sensors facilitates monitoring systems to maximally covers the entire exhibition space while keeping the associated installation cost and power consumption sufficiently low. Our approach for this novel system organization begins by first detecting individuals from camera images using machine learning techniques and reconstructing their spatial positions from perspective views. Kernel density estimation was employed to represent the distribution of interest across the entire exhibition room as a continuous function by respecting the reconstructed positions of visitors. This allowed the use of heatmaps to visualize the changes in the map of interest reflecting the travel history of individual visitors and the accumulated distribution of interest over a specific period. Experimental results from eight months of measurement data demonstrate the capability of the proposed approach, including meaningful trends that reveal how the layout of collections attracted visitors to the exhibitions.",2023,2023-07-25,conference-paper,en,4,30,False,closed,,,Shigeo Takahashi; Yohei Nishidate; Yukihide Kohira; Rentaro Yoshioka,University of Aizu,jp,1,0,Video Surveillance and Tracking Methods; Visual Attention and Saliency Detection; Advanced Vision and Imaging,Exhibition; Computer science; Kernel density estimation; Kernel (algebra); Visualization; Data science; Data mining; Geography; Estimator; Mathematics; Combinatorics; Archaeology; Statistics,,,machine learning,1,jp,v1,2026-08-13
https://openalex.org/W4392791298,https://doi.org/10.1093/iwc/iwae007,Technical Understanding from Interactive Machine Learning Experience: a Study Through a Public Event for Science Museum Visitors,"Abstract While AI technology is becoming increasingly prevalent in our daily lives, the comprehension of machine learning (ML) among non-experts remains limited. Interactive machine learning (IML) has the potential to serve as a tool for end users, but many existing IML systems are designed for users with a certain level of expertise. Consequently, it remains unclear whether IML experiences can enhance the comprehension of ordinary users. In this study, we conducted a public event using an IML system to assess whether participants could gain technical comprehension through hands-on IML experiences. We implemented an interactive sound classification system featuring visualization of internal feature representation and invited visitors at a science museum to freely interact with it. By analyzing user behavior and questionnaire responses, we discuss the potential and limitations of IML systems as a tool for promoting technical comprehension among non-experts.",2024,2024-03-12,article,en,6,47,True,hybrid,Interacting with Computers,journal,Wataru Kawabe; Yuri Nakao; Akihisa Shitara; Yusuke Sugano,Fujitsu (Japan); The University of Tokyo; University of Tsukuba,jp,1,0,Explainable Artificial Intelligence (XAI); Scientific Computing and Data Management; Ethics and Social Impacts of AI,Event (particle physics); Computer science; Human–computer interaction; Data science; World Wide Web; Multimedia; Physics; Quantum mechanics,,,machine learning,1,jp,v1,2026-08-13
https://openalex.org/W2907776579,https://doi.org/10.3130/aija.83.2271,A STUDY ON IMAGES OF ART MUSEUMS ON SOCIAL MEDIA,"Architecture has been disseminated in society through photography, as much as actual visits. In recent years, art museums have been positively encouraging visitors to take pictures, and the pictures taken by visitors are accumulated on social media as Big Data, showing citizen's architectural experience. This research aims at the following two points for big data formed by the accumulated posted pictures on ""Instagram"", a social media specialized for picture posting. (1)To visualize big data of images on museums. (2)To discover the way how to analyze big data that will help art museum plans. As a survey method, a picture analysis using deep learning was performed. First, a feature amount extraction of the pictures is performed by CNN, and then we visualized it using t-SNE to show the result of CNN in two dimensions and ""image discrimination program"" which mechanically classifies pictures for learned elements. First, as the target of the survey, 595,587 pictures related to 406 museums were extracted from Instagram by hashtag search. In order to grasp the rough trend of the pictures, t-SNE was conducted. As a result, we have obtained five elements of ""building"" ""art"" ""text"" ""nature"" ""food"". (Fig. 2) Second, we made ""image discrimination program"" learn about 5 elements, and the program identified the 595,587 pictures. The classification result of the pictures was ""building"" 13.7%, ""art"" 56.0%, ""text"" 20.0%, ""nature"" 6.2%, ""food"" 4.1%. In the comparison between the museum's outline and the 5 elements ratio, the numbers of picture posts and the numbers of visitors which often used for museum evaluation are not related (Fig. 4). Moreover, there are many ""building"" picture posts at the old museums of the opening year, ""art"" and ""text"" picture posts at the new museums (Fig. 6). From typing based on the ratio of 5 elements in each museum, we were able to grasp the characteristics of each building by obtaining 16 categories and 6 groups of types (Fig. 8, Table1). From the ratio of 5 elements on two museums holding the same exhibition which allows visitors to take pictures, we clarified the difference of the influence of the camera allowed exhibition(Fig. 9). Third, we conducted t - SNE on the building pictures of each museum to visualize the detailed subjects. As a result, it was found that the images of a museum building on social media are made up of relationships between other elements (Fig. 10, 11). Moreover, as the ratio of building pictures at a museum increases, building pictures image is biased towards limited subject (Fig. 12). These findings obtained by this research are not to show subjectivity reflected in each picture but to show a part of the characteristics and impressions of the museums from the accumulated image data by the visitors. Fumio Nanjo, Mori Art Museum Director said about the museum buildings, ""It is not a model as a general theory, but a special solution that matches its context is needed"". In other words, these data are not to indicate the majority to get the right answer. These data are more like the air showing how people get interested in and what they do there. By visualizing it, we suggest to building planners and designers that they can think about building architecture with feeling more opinions. We will position this research as an indication of options for each art museum to acquire its unique special solutions.",2018,2018-01-01,article,en,2,1,True,bronze,Journal of Architecture and Planning (Transactions of AIJ),journal,Yojiro KURODA; Rinako HORIKIRI; Shinya Satoh,Freelancer (Portugal); Nihon University,jp; pt,2,1,Urban and spatial planning; Digital Media and Visual Art,Photography; Computer science; Social media; GRASP; Architecture; Big data; Visual arts; Artificial intelligence; Multimedia; World Wide Web; Art; Operating system; Programming language,,,deep learning,1,jp,v1,2026-08-13
https://openalex.org/W4200285151,https://doi.org/10.1016/j.isprsjprs.2021.11.007,3D reconstruction of Borobudur reliefs from 2D monocular photographs based on soft-edge enhanced deep learning,"We propose a deep learning-based reconstruction method for three-dimensional (3D) cultural heritage objects, which are destroyed or disappear and thus are unavailable for 3D scanning to create digital archives. The proposed reconstruction method uses a single monocular photo and predicts its depth values based on a monocular depth estimation network. While most recent studies have focused on scenes with sharp (high-curvature) edges and large depth differences, such as indoor and outdoor scenes, the proposed method is designed to exert its performance on scenes with small depth differences and soft (low-curvature) edges. The key idea is to involve the soft edges as guidance information in the depth estimation network. We demonstrate the effectiveness of the proposed method by applying it to the hidden reliefs of the Borobudur temple, a UNESCO world heritage site. The hidden reliefs were buried behind stone walls and are no longer visible. The 3D information of the reliefs can only be estimated from their old monocular photos. We achieved 97% reconstruction accuracy for validation data. We also integrate the reconstructed hidden reliefs with 3D scanned data of the visible regions and execute see-through visualization for the integrated data. This visualization can simultaneously show us both visible regions and invisible regions of the temple.",2021,2021-12-06,article,en,33,44,True,hybrid,ISPRS Journal of Photogrammetry and Remote Sensing,journal,Jiao Pan; Liang Li; Hiroshi Yamaguchi; Kyoko Hasegawa; Fadjar I. Thufail; Brahmantara; Satoshi Tanaka,Nara National Research Institute for Cultural Properties; National Research and Innovation Agency; Ritsumeikan University; Universitas Borobudur,id; jp,2,1,Advanced Vision and Imaging; 3D Surveying and Cultural Heritage; Advanced Image and Video Retrieval Techniques,Monocular; Artificial intelligence; Computer vision; Computer science; Curvature; Visualization; 3D reconstruction; Enhanced Data Rates for GSM Evolution; Deep learning; Computer graphics (images); Key (lock); Geology; Mathematics; Geometry; Computer security,,,deep learning,1,jp,v1,2026-08-13
https://openalex.org/W4297035359,https://doi.org/10.1109/iiaiaai55812.2022.00013,MinpakuBERT: A Language Model for Understanding Cultural Properties in Museum,"In this paper, we propose a BERT model for understanding cultural properties in museum. BERT is a language model used in natural language processing. Generally, BERT is pre-trained on a large corpus and then fine-tuned on a specific task. Recently, additional learning for BERT has been reported to improve task performance in fine tuning. Therefore, we propose a BERT model for understanding cultural properties in museum (MinpakuBERT) by additional learning a BERT model using document data from the National Museum of Ethnology. To evaluate the performance of MinpakuBERT, we compared the performance of MinpakuBERT and pre-trained BERT by fine-tuning them on two tasks related to cultural properties. The two tasks for comparison were classification tasks using the OCM (Outline of Cultural Materials) label for function and the OWC (Outline of World Cultures) label for region. As a result, the performance of MinpakuBERT is higher than the pre-trained BERT model in the two tasks. In addition, the learning speed in fine tuning was also faster for MinpakuBERT than for the pre-trained BERT. The MinpakuBERT was published on a model-sharing website and made available as a language resource for anyone to use.",2022,2022-07-01,conference-paper,en,1,26,False,closed,2022 12th International Congress on Advanced Applied Informatics (IIAI-AAI),conference,Ryota Mibayashi; Masaki Ueta; Takafumi Kawahara; Naoaki Matsumoto; Takuma Yoshimura; Kenro Aihara; Noriko Kando; Yoshiyuki Shoji; Yuta Nakajima; Takehiro Yamamoto; Yusuke Yamamoto; Hiroaki Ohshima,Aoyama Gakuin University; National Institute of Informatics; Shizuoka University; The University of Osaka; Tokyo Metropolitan University; University of Hyogo,jp,1,0,Topic Modeling; Natural Language Processing Techniques; Computational and Text Analysis Methods,Computer science; Task (project management); Function (biology); Language model; Natural language processing; Artificial intelligence; Resource (disambiguation); Engineering; Computer network; Systems engineering; Biology; Evolutionary biology,,,natural language processing,1,jp,v1,2026-08-13
https://openalex.org/W4378907710,https://doi.org/10.1016/j.jas.2023.105777,Accelerating the discovery of new Nasca geoglyphs using deep learning,"We discuss an archaeological research of employing deep learning (DL) based object detection on high-resolution aerial photographs to discover Nasca geoglyphs, which have been designated as a UNESCO World Heritage Site. Owing to extremely limited archaeological ground truth data and their differences in scale and design, it is difficult to detect new geoglyphs merely training DL on the known geoglyphs. Therefore, we developed a pipeline of DL to mine such data and address the challenges unique to archaeology. With this approach, we identified four new geoglyphs in the northern area of the Nasca Pampa, namely: a humanoid, a pair of legs, a fish, and a bird. The geoglyphs got verified through on-site surveys. We could identify new geoglyph's candidates approximately 21 times faster than with the naked eye alone. The approach would be beneficial for the future of archaeology in a new paradigm of combining field survey and AI.",2023,2023-05-31,article,en,7,38,True,hybrid,Journal of Archaeological Science,journal,Masato Sakai; Yiru Lai; Jorge Olano Canales; Masao Hayashi; Kohhei Nomura,Archéologie des Amériques; IBM Research - Tokyo; Université Paris 1 Panthéon-Sorbonne; Yamagata University,fr; jp,2,1,Archaeological Research and Protection; Archaeology and ancient environmental studies; Forensic Anthropology and Bioarchaeology Studies,Archaeology; Pipeline (software); Ground truth; Deep learning; Object (grammar); Field (mathematics); World heritage; Computer science; Artificial intelligence; Geology; Geography; Mathematics; Pure mathematics; Programming language; Tourism,,,deep learning,1,jp,v1,2026-08-13
https://openalex.org/W4400688642,https://doi.org/10.1186/s40494-024-01340-z,MonuNet: a high performance deep learning network for Kolkata heritage image classification,"Abstract Kolkata, renowned as the City of Joy, boasts a rich tapestry of cultural heritage spanning centuries. Despite the significance of its architectural marvels, accessing comprehensive visual documentation of Kolkata's heritage sites remains a challenge. In online searches, limited imagery often fails to provide a detailed understanding of these historical landmarks. To address this gap, this paper introduces MonuNet, a high-performance deep-learning network specifically designed for the classification of heritage images from Kolkata. The development of MonuNet addresses the critical need for efficient and accurate identification of Kolkata's architectural marvels, which are significant tangible cultural heritages. The dataset used to train MonuNet is organized by heritage sites, each category within the dataset represents distinct sites. It includes images from 13 prominent heritage sites in Kolkata. For each of these sites, there are 50 images, making it a structured collection where each category (heritage site) is equally represented. The proposed network utilizes a unique architecture incorporating a Dense channel attention module and a Parallel-spatial channel attention module to capture intricate architectural details and spatial relationships within the images. Experimental evaluations demonstrate the superior performance of MonuNet in classifying Kolkata heritage images with an accuracy of 89%, Precision of 87.77%, and Recall of 86.61%. The successful deployment of MonuNet holds significant implications for cultural preservation, tourism enhancement, and urban planning in Kolkata, aligning with the United Nations Sustainable Development Goals (SDGs) for sustainable city development. By providing a robust tool for the automatic identification and classification of heritage images, MonuNet promises to enrich online repositories with detailed visual documentation, thereby enhancing accessibility to Kolkata's cultural heritage for researchers, tourists, and urban planners alike. Graphical Abstract",2024,2024-07-16,article,en,17,24,True,gold,Heritage Science,journal,A. Sasithradevi; Sabari Nathan; B. Chanthini; T. Subbulakshmi; P. Prakash,"Anna University, Chennai; Shibuya (Japan); Vellore Institute of Technology University",in; jp,2,1,Remote-Sensing Image Classification; Automated Road and Building Extraction; 3D Surveying and Cultural Heritage,Deep learning; Artificial intelligence; Pattern recognition (psychology); Computer science,,,deep learning,1,jp,v1,2026-08-13
https://openalex.org/W2963583921,https://doi.org/10.3390/hydrology6030064,"Land Use Change Detection and Prediction in Upper Siem Reap River, Cambodia","Siem Reap River has played a crucial role in maintaining the Angkor temple complex and livelihood of the people in the basin since the 12th century. Land use in this watershed has changed considerably over the last few decades, which is thought to have had an influence on river. This study was carried out as part of assessing the land use and climate change on hydrology of the upper Siem Reap River. The objective was to reconstruct patterns of annual deforestation from 1988 to 2018 and to explore scenarios of land use 40 and 80 years into the future. A supervised maximum likelihood classification was applied to investigate forest cover change in the last three decades. Multi-layer perceptron neural network-Markov chain (MLPNN-MC) was used to forecast land use and land cover (LULC) change for the years 2058 and 2098. The results show that there has been a significantly decreasing trend in forest cover at the rate 1.22% over the last three decades, and there would be a continuous upward trend of deforestation and downward trend of forest cover in the future. This study emphasizes the impacts of land use change on water supply for the Angkor temple complex (World Heritage Site) and the surrounding population.",2019,2019-07-25,article,en,35,54,True,gold,Hydrology,journal,Kosal Chim; Jon Tunnicliffe; Asaad Y. Shamseldin; Tetsuji Ota,Kyushu University; University of Auckland,jp; nz,2,1,Land Use and Ecosystem Services; Hydrology and Watershed Management Studies; Remote Sensing in Agriculture,"Deforestation (computer science); Land cover; Climate change; Land use; Land use, land-use change and forestry; Hydrology (agriculture); Livelihood; Watershed; Geography; Water resource management; Environmental science; Physical geography; Agriculture; Geology; Computer science; Programming language; Archaeology; Engineering; Civil engineering; Geotechnical engineering; Machine learning; Oceanography",,,neural network,1,jp,v1,2026-08-13
https://openalex.org/W7123348808,https://doi.org/10.1109/candarw68385.2025.00020,Automatic Monument Detection: Leveraging Deep Learning for Cultural Heritage Applications,"Architectural heritage links our present to the cultural achievements of past civilizations. Particularly in Nepal, where these monuments are found at nearly every corner of our living area. Recognizing and understanding the meaning of these structures is crucial for preserving history and enhancing the tourism experience. This research introduces an approach to recognizing different monuments of architectural heritage at the Patan Durbar Square site using mobile devices by fine-tuning MobileNetV2, a lightweight Convolutional Neural Network (CNN). For this research, we created our dataset by collecting 1832 images of 9 different monuments from Patan Durbar Square using a mobile phone camera. Then, we preprocessed those images by resizing them to $224 \times 224$, which is the input requirement of MobileNetV2, and applied augmentations to enhance the diversity in training data. Then, we split the dataset into training, validation, and test sets, with $70 \%$ of images assigned to the training set, $15 \%$ to the validation set, and $15 \%$ to the test set. We retrained MobileNetV2 using the transfer learning approach on the training and validation datasets. after training, we deployed the model to mobile devices by building a backend with FastAPI and integrating it into the mobile app developed with Flutter. After that, we used the mobile App to test the model on the test dataset, achieving a test accuracy of over $98.94 \%$ and performing notably well, even in low-light images. This finding demonstrates the capability of advanced AI techniques, such as CNN and Transfer Learning, in preserving cultural heritage and enhancing the tourism experience.",2025,2025-11-25,conference-paper,,0,0,False,closed,,,Santosh Giri; Jebish Purbey; Sunil Adhikari; Atsushi Ito; Babu R. Dawadi; Sushant Chalise; Sanjivan Satyal,Chuo University; Pulchowk Campus; Tribhuvan University,jp; np,2,1,3D Surveying and Cultural Heritage; Archaeological Research and Protection; Advanced Neural Network Applications,Deep learning; Cultural heritage; Mobile phone; Transfer of learning; Computer science; Convolutional neural network; Test (biology); Artificial intelligence; Mobile device; Artificial neural network; Multimedia; Human–computer interaction; Mobile telephony; Phone; Tourism; Big data; Meaning (existential); World Wide Web; Engineering; Mobile computing; Mobile apps; Test data,,,deep learning; neural network; convolutional,3,jp,v1,2026-08-13
https://openalex.org/W4319966425,https://doi.org/10.3390/rs15040956,Semantic Segmentation for Digital Archives of Borobudur Reliefs Based on Soft-Edge Enhanced Deep Learning,"Segmentation and visualization of three-dimensional digital cultural heritage are important analytical tools for the intuitive understanding of content. In this paper, we propose a semantic segmentation and visualization framework that automatically classifies carved items (people, buildings, plants, etc.) in cultural heritage reliefs. We also apply our method to the bas-reliefs of Borobudur Temple, a UNESCO World Heritage Site in Indonesia. The difficulty in relief segmentation lies in the fact that the boundaries of each carved item are formed by indistinct soft edges, i.e., edges with low curvature. This unfavorable relief feature leads the conventional methods to fail to extract soft edges, whether they are three-dimensional methods classifying a three-dimensional scanned point cloud or two-dimensional methods classifying pixels in a drawn image. To solve this problem, we propose a deep-learning-based soft edge enhanced network to extract the semantic labels of each carved item from multichannel images that are projected from the three-dimensional point clouds of the reliefs. The soft edges in the reliefs can be clearly extracted using our novel opacity-based edge highlighting method. By mapping the extracted semantic labels into three-dimensional points of the relief data, the proposed method provides comprehensive three-dimensional semantic segmentation results of the Borobudur reliefs.",2023,2023-02-09,article,en,8,59,True,gold,Remote Sensing,journal,Shenyu Ji; Jiao Pan; Liang Li; Kyoko Hasegawa; Hiroshi Yamaguchi; Fadjar I. Thufail; Brahmantara; Upik Sarjiati; Satoshi Tanaka,Nara National Research Institute for Cultural Properties; National Research and Innovation Agency; Ritsumeikan University; Universitas Borobudur,id; jp,2,1,3D Surveying and Cultural Heritage; Image Processing and 3D Reconstruction; 3D Shape Modeling and Analysis,Computer science; Segmentation; Artificial intelligence; Point cloud; Feature (linguistics); Computer vision; Point (geometry); Visualization; Enhanced Data Rates for GSM Evolution; Curvature; Image segmentation; Cultural heritage; Deep learning; Geography; Archaeology; Mathematics; Geometry; Philosophy; Linguistics,,,deep learning,1,jp,v1,2026-08-13
https://openalex.org/W3175016039,https://doi.org/10.5194/isprs-archives-xliii-b2-2021-577-2021,A DIGITAL ARCHIVE OF BOROBUDUR BASED ON 3D POINT CLOUDS,"Abstract. Three-dimensional point clouds are becoming popular representations for digital archives of cultural heritage sites. The Borobudur Temple, located in Central Java, Indonesia, was built in the 8th century. Borobudur is considered one of the greatest Buddhist monuments in the world and was listed as a UNESCO World Heritage site. We are developing a virtual reality system as a digital archive of the Borobudur Temple. This research is a collaboration between Ritsumeikan University, Japan, the Indonesian Institute of Sciences (LIPI), and the Borobudur Conservation Office, Indonesia. In our VR system, the following three data sources are integrated to form a 3D point cloud: (1) a 3D point cloud of the overall shape of the temple acquired by photogrammetry using a camera carried by a UAV, (2) a 3D point cloud obtained from precise photogrammetric measurements of selected parts of the temple building, and (3) 3D data of the hidden relief panels recovered from the archived 2D monocular photos using deep learning. Our VR system supports both the first-person view and the bird’s eye view. The first-person view allows immersive observation and appreciation of the cultural heritage. The bird’s eye view is useful for understanding the whole picture. A user can easily switch between the two views by using a user-friendly VR user interface constructed by a 3D game engine.",2021,2021-06-28,article,en,3,12,True,diamond,"The international archives of the photogrammetry, remote sensing and spatial information sciences/International archives of the photogrammetry, remote sensing and spatial information sciences",journal,Masafumi Kawato; Li Li; Kyoko Hasegawa; Motoaki Adachi; Hiroshi Yamaguchi; Fadjar I. Thufail; Sugeng Riyanto; Brahmantara; Satoshi Tanaka,Balai Arkeologi Sulawesi Selatan; Indonesian Institute of Sciences; Nara National Research Institute for Cultural Properties; Ritsumeikan University; Universitas Borobudur,id; jp,2,1,3D Surveying and Cultural Heritage; Augmented Reality Applications; Robotics and Sensor-Based Localization,Point cloud; Cultural heritage; Point (geometry); Photogrammetry; Computer science; Virtual reality; Interface (matter); Computer graphics (images); Geography; Visual arts; World Wide Web; Archaeology; Artificial intelligence; Art; Bubble; Maximum bubble pressure method; Parallel computing; Mathematics; Geometry,,,deep learning,1,jp,v1,2026-08-13
https://openalex.org/W4323929197,https://doi.org/10.1093/mnrasl/slad033,Chasing the impact of the <i>Gaia</i>-Sausage-Enceladus merger on the formation of the Milky Way thick disc,"ABSTRACT We employ our Bayesian Machine Learning framework BINGO (Bayesian INference for Galactic archaeOlogy) to obtain high-quality stellar age estimates for 68 360 red giant and red clump stars present in the 17th data release of the Sloan Digital Sky Survey, the APOGEE-2 high-resolution spectroscopic survey. By examining the denoised age-metallicity relationship of the Galactic disc stars, we identify a drop in metallicity with an increase in [Mg/Fe] at an early epoch, followed by a chemical enrichment episode with increasing [Fe/H] and decreasing [Mg/Fe]. This result is congruent with the chemical evolution induced by an early-epoch gas-rich merger identified in the Milky Way-like zoom-in cosmological simulation Auriga. In the initial phase of the merger of Auriga 18 there is a drop in metallicity due to the merger diluting the metal content and an increase in the [Mg/Fe] of the primary galaxy. Our findings suggest that the last massive merger of our Galaxy, the Gaia-Sausage-Enceladus, was likely a significant gas-rich merger and induced a starburst, contributing to the chemical enrichment and building of the metal-rich part of the thick disc at an early epoch.",2023,2023-03-11,article,en,53,49,True,hybrid,Monthly Notices of the Royal Astronomical Society Letters,journal,Ioana Ciucă; Daisuke Kawata; Yuan-Sen Ting; Robert J. J. Grand; A. Miglio; Michael Hayden; Junichi Baba; Francesca Fragkoudi; Stephanie Monty; Sven Buder; K. C. Freeman,"ARC Centre of Excellence for All-sky Astrophysics; ASTRO-3D; Australian National University; Durham University; Instituto de Astrofísica de Canarias; National Astronomical Observatory of Japan; National Institute for Astrophysics; Osservatorio di Astrofisica e Scienza dello Spazio; The Graduate University for Advanced Studies, SOKENDAI; The University of Sydney; Universidad de La Laguna; University College London; University of Bologna; University of Cambridge",au; es; gb; it; jp,5,1,"Stellar, planetary, and galactic studies; Gamma-ray bursts and supernovae; Astronomy and Astrophysical Research",Physics; Astrophysics; Metallicity; Milky Way; Stars; Galaxy; Astronomy; Galaxy formation and evolution; Sky; Chemical evolution,,,machine learning,1,jp,v1,2026-08-13
https://openalex.org/W3208534096,https://doi.org/10.1002/esp.5275,Fluvial palaeohydrology in the 21st century and beyond,"Abstract Professor Kenneth J. Gregory was a major contributor to fluvial palaeohydrological research. Beginning in the early 1980s, under his influence, rapid international growth of the discipline was accompanied by major advances in research methods and techniques. Current research emphases include applications of quantitative modelling and meta‐analysis; the correlation of fluvial events to other records, notably palaeolacustine records; and methods for application to diverse issues of river engineering and management. The international expansion and detailed analyses of fluvial palaeohydrology are exemplified by recent studies done in Fennoscandia, the Mediterranean region, India, Israel, Australia, Pacific humid island arcs, and South America. Future developments will involve expanded work with other academic disciplines, such as archaeology, as well as applications to practical problems arising from future climatic change and related environmental hazards, particularly extremes. Remote sensing and high‐resolution topography data and tools (e.g. LiDAR) will facilitate new discoveries of ancient exceptional flooding phenomena (megaflooding and superfloods) on Earth and on the palaeofluvial forms of Earth‐like planets. New opportunities will also arise from the increased use of machine learning and artificial intelligence for analyses of ‘big data’.",2021,2021-10-23,article,en,33,262,False,closed,Earth Surface Processes and Landforms,journal,Victor R. Baker; Gerardo Benito; Antony G. Brown; Paul A. Carling; Yehouda Enzel; Noam Greenbaum; Jürgen Herget; Vishwas S. Kale; Edgardo M. Latrubesse; Mark G. Macklin; Gerald C. Nanson; Takashi Oguchi; Varyl R. Thorndycraft; Yoav Ben Dor; Rami Zituni,Geological Survey of Israel; Hebrew University of Jerusalem; Museo Nacional de Ciencias Naturales; Royal Holloway University of London; Savitribai Phule Pune University; The University of Tokyo; UiT The Arctic University of Norway; Universidade Federal de Goiás; University of Arizona; University of Bonn; University of Haifa; University of Lincoln; University of Southampton; University of Wollongong,au; br; de; es; gb; il; in; jp; no; us,10,1,Geology and Paleoclimatology Research; Hydrology and Sediment Transport Processes; Geological formations and processes,Fluvial; Flooding (psychology); Geology; Earth science; Physical geography; Environmental resource management; Archaeology; Geography; Paleontology; Environmental science; Psychotherapist; Psychology; Structural basin,,,artificial intelligence; machine learning,2,jp,v1,2026-08-13
https://openalex.org/W4400118679,https://doi.org/10.1186/s40494-024-01334-x,ArchGPT: harnessing large language models for supporting renovation and conservation of traditional architectural heritage,"Abstract The renovation of traditional architecture contributes to the inheritance of cultural heritage and promotes the development of social civilization. However, executing renovation plans that simultaneously align with the demands of residents, heritage conservation personnel, and architectural experts poses a significant challenge. In this paper, we introduce an Artificial Intelligence (AI) agent, Architectural GPT (ArchGPT), designed for comprehensively and accurately understanding needs and tackling architectural renovation tasks, accelerating and assisting the renovation process. To address users’ requirements, ArchGPT utilizes the reasoning capabilities of large language models (LLMs) for task planning. Operating under the use of tools, task-specific models, and professional architectural guidelines, it resolves issues within the architectural domain through sensible planning, combination, and invocation. Ultimately, ArchGPT achieves satisfactory results in terms of response and overall satisfaction rates for customized tasks related to the conservation and restoration of traditional architecture.",2024,2024-06-28,article,en,47,28,True,gold,Heritage Science,journal,Jiaxin Zhang; Rikui Xiang; Zheyuan Kuang; Bowen Wang; Yunqin Li,Daejin University; Nanchang University; The University of Osaka,cn; jp; kr,3,1,3D Surveying and Cultural Heritage; Infrastructure Maintenance and Monitoring; Conservation Techniques and Studies,Architecture; Cultural heritage; Task (project management); Computer science; Process (computing); Inheritance (genetic algorithm); Architectural engineering; Plan (archaeology); Software engineering; Engineering; Systems engineering; Programming language; Archaeology; Biochemistry; History; Art; Gene; Visual arts; Chemistry,,,artificial intelligence; large language model,2,jp,v1,2026-08-13
https://openalex.org/W3158747064,https://doi.org/10.1007/s42803-022-00044-9,Recognition of Oracle Bone Inscriptions by using Two Deep Learning Models,,2022,2022-04-05,article,en,48,24,False,closed,International Journal of Digital Humanities,journal,Yoshiyuki Fujikawa; Hengyi Li; Xuebin Yue; C. V. Aravinda; G. Amar Prabhu; Lin Meng,Ritsumeikan University,jp,1,0,Handwritten Text Recognition Techniques; Currency Recognition and Detection; Image Processing and 3D Reconstruction,Computer science; Deep learning; Artificial intelligence; Oracle; Software engineering,,,deep learning,1,jp,v1,2026-08-13
https://openalex.org/W7167282365,https://doi.org/10.1145/3821568,WhiteTesseract: Reframing the Interpretation of Cultural Heritage through XR and Conversational AI,"Cultural heritage exhibitions often struggle to sustain attention and support reflective engagement. While physical exhibitions incorporate various interpretive aids, such as labels, audio guides, and tactile features, they often deliver fixed content that lacks adaptability to individual backgrounds or curiosity. Their effectiveness is highly dependent on a visitor's Personal Context, prior knowledge, cultural literacy, and interpretive confidence. Meanwhile, digital exhibitions often prioritize convenience and accessibility but risk weakening the Physical and Social Contexts that define embodied cultural experience. WhiteTesseract addresses this gap by enabling in-situ interpretation through high-resolution XR and conversational AI. The system integrates spatial intelligence via artwork recognition and perceptual modulation to allow visitors to selectively reduce environmental distractions (via diminished reality) and engage in context-aware dialogue (via large language models). The goal is to preserve the richness of the physical and social environment while providing a flexible space for personal reflection, enhancing Personal Context without compromising physical authenticity. We deployed the system in a Claude Monet exhibition and conducted a controlled user study with 27 recruited participants, among which 26 completed the entire experiment and were included in the analysis. Quantitative results showed that WhiteTesseract modulation significantly increased average viewing duration from 35.3 to 98.3 seconds ( p &lt; 0.001). In parallel, analysis of 529 visitor–AI interactions revealed that 60% extended beyond factual queries to include analytical, emotional, and comparative inquiries. These findings demonstrate how XR and AI can enrich the physical exhibition experience by supporting deeper, more personalized engagement without displacing the embodied value of cultural heritage. We discuss technical and social constraints for real-world deployment and limitations of our controlled experimental setting.",2026,2026-07-03,article,en,0,42,False,closed,Journal on Computing and Cultural Heritage,journal,Jingjing Li; Zhi Liu; X. Jin; Tatsuki Fushimi; Yoichi Ochiai,University of Tsukuba,jp,1,0,Innovative Human-Technology Interaction; Virtual Reality Applications and Impacts; Action Observation and Synchronization,Exhibition; Cognitive reframing; Interpretation (philosophy); Context (archaeology); Embodied cognition; Cultural heritage; Psychology; Perception; Sociology; Spatial contextual awareness; Social psychology; Space (punctuation); Usability; Value (mathematics); Adaptation (eye); Aesthetics; Human–computer interaction; Visual arts; Computer science; Social relation; Conversation; Social space; Cognitive psychology; Social environment; Variety (cybernetics); Multimedia,,,large language model,1,jp,v1,2026-08-13
https://openalex.org/W2755964124,https://doi.org/10.12962/j23378530.v2i2.a2846,Modified Convolutional Neural Network Architecture for Batik Motif Image Classification,"Batik is one of the cultural heritages of Indonesia that have many different motifs in each region as well as in its usage. However, the Indonesians sometimes not knowing the batik motif that they’re wearing every day, and sometimes they have a batik image without knowing batik information contained in their batik image. With the growing number of images of batik and batik motifs, a classification method that can classify various motifs of batik is required to automatically detect the motif from the batik image. Image processing using the Deep Learning especially for image classification is widely used recently because it has good results. The most popular method in deep learning is Convolutional Neural Network (CNN) which has been proved robust in natural images. This study offers a batik motif image classification system using CNN method with new network architecture developed by combining GoogLeNet and Residual Networks named IncRes. IncRes merges the Inception Module with Residual Network structure. With the 70.84% accuracy, the system can be used to classify the batik image motif accurately.",2017,2017-08-31,article,en,36,24,True,diamond,IPTEK Journal of Science,journal,Ardian Yusuf Wicaksono; Nanik Suciati; Chastine Fatichah; Keiichi Uchimura; Gou Koutaki,Kumamoto University; Sepuluh Nopember Institute of Technology,id; jp,2,1,Computer Science and Engineering; Image Retrieval and Classification Techniques; Handwritten Text Recognition Techniques,Motif (music); Artificial intelligence; Convolutional neural network; Computer science; Pattern recognition (psychology); Deep learning; Residual; Architecture; Computer vision; Contextual image classification; Image (mathematics); Art; Algorithm; Visual arts; Aesthetics,,,deep learning; neural network; convolutional,3,jp,v1,2026-08-13
https://openalex.org/W2566813475,https://doi.org/10.12948/issn14531305/20.4.2016.05,From Natural Language Text to Visual Models: A survey of Issues and Approaches,"Over the last 20 years, research groups focused on automating the process of extracting valuable information from Natural Language text in order to discover data and process models. In this context, several tools and approaches have been proposed. The overall objective of this survey is to examine existing literature works that transform textual specifications into visual models. This paper aims to give a comprehensive account of the existing tools meant to discover data and process models from natural language text. Our analysis focuses on approaches of these tools in the model extraction process and highlight issues of each proposed approach. In the case of object oriented software modelling of data models extraction we analyze the degree of automation, efficiency and completeness of the transformation process. Regarding process models extraction, the study is not limited only to business process discovery, but it also provides case studies from several fields such as medical or archaeological. Even if not all the tools developed are clearly depicting a Natural Language Processing technique, a review of each approach is presented.",2016,2016-12-28,article,en,17,87,True,diamond,Informatica Economica,journal,Cristina-Claudia Osman; Paula-Georgiana Zălhan,Babeș-Bolyai University; Translational Research Informatics Center (Japan),jp; ro,2,1,Semantic Web and Ontologies; Business Process Modeling and Analysis; Service-Oriented Architecture and Web Services,Natural language processing; Computer science; Natural language; Natural (archaeology); Linguistics; Artificial intelligence; Geography; Philosophy; Archaeology,,,natural language processing,1,jp,v1,2026-08-13
https://openalex.org/W4283160058,https://doi.org/10.5194/icg2022-499,Exploring the relations between archaeological/historical sites and topography in Japan and China by machine learning methods,"&amp;lt;p&amp;gt;The remains of archaeological and historical sites exist all over the world, and their existence provides the basis of research for many disciplines such as Archaeology, History, and Geography. The distribution of such sites is non-random since human behaviors are controlled by environmental conditions. People in the past depended much more on the natural environment than today because of the lack of advanced technology to cope with nature. Therefore, exploring the relationship between the locations of archaeological sites and surrounding environments is useful to understand why and how past people selected the location of sites. This research establishes a predictive model to determine factors affecting the distribution of the archaeological/historical sites in Japan and China and rank them according to the degree of relevance. Special attention is paid to the influence of topographic factors. The DEMs used for this study reflect the human transformation of land due to the construction of the archaeological/historical sites. To consider the geomorphological environment when the site location was selected, we vectorized the outline of each site, and data only outside of the polygon were used for analysis. Then the topographic condition around each archaeological site was evaluated based on buffer-ring analysis and zonal statistics. The results allowed us to construct a predictive model for the spatial distribution of the sites based on topographic conditions. The model utilizes the Attentional Factorization Machines (AFM) for pairwise factors exploration. Among the sites, 75% were used for model training, and 25% were used for performance tests. The resultant multivariate model suggests that topography and related hydrological conditions affected the site distribution, which is helpful to understand the interaction between ancient people and the environment.&amp;lt;/p&amp;gt;",2022,2022-06-20,conference-abstract,en,0,0,True,gold,,,Yuan Wang; Takashi Oguchi,The University of Tokyo,jp,1,0,Archaeological Research and Protection,Archaeology; Distribution (mathematics); Natural (archaeology); Pairwise comparison; Geography; China; Polygon (computer graphics); Historical geography; Relevance (law); Computer science; Economic geography; Artificial intelligence; Human geography; Political science; Mathematical analysis; Mathematics; Telecommunications; Frame (networking); Law,,,machine learning,1,jp,v1,2026-08-13
https://openalex.org/W7125176526,https://doi.org/10.1109/ieee-ch65308.2025.11279288,Cultural Heritage in the Age of Red and Green AI: Lessons from Four Case Studies,"The increasing adoption of Artificial Intelligence (AI) in Cultural Heritage (CH) raises important questions about its environmental sustainability. While AI promises enhanced restoration, visualization, and analysis capabilities, it often comes with a substantial energy footprint. This study explores the tension between Red AI—a term referring to high-performing but computationally expensive and environmentally taxing AI models—and Green AI, which emphasizes energy-efficient and sustainable Machine Learning (ML) practices. Through four case studies involving image enhancement, restoration, virtual heritage, and optical character recognition, we compare the energy consumption and execution times of AI-based and traditional approaches. The experiments were conducted using standard computer vision models and tools on a typical GPU-enabled workstation. Our findings reveal that although AI methods often yield superior results, they also tend to consume significantly more energy than traditional alternatives.",2025,2025-09-08,conference-paper,,0,21,False,closed,,,Enrico Barbierato; Alice Gatti,University of the Sacred Heart,jp,1,0,Conservation Techniques and Studies; 3D Surveying and Cultural Heritage; Advanced Neural Network Applications,Cultural heritage; Energy consumption; Energy (signal processing); Consumption (sociology); Artificial intelligence; Character (mathematics); Computer science; Term (time); Sociology; Efficient energy use; Yield (engineering); Environmental ethics; History; Sustainable development; Engineering; Cultural diversity; Energy conservation; Cultural background; Aesthetics; Environmental impact assessment; Architectural engineering; Data science; Virtual machine; Environmental economics; Political science; Machine vision,,,artificial intelligence; machine learning; computer vision,3,jp,v1,2026-08-13
https://openalex.org/W7171289822,https://doi.org/10.65890/dmp-lncse.iciccs26.205,Deep Learning Framework for Indian Heritage Site Classification and Virtual Tour Generation using Transfer Learning,"The Indian heritage sites represent several centuries of history, architecture, and diversity of various cultures. Creative approaches are required to secure accessibility and awareness, and to maintain and promote these places. Traditional methods of heritage interpretation often fail to deliver a detailed, scalable, and automated experience because they rely on human guides, fixed displays, or limited mobile applications. This paper proposes a deep learning-based system that integrates a virtual tour system and heritage site classification. We predict the 55 Indian monuments using the datasets (Kaggle + GitHub) with transfer learning using EfficientNetB0 and ResNet50. To improve generalisation, a unified dataset of 1,091 images was processed and augmented. The trained models achieved good classification performance and high validation accuracy (EfficientNetB0: 99.39%; ResNet50: 99.08%). To enhance cultural interaction, we combine the classifier with a virtual tour module that captures the inside and outside views of the architectural site, along with textual descriptions in JSON files, with each landmark having its own. Users can upload an architectural image, label the monument, and automatically navigate its interior via a structured virtual tour using a web-based GUI (React frontend + FastAPI backend). The proposed system addresses gaps in existing systems by being automated, scalable, and accessible. Future developments for this system include multilingual support, AR/VR support, and implementation as an offline mobile/web application to increase digital heritage preservation.",2026,2026-07-26,article,,0,0,True,hybrid,DMPedia Lecture Notes in Computer Science & Engineering,journal,Navneet Pratap Singh; Raghavender K.V; O.Obulesu3; Amarnath Manchuri,Education & Research Foundation; Nara Institute of Science and Technology,jp; us,2,1,3D Surveying and Cultural Heritage; Cultural Heritage Management and Preservation; Advanced Neural Network Applications,Computer science; JSON; Upload; Cultural heritage; Deep learning; Artificial intelligence; Classifier (UML); Transfer of learning; Landmark; Human–computer interaction; World Wide Web; Mobile device; Bridging (networking); Multimedia; Personalization; Rendering (computer graphics); Interpretation (philosophy); Deep neural networks,,,deep learning,1,jp,v1,2026-08-13
https://openalex.org/W7167016732,https://doi.org/10.1016/j.entcom.2026.101172,Archaeological-prototyping-based story generation with large language models: Envisioning technology development through science fiction,"Science fiction serves as a powerful medium for exploring future technologies and their societal impact, offering rich opportunities for entertainment experiences that engage audiences with speculative futures. However, existing AI-based story generation approaches often lack systematic grounding in social-cultural analysis, limiting their potential for creating meaningful interactive entertainment content. This paper presented a novel multi-agent system that combines the Archaeological Prototyping (AP) methodology with large language model collaboration to generate science fiction stories with enhanced diversity while maintaining quality. Our approach operated in two phases: first, we constructed an AP model through a three-stage pipeline using evidence-based modeling and multi-agent competitive prediction; second, we employed a hierarchical multi-agent architecture for narrative generation, where an Overseer Agent coordinated Setting and Outline Agents while maintaining consistency with the AP model. Experimental results demonstrated that compared with the baseline method, our multi-agent approach improved story diversity while maintaining quality—a trade-off that temperature-based approaches fail to achieve. The generated narratives can serve as foundations for various entertainment applications, including interactive fiction, games, and trans-media storytelling experiences. Lastly, this architectural pattern, combining deterministic structural grounding with multi-agent ideation, is transferable beyond the AP model to other domain-specific ontologies and structured knowledge frameworks.",2026,2026-07-02,article,en,0,11,True,hybrid,Entertainment Computing,journal,Zhang Menghan; Ibrahim Khan; Z. R. Ye; Ruck Thawonmas,Ritsumeikan University,jp,1,0,Digital Humanities and Scholarship; Digital Games and Media; Artificial Intelligence in Games,"Technology development; Computer science; Multimedia; Engineering ethics; Sci-Fi; Visual arts; Technology education; Language technology; Engineering; Sociology; Information technology; World Wide Web; Linguistics; Development (topology); Human–computer interaction; Media studies; Language development; Imaging technology; Science, technology and society",,,large language model,1,jp,v1,2026-08-13
https://openalex.org/W4415224679,https://doi.org/10.1145/3746264.3761800,"Panel - Multimodal Food Computing: Bridging Cultural Heritage, Artificial Intelligence, and Sustainable Food Futures","Recent advances in artificial intelligence (AI) - spanning computer vision, natural language processing, large language models, causal machine learning, and intelligent agents - together with data from wearable sensors, mobile devices, internet sources, official guidelines, and multimodal content such as speech, text, images, and videos, are enabling a more holistic understanding of food that goes far beyond nutrition. These rich and complex data streams create opportunities to advance health, sustainability, and cultural identity, while also raising challenges of heterogeneity, standardization, interoperability, scalability, transparency, bias, and cultural sensitivity. This panel, Multimodal Food Computing: Bridging Cultural Heritage, Artificial Intelligence, and Sustainable Food Futures, will explore emerging trends, challenges, and applications. Topics include multimodal representations of food, cultural preservation, translating data into actionable insights, and trustworthy AI. Panelists from leading institutions will share perspectives in an interactive discussion, aiming to foster cross-disciplinary collaboration and responsible innovation.",2025,2025-10-15,conference-paper,en,0,0,False,closed,,,Ramesh Jain; Yoko Yamakata; Maija Kāle; Partha Pratim Das; Stavroula Mougiakakou,"Ashoka University; University of Bern; University of California, Irvine; University of Latvia; University of Tokyo Hospital",ch; in; jp; lv; us,5,1,Digital Marketing and Social Media,Bridging (networking); Futures contract; Computer science; The Internet; Sociology; Sustainable development; Sustainable agriculture; Sustainability; Data science; Wearable computer; Food security; Knowledge management; Food systems; Cultural diversity; Big data; Cultural heritage; Business; Internet privacy; World Wide Web; Engineering,,,artificial intelligence; machine learning; computer vision; large language model; natural language processing,5,jp,v1,2026-08-13
https://openalex.org/W3171101525,https://doi.org/10.1145/3460426.3463636,GCNBoost: Artwork Classification by Label Propagation through a Knowledge Graph,"The rise of digitization of cultural documents offers large-scale contents, opening the road for development of AI systems in order to preserve, search, and deliver cultural heritage. To organize such cultural content also means to classify them, a task that is very familiar to modern computer science. Contextual information is often the key to structure such real world data, and we propose to use it in form of a knowledge graph. Such a knowledge graph, combined with content analysis, enhances the notion of proximity between artworks so it improves the performances in classification tasks. In this paper, we propose a novel use of a knowledge graph, that is constructed on annotated data and pseudo-labeled data. With label propagation, we boost artwork classification by training a model using a graph convolutional network, relying on the relationships between entities of the knowledge graph. Following a transductive learning framework, our experiments show that relying on a knowledge graph modeling the relations between labeled data and unlabeled data allows to achieve state-of-the-art results on multiple classification tasks on a dataset of paintings, and on a dataset of Buddha statues. Additionally, we show state-of-the-art results for the difficult case of dealing with unbalanced data, with the limitation of disregarding classes with extremely low degrees in the knowledge graph.",2021,2021-08-24,conference-paper,en,30,26,False,closed,,,Cheikh Brahim El Vaigh; Noa García; Benjamin Renoust; Chenhui Chu; Yuta Nakashima; Hajime Nagahara,Centre National de la Recherche Scientifique; DBV Technologies (France); Institut de Recherche en Informatique et Systèmes Aléatoires; Kyoto University; The University of Osaka; Université de Rennes,fr; jp,2,1,Generative Adversarial Networks and Image Synthesis; Aesthetic Perception and Analysis; Visual Attention and Saliency Detection,Computer science; Graph; Knowledge graph; Digitization; Artificial intelligence; Cultural heritage; Information retrieval; Machine learning; Theoretical computer science; History; Archaeology; Computer vision,,,knowledge graph; convolutional,2,jp,v1,2026-08-13
https://openalex.org/W4408157300,https://doi.org/10.1007/s10530-025-03553-0,"Deep learning-based detector of invasive alien frogs, Polypedates leucomystax and Rhinella marina, on an island at invasion front",,2025,2025-03-01,article,en,6,28,False,closed,Biological Invasions,journal,K. Kimura; Ibuki Fukuyama; Kinji Fukuyama,Hokkaido University; Keio University; Kyoto University; Wakayama University,jp,1,0,Amphibian and Reptile Biology; Species Distribution and Climate Change; Turtle Biology and Conservation,Biology; Alien; Invasive species; Alien species; Ecology; Front (military); Introduced species; Oceanography; Population; Sociology; Geology; Census; Demography,,,deep learning,1,jp,v1,2026-08-13
https://openalex.org/W2995071271,https://doi.org/10.1080/01691864.2019.1703811,Robot motion design using bunraku emotional expressions – focusing on Jo-Ha-Kyū in sounds and movements,"One of the UNESCO intangible cultural heritages Bunraku puppets can play one of the most beautiful puppet motions in the world. The Bunraku puppet motions can express emotions without the so-called ‘Uncanny Valley.’ We try to convert these emotional motions into robot affective motions so that robots can interact with human beings more comfortable. In so doing, in the present paper, we present a robot motion design framework using Bunraku affective motions that are based on the so-called ‘Jo-Ha-Kyū,’ and convert a few simple Bunraku motions into a robot motions using one of deep learning methods. Our primitive experiments show that Jo-Ha-Kyū can be incorporated into robot motion design smoothly, and some simple affective robot motions can be designed using our proposed framework.",2019,2019-12-18,article,en,16,9,False,closed,Advanced Robotics,journal,Ran Dong; Yang Chen; Dongsheng Cai; Shinobu Nakagawa; Tomonari Higaki; Nobuyoshi Asai,Osaka University of Arts; University of Aizu; University of Tsukuba,jp,1,0,Robotics and Automated Systems; Social Robot Interaction and HRI; Educational Robotics and Engineering,Robot; Motion (physics); Simple (philosophy); Computer science; Uncanny valley; Artificial intelligence; Human–computer interaction; Computer vision; Philosophy; Epistemology,,,deep learning,1,jp,v1,2026-08-13
https://openalex.org/W4403401495,https://doi.org/10.1186/s40494-024-01463-3,Styled and characteristic Peking opera facial makeup synthesis with co-training and transfer conditional styleGAN2,"Abstract Against the backdrop of the deep integration of culture and technology, research and practice in digitization of intangible cultural heritage has continued to deepen. However, due to the lack of data and training, it is still very difficult to apply artificial intelligence to the field of cultural heritage protection. This article integrates image generation technology into the digital protection of Peking opera facial makeup, using a self-built Peking opera facial makeup dataset. Based on the StyleGAN2 network, we propose a style generative cooperative training network Co-StyleGAN2, which integrates the adaptive data augmentation (ADA) to alleviate the problem of discriminator overfitting and introduces the idea of cooperative training to stabilize the training process. We design a Peking opera facial makeup image transform conditional generation network TC-StyleGAN2 which is transferred from unconditional generation network. The weights of the unconditional pre-training model are fixed, and an adaptive filtering modulation module is added to modulate the category parameters to complete the conversion from unconditional to conditional StyleGAN2 to deal with the training difficulty of conditional GANs on limited data, which suffer from severe mode collapse. The experimental results show that the proposed training strategy is better than the comparison algorithms, and the image generation quality and diversity have been improved.",2024,2024-10-14,article,en,9,40,True,gold,Heritage Science,journal,Yinghua Shen; Oran Duan; Xiaoyu Xin; Ming Yan; Zhe Li,Communication University of China; Osaka University of Human Sciences,cn; jp,2,1,Face recognition and analysis; Generative Adversarial Networks and Image Synthesis,Opera; Psychology; Visual arts; Art,,,artificial intelligence,1,jp,v1,2026-08-13
https://openalex.org/W7117967055,https://doi.org/10.3390/buildings16010211,Heritage Conservation and Management of Traditional Anhui Dwellings Using 3D Digitization: A Case Study of the Architectural Heritage Clusters in Huangshan City,"Traditional villages stand as irreplaceable treasures of global cultural heritage, embodying profound historical, cultural, and esthetic values. However, the accelerating pace of urbanization has exposed them to unprecedented threats, including structural degradation, loss of intangible cultural practices, and the homogenization of rural landscapes. In recent years, three-dimensional (3D) laser scanning, unmanned aerial vehicles (UAVs), and other advanced geospatial technologies have been increasingly applied in the conservation and restoration of architectural heritage. The digital documentation of traditional dwellings not only ensures the accuracy and efficiency of conservation efforts but also minimizes physical intervention, thereby safeguarding the authenticity and integrity of heritage sites. This study examines the architectural characteristics and conservation challenges of traditional Huizhou dwellings in Huangshan City, Anhui Province, by integrating oblique photogrammetry, terrestrial laser scanning (TLS), and 3D modeling. Close-range photogrammetry, combined with image matching algorithms and computer vision techniques, was used to produce highly detailed 3D models of historical structures. UAV-based data acquisition was further employed to generate Heritage Building Information Modeling (HBIM) from point cloud datasets, which were subsequently pre-processed and denoised for restoration simulations. In addition, HBIM was utilized to conduct quantitative analyses of architectural components, providing critical support for heritage management and decision-making in conservation planning. The findings demonstrate that 3D digitization offers a sustainable and replicable model for the protection, revitalization, and adaptive reuse of traditional villages, contributing to the long-term preservation of their cultural and architectural legacy.",2026,2026-01-02,article,en,4,32,True,gold,Buildings,journal,Jianfu Chen; Jie Zhong; Qingqian Ning; Zhengjia Xu; Hiroatsu Fukuda,Anhui Jianzhu University; Southeast University; The University of Kitakyushu; West Anhui University,cn; jp,2,1,3D Surveying and Cultural Heritage; Cultural Heritage Management and Preservation; Archaeological Research and Protection,Cultural heritage; Architectural engineering; Digitization; Point cloud; Documentation; Geography; Environmental resource management; Architecture; Urbanization; Engineering; Civil engineering; Urban planning; Nexus (standard); Environmental planning; Architectural pattern; Architectural technology; Pace; Laser scanning; Geospatial analysis; Computer science; Safeguarding; Cloud computing; Built environment; Geomatics,,,computer vision,1,jp,v1,2026-08-13
https://openalex.org/W4411246425,https://doi.org/10.21608/sjfa.2025.375086.1115,الألعاب الرقمية التفاعلية كوسيلة لحفظ التراث وتعزيز الهوية الثقافية INTERACTIVE DIGITAL GAMES AS A TECHNOLOGICAL TOOL FOR CULTURAL HERITAGE PRESERVATION AND IDENTITY ENHANCEMENT,"In the past decade, digital games have evolved from mere entertainment tools into multifaceted platforms for education, training, and even scientific research, thanks to their ability to merge artistic and technical dimensions into interactive experiences that influence user behavior and cognition. The rapid advancement of 3D graphics and immersive audio technologies has enabled designers to craft detailed virtual environments that reflect cultural narratives and historical settings, increasing user engagement and immersion.This development goes beyond visual fidelity and extends into artificial intelligence, which allows games to adapt dynamically to players' behavior. Algorithms such as A* help determine optimal movement paths, while Behavior Trees organize the actions of non-playable characters (NPCs) to mimic lifelike behavior.These innovations have positioned digital games as effective mediums for transmitting cultural knowledge. By integrating heritage elements into gameplay—such as through puzzles and challenges—players are encouraged to explore historical content in nontraditional, engaging ways. This study thus aims to analyze how visual design and AI can be utilized in support of cultural issues, offering a practical model that demonstrates the potential of these technologies to preserve civilizational identity.",2025,2025-06-01,article,ar,0,0,True,diamond,Al-Dawriyyaẗ Al-ʿilmiyyaẗ Li Kulliyyaẗ Al-Funūn Al-Ǧamīlaẗ/Al-Dawriyyaẗ Al-ʿilmiyyaẗ Li Kulliyyaẗ Al-Funūn Al-Ǧamīlaẗ,journal,Amr Moustafa Abdelaziz Ebeid,Tokyo University of the Arts,jp,1,0,3D Surveying and Cultural Heritage; Augmented Reality Applications,Identity (music); Cultural heritage; Aesthetics; Human–computer interaction; Multimedia; Sociology; Visual arts; Art; Computer science; History; Archaeology,,,artificial intelligence,1,jp,v1,2026-08-13
https://openalex.org/W2807193205,https://doi.org/10.5194/isprs-archives-xlii-2-753-2018,ON A FUNDAMENTAL EVALUATION OF A UAV EQUIPPED WITH A MULTICHANNEL LASER SCANNER,"Abstract. Unmanned aerial vehicles (UAVs), which have been widely used in various fields such as archaeology, agriculture, mining, and construction, can acquire high-resolution images at the millimetre scale. It is possible to obtain realistic 3D models using high-overlap images and 3D reconstruction software based on computer vision technologies such as Structure from Motion and Multi-view Stereo. However, it remains difficult to obtain key points from surfaces with limited texture such as new asphalt or concrete, or from areas like forests that may be concealed by vegetation. A promising method for conducting aerial surveys is through the use of UAVs equipped with laser scanners. We conducted a fundamental performance evaluation of the Velodyne VLP-16 multi-channel laser scanner equipped to a DJI Matrice 600 Pro UAV at a construction site. Here, we present our findings with respect to both the geometric and radiometric aspects of the acquired data.",2018,2018-05-30,article,en,6,2,True,diamond,"The international archives of the photogrammetry, remote sensing and spatial information sciences/International archives of the photogrammetry, remote sensing and spatial information sciences",journal,Kazuya Nakano; H. Suzuki; Kiyohiro Omori; Katsumi Hayakawa; Masahiro Kurodai,Asahi Kasei (Japan); Tokyo Denki University,jp,1,0,3D Surveying and Cultural Heritage; Remote Sensing and LiDAR Applications; Archaeological Research and Protection,Laser scanning; Computer science; Computer vision; Structure from motion; Photogrammetry; Scanner; Remote sensing; Key (lock); Artificial intelligence; Software; Aerial survey; Computer graphics (images); Laser; Motion (physics); Geology; Optics; Computer security; Physics; Programming language,,,computer vision,1,jp,v1,2026-08-13
https://openalex.org/W4411369357,https://doi.org/10.3390/buildings15122091,Understanding the Influence of Environmental Elements on Spatial Attractiveness in a Jiangnan Water Town Through Computer Vision Techniques,"Traditional Jiangnan water towns in China serve as important cultural heritage sites and tourist destinations. Existing studies have revealed a potential connection between environmental elements and spatial perception in these towns. However, there remains a lack of research systematically investigating whether and how these environmental elements influence subjective evaluation indicators, such as spatial attractiveness, and the mechanisms underlying the interactions between these elements. To further understand these mechanisms, we used Nanxun Old Town as our study site, employed computer vision techniques to perform semantic segmentation on street-view images, extracted the visual proportions of environmental elements, and conducted quantitative correlation analysis with subjective attractiveness evaluations. The findings indicate that different environmental elements in water towns shape spatial imagery in diverse ways, thereby influencing perceived attractiveness. Firstly, though space-defining elements such as buildings and water generally contribute positively to perceived attractiveness, their proportions should be controlled within a reasonable range to maintain a spatial scale that aligns with the traditional imagery of water towns. Secondly, foreground elements like boats and lanterns, although occupying a smaller proportion, can effectively enhance the space when properly combined. Finally, the influence of elements such as bridges and buildings depends on the specific viewing distance and angle. These findings, based on an interpretable analytical framework, reveal that the effects of environmental elements on spatial attractiveness are context-dependent and nonlinear, varying with their proportions, combinations, and perspectives. This approach offers a more comprehensive understanding of the mechanisms by which environmental elements shape spatial attractiveness, providing a scientific foundation for regulating key visual components and optimizing spatial composition for sustainable traditional water town environment management.",2025,2025-06-17,article,en,4,68,True,gold,Buildings,journal,Chenpeng Xu; Hongshi Cao; Zhengwei Xia; Xinjie You; Zixuan Wang,Huzhou Normal University; Soochow University; State Administration of Cultural Heritage; The University of Tokyo,cn; jp,2,1,Impact of Light on Environment and Health; Land Use and Ecosystem Services; Urban Green Space and Health,Attractiveness; Architectural engineering; Computer science; Geography; Engineering; Remote sensing; Artificial intelligence; Aesthetics; Art,,,computer vision,1,jp,v1,2026-08-13
https://openalex.org/W2997187604,https://doi.org/10.1002/rcm.8720,A protocol for using attenuated total reflection Fourier‐transform infrared spectroscopy for pre‐screening ancient bone collagen prior to radiocarbon dating,"Rationale Pre‐screening of bone collagen quality is important to reduce the cost for analyses such as radiocarbon ( 14 C) dating with accelerator mass spectrometry in archaeological studies. We developed a pre‐screening protocol based on attenuated total reflection (ATR) Fourier‐transform infrared spectroscopy (FTIR) for assessing the chemical composition and mineralogy of ancient bone samples. Methods ATR‐FTIR measurements were performed on bulk bones of diverse origin and age before collagen extraction. The percentage nitrogen of bulk bones, as well as the weight percentage, and the percentage carbon and nitrogen of extracted organic matter were noted. Several machine learning algorithms were applied to the spectral data and compared for their efficacy in screening for well preserved collagen. Results The results showed that (a) the first derivative of the spectral data was better suited to screening than the raw FTIR data, especially for a wider spectral range and (b) certain classification algorithms [e.g. gradient boosting machine (GBM)] were able to efficiently predict the degree of preservation in bone samples. Conclusions This pre‐screening protocol can serve as a fast, concise and inexpensive pre‐screening tool for determining relative degrees of preservation before collagen extraction and subsequent 14 C dating. The screening power based on the machine learning techniques can be further improved by accumulating the FTIR spectral data of bones.",2020,2020-01-03,article,en,9,35,False,closed,Rapid Communications in Mass Spectrometry,journal,Yuichi I. Naito; Masako Yamane; Hiroyuki Kitagawa,Nagoya University,jp,1,0,Archaeology and ancient environmental studies; Cultural Heritage Materials Analysis; Collagen: Extraction and Characterization,Fourier transform infrared spectroscopy; Attenuated total reflection; Fourier transform; Radiocarbon dating; Mass spectrometry; Materials science; Chemistry; Analytical Chemistry (journal); Mineralogy; Computer science; Geology; Mathematics; Chromatography; Optics; Physics; Paleontology; Mathematical analysis,,,machine learning,1,jp,v1,2026-08-13
https://openalex.org/W4401818256,https://doi.org/10.21203/rs.3.rs-4776972/v1,Perception of Landscape and Cultural Landscape Sustainability—Evidence from Multisensory Descriptions in Online Reviews Using Deep Learning Methods,,2024,2024-08-23,preprint,en,1,99,True,green,Research Square,repository,Jiao Zhang; Yangyang Shi; Liang Zhao; Chenshu Cai; Katsunori Furuya,Chiba University; Hangzhou Normal University; KU Leuven; South China Agricultural University; Zhejiang University,be; cn; jp,3,1,Urban Green Space and Health; Animal and Plant Science Education; Land Use and Ecosystem Services,Perception; Sustainability; Geography; Psychology; Artificial intelligence; Computer science; Ecology; Biology; Neuroscience,,,deep learning,1,jp,v1,2026-08-13
https://openalex.org/W3004377989,https://doi.org/10.1109/icdar.2019.00103,KuroNet: Pre-Modern Japanese Kuzushiji Character Recognition with Deep Learning,"Kuzushiji, a cursive writing style, had been used in Japan for over a thousand years starting from the 8th century. Over 3 millions books on a diverse array of topics, such as literature, science, mathematics and even cooking are preserved. However, following a change to the Japanese writing system in 1900, Kuzushiji has not been included in regular school curricula. Therefore, most Japanese natives nowadays cannot read books written or printed just 150 years ago. Museums and libraries have invested a great deal of effort into creating digital copies of these historical documents as a safeguard against fires, earthquakes and tsunamis. The result has been datasets with hundreds of millions of photographs of historical documents which can only be read by a small number of specially trained experts. Thus there has been a great deal of interest in using Machine Learning to automatically recognize these historical texts and transcribe them into modern Japanese characters. Nevertheless, several challenges in Kuzushiji recognition have made the performance of existing systems extremely poor. To tackle these challenges, we propose KuroNet, a new end-to-end model which jointly recognizes an entire page of text by using a residual U-Net architecture which predicts the location and identity of all characters given a page of text (without any pre-processing). This allows the model to handle long range context, large vocabularies, and non-standardized character layouts. We demonstrate that our system is able to successfully recognize a large fraction of pre-modern Japanese documents, but also explore areas where our system is limited and suggest directions for future work.",2019,2019-09-01,conference-paper,en,59,26,False,closed,,,Tarin Clanuwat; Alex Lamb; Asanobu Kitamoto,National Institute of Informatics; Université de Montréal,ca; jp,2,1,Handwritten Text Recognition Techniques; Image Retrieval and Classification Techniques; Image Processing and 3D Reconstruction,Computer science; Cursive; Context (archaeology); Character (mathematics); Artificial intelligence; Optical character recognition; Deep learning; Identity (music); Architecture; Curriculum; World Wide Web; Style (visual arts); History; Psychology; Mathematics; Archaeology; Physics; Geometry; Acoustics; Pedagogy; Image (mathematics),,,machine learning; deep learning,2,jp,v1,2026-08-13
https://openalex.org/W7147438924,https://doi.org/10.1007/978-3-032-13469-1_188,Structural Monitoring and Analysis of Heritage Monument in Angkor Thom Using NARX Neural Network,,2026,2026-01-01,conference-paper,en,0,7,False,closed,Rilem bookseries,book series,Shunsuke Yamada; Mitsuharu Fukuda; Yoshinori Iwasaki,"Kumamoto University; National Institute of Technology, Kumamoto College; Yasuda Women's University",jp,1,0,Structural Health Monitoring Techniques; Hydrological Forecasting Using AI; Seismology and Earthquake Studies,Nonlinear autoregressive exogenous model; Displacement (psychology); Tower; Artificial neural network; Masonry; Engineering; Nonlinear system; Deformation monitoring; Environmental science; Civil engineering; Autoregressive model; Continuous monitoring; Terrain; Structural engineering; Air temperature; Computer science; Structural health monitoring,,,neural network,1,jp,v1,2026-08-13
https://openalex.org/W2517528211,https://doi.org/10.4116/jaqua.54.207,"An ecological niche modelling of Upper Palaeolithic stone tool groups in the Kanto-Koshinetsu region, eastern Japan","Ecological niche modelling (ENM) is a computer-based method to extrapolate the niche probability of a species through machine learning using (1) known location of a species’ occurrence and (2) environmental factors such as temperature, precipitation and elevation. ENM is applicable to prehistoric archaeology based on the assumption that human behaviour and niche constructions were largely constrained by environmental factors. This paper applies ENM to a large-scale data of Upper Palaeolithic (UP) occupations in the Kanto-Koshinetsu region of eastern Japan in order to quantitatively assess and visualise ecological niche of UP populations to understand their behavioural strategies. Spatial niche probability was calculated with reconstructed palaeoclimatic data and landform indices for the Last Glacial Maximum (21ka), taking into consideration four major lithic groups (trapezoids, kakusuijo-sekki, backed blades and microliths), which may reflect different strategies in resource procurement. Results indicated that niche probability was generally high in Musashino, Sagamino and Shimousa uplands in the southern Kanto region, although the observed site distribution was probably biased by intensive rescue excavations due to urban developments. The distance to the obsidian outcrops in the central highland remarkably contributed to the model. A closer look revealed two patches of high niche probability area in the Hakone mountains for the kakusuijo-sekki, backed blades and microliths. These patches were probably parts of a ‘niche corridor’ in association with the transportation of obsidian raw materials between the central highland and Hakone area via the Fujikawa valley.",2015,2015-01-01,article,en,6,48,True,bronze,The Quaternary Research (Daiyonki-Kenkyu),journal,Yasuhisa Kondo,Research Institute for Humanity and Nature,jp,1,0,Pleistocene-Era Hominins and Archaeology; Species Distribution and Climate Change; Geology and Paleoclimatology Research,Niche; Landform; Ecological niche; Environmental niche modelling; Geography; Ecology; Upper Paleolithic; Physical geography; Archaeology; Habitat; Cartography; Biology,,,machine learning,1,jp,v1,2026-08-13
https://openalex.org/W3033592029,https://doi.org/10.1080/17508975.2020.1764327,"Senses, experiences, emotions, memories: artificial intelligence <i>as a design</i> instead of <i>for a design</i> in contemporary Japan","This paper approaches the technology of artificial intelligence (hereinafter AI) as a design-based praxis emerging from the domain of arts and humanities. The problematic of AI as a design instead of for a design has been approached through the stages of ephemeral interactive and immersive media installations and their permanent physicalizations as in media museums. Through some forty-eight interactive and immersive media installations that exemplify the physicalization of immaterial humanistic characteristics of senses, experiences, emotions and memories, and by studying their permanent physicalized hybridizations as in media museums, this paper attempts to build a pioneering case that AI can also be exploited as a design instead of its traditional image of for a design. The inclusion of Japanese perspectives in this case acts as a reminder of particular design traits resulting in the enrichment of this study instead of as being a discriminative indicator.",2020,2020-06-04,article,en,11,12,False,closed,Intelligent Buildings International,journal,Danyal Ahmed,Tohoku University,jp,1,0,Aesthetic Perception and Analysis; Museums and Cultural Heritage; Digital Media and Philosophy,Ephemeral key; Praxis; Humanism; Media arts; Human–computer interaction; Domain (mathematical analysis); Multimedia; New media; Computer science; Visual arts; World Wide Web; Art; Epistemology; Political science; Mathematical analysis; Law; Mathematics; Philosophy; Algorithm,,,artificial intelligence,1,jp,v1,2026-08-13
https://openalex.org/W4313484889,https://doi.org/10.1109/icamechs57222.2022.10003391,Research on Deep Learning-based Cross-disciplinary Applications,"Currently, with the development of artificial intelligence, deep learning is widely applied in several disciplines. This paper presents several cross-disciplinary studies on deep learning, including deep learning for preserving ancient cultural heritage, solving social problems, and industry application. Ancient documents contain a great deal of historical information that needs to be preserved. Therefore, the deep learning-based You Only Look Once is applied to the preservation of ancient cursive script and Oracle Bone inscriptions. Moreover, deep learning effectively solves the problem of lack of labor. Deep learning-based robots are used for tableware recycling. The object detection algorithm provides fast recognition. At the same time, the application of deep learning-based image classification algorithms for egg and apple classification. However, deep learning models are becoming more complex. Finally, research on deep learning in high-performance computing with model compression and acceleration, FPGAs, and neural architecture search is discussed.",2022,2022-12-17,conference-paper,en,7,31,False,closed,,,Zhuo Li; Lin Meng,Ritsumeikan University,jp,1,0,Image Processing and 3D Reconstruction; Currency Recognition and Detection; Advanced Neural Network Applications,Deep learning; Artificial intelligence; Computer science; Oracle; Architecture; Machine learning; Software engineering; Archaeology; History,,,artificial intelligence; deep learning,2,jp,v1,2026-08-13
https://openalex.org/W4412389278,https://doi.org/10.3390/buildings15142459,Research on Heritage Conservation and Development of Chinese Ancient Towns and Historic Districts Based on Knowledge Graph Analysis,"Historic districts of ancient towns serve as significant carriers of historical and cultural heritage while also being popular tourist destinations. Within the context of urbanization and organic renewal, the protection and development of historic districts have become crucial research topics. This study collects literature from the Web of Science database and applies manual screening to ensure relevance to the research theme. Using CiteSpace as an analytical tool, the study conducts a visual analysis from multiple perspectives, including keywords, writing time, authors, centrality, keyword clustering analysis, and timeline visualization. By constructing a knowledge graph, this research explores the key pathways and knowledge nodes in the organic renewal of spatial environments in historic districts of ancient towns. Based on literature clustering, the study categorizes research into four major aspects: heritage conservation, cultural and tourism development, spatial planning and design, and environmental enhancement. Based on this, universal strategies for the cultural and tourism development of historic districts in ancient towns are proposed. The research focus shifts from emphasizing cultural heritage preservation to the integrated development of culture and tourism. In the spatial development of historic districts, everyday life scenes should be incorporated while new technologies should be utilized to enhance environmental comfort. This paper summarizes the current research frontiers in this field and proposes future research trends, providing valuable references for scholars in related areas.",2025,2025-07-14,article,en,4,55,True,gold,Buildings,journal,Jin Wu; Hiroatsu Fukuda,The University of Kitakyushu,jp,1,0,Cultural Heritage Management and Preservation,Geography; Environmental planning; Architectural engineering; Environmental resource management; Engineering; Archaeology; Environmental science,,,knowledge graph,1,jp,v1,2026-08-13
https://openalex.org/W4402474828,https://doi.org/10.1109/access.2024.3459419,Automating Manga Character Analysis: A Robust Deep Vision-Transformer Approach to Facial Landmark Detection,"Comics, particularly Japanese manga, are a powerful medium that blends images and text to convey ideas and encapsulate a unique cultural heritage. Going beyond mere entertainment, manga merges diverse styles and content deeply rooted in Japanese cultural heritage. This study utilizes computer vision analysis, with a specific focus on facial landmark detection, acknowledging the growing significance of technology in analyzing manga images. Through a comprehensive exploration of various methods, the research identifies the extended version of Bidirectional Encoder Representations from Transformers (BERT), BERT Pre-Training of Image Transformers (BEiT), model as a standout performer due to its efficiency and effectiveness. The BEiT model’s success lies in its ability to extract facial features, consequently establishing itself as a go-to solution for landmark detection on manga faces. The outcomes achieved the lowest Failure Rate compared to other landmark detection networks, with a Failure Rate of approximately 9.4% and a Mean Average Error of about 4.6 pixels. Beyond its technical accomplishments, this study carries a cultural significance, contributing to the ongoing narrative of manga in Japan.",2024,2024-01-01,article,en,3,32,True,gold,IEEE Access,journal,Sirawich Vachmanus; Noppanan Phinklao; Naruparn Phongsarnariyakul; Thanat Plongcharoen; Seiji Hotta; Suppawong Tuarob,Mahidol University; Tokyo University of Agriculture and Technology,jp; th,2,1,Handwritten Text Recognition Techniques; Vehicle License Plate Recognition; Face recognition and analysis,Landmark; Artificial intelligence; Computer science; Computer vision; Transformer; Character recognition; Pattern recognition (psychology); Character (mathematics); Image (mathematics); Engineering; Mathematics; Electrical engineering; Geometry; Voltage,,,computer vision,1,jp,v1,2026-08-13
https://openalex.org/W7171374909,https://doi.org/10.3390/engproc2026143050,Quantitative Evaluation of Museum Exhibition Layouts Using Visitor Flow Analysis,"Exhibition layouts in museums strongly influence visitors’ learning and viewing experiences, yet their evaluation often relies on curators’ subjective judgments. This study aims to provide objective behavioral data through visitor flow analysis to support evidence-based exhibition design. Single-board computers installed in the museum exhibition rooms serve as sensors to detect humans in captured images using machine learning. Detected positions are projected onto a floor map using a homography transformation to reconstruct visitors’ spatiotemporal behavior. The proposed system enables server-side real-time analysis and visualization, allowing curators to quickly and objectively understand visitor movement patterns.",2026,2026-07-24,conference-paper,,0,20,True,gold,,,Ryuki Kito; Shigeo Takahashi; Yukihide Kohira; Yohei Nishidate; Rentaro Yoshioka,University of Aizu,jp,1,0,,Exhibition; Visitor pattern; Transformation (genetics); Computer science; Visual arts; Engineering; Flow (mathematics); Human–computer interaction; Computer graphics (images); Artificial intelligence; Computer vision; Homography; Multimedia; Data transformation; Visualization; Movement (music); Doors; Data collection,,,machine learning,1,jp,v1,2026-08-13
https://openalex.org/W4393970611,https://doi.org/10.1145/3640543.3645211,SpaceEditing: A Latent Space Editing Interface for Integrating Human Knowledge into Deep Neural Networks,"Human-centered AI aims to bridge the gap between machine decision-making and human understanding. However, even for classification tasks where deep neural networks have achieved superb performance, there are currently few methods that link humans and AI well, especially on domain-specific tasks. In this paper, we propose SpaceEditing, a 2D spatial layout tool that enables human users to interact with the latent space of deep neural networks. During the interaction process, the tool’s algorithm automatically processes user actions, providing feedback to the network and leveraging triplet loss to effectively learn from user-modified information. We evaluate SpaceEditing with three case studies: (1) an archaeology researcher uses a bronze dataset; (2) a deep learning researcher uses a garbage classification dataset; (3) six deep learning beginners use a head pose dataset. The experimental results demonstrate the effectiveness of our tool in integrating human knowledge and improving network performance.",2024,2024-03-18,conference-paper,en,3,55,True,gold,,,Jiafu Wei; Ding Xia; Haoran Xie; Chia-Ming Chang; Chuntao Li; Xi Yang,Japan Advanced Institute of Science and Technology; Jilin Medical University; Jilin University; The University of Tokyo,cn; jp,2,1,Advanced Neural Network Applications; Human Pose and Action Recognition; 3D Surveying and Cultural Heritage,Computer science; Artificial intelligence; Deep learning; Bridge (graph theory); Artificial neural network; Process (computing); Domain (mathematical analysis); Machine learning; Interface (matter); Domain knowledge; Space (punctuation); Human–computer interaction; Deep neural networks; Maximum bubble pressure method; Operating system; Mathematical analysis; Internal medicine; Parallel computing; Bubble; Medicine; Mathematics,,,deep learning; neural network,2,jp,v1,2026-08-13
https://openalex.org/W4367187799,https://doi.org/10.1016/j.jasrep.2023.104003,Classification of unexposed potsherd cavities by using deep learning,,2023,2023-04-27,article,en,5,30,False,closed,Journal of Archaeological Science Reports,journal,Israel Mendonça; Mai Miyaura; Tirana Noor Fatyanosa; Daiki Yamaguchi; Hanami Sakai; Hiroki Obata; Masayoshi Aritsugi,Kumamoto University,jp,1,0,Image Processing and 3D Reconstruction; Archaeological Research and Protection; Cultural Heritage Materials Analysis,Pottery; Convolutional neural network; Artificial intelligence; Deep learning; Computer science; Archaeology; Pattern recognition (psychology); Geography,,,deep learning,1,jp,v1,2026-08-13
https://openalex.org/W7169544510,https://doi.org/10.1007/978-3-032-22592-4_27,Development of Human Detection System Using Thermography With Convolutional Neural Network in Smart Museum,,2026,2026-01-01,conference-paper,en,0,9,False,closed,"Smart innovation, systems and technologies",book series,Kazuki Maetsubo; Shingo Tetsuka; Takaharu Kasayuki; Yukihide Kohira; Rentaro Yoshioka,University of Aizu,jp,1,0,,Convolutional neural network; Computer science; Artificial intelligence; Thermography; Computer vision; Ground truth; Deep learning; Artificial neural network; Inference; Pattern recognition (psychology); Object detection; High resolution; Energy (signal processing); Image resolution; Feature extraction; Power (physics); Machine learning; Visualization; Data modeling; Resolution (logic); Data mining,,,neural network; convolutional,2,jp,v1,2026-08-13
https://openalex.org/W4412119619,https://doi.org/10.1145/3719384.3719418,Empirical Analysis of Image-Based 3D Reconstruction Technique for Museum Artifacts Incorporating Artificial Features,"This paper investigates the enhancement of 3D computer vision and object reconstruction techniques by integrating artificial features into scenes. By reconstructing the spatial layout and geometry of objects from two-dimensional images taken from various viewpoints, the impact of these artificial features on the accuracy and quality of the resulting digital models is assessed. Through a case study on a museum artifact, the reconstruction results are compared with and without the inclusion of artificial features, highlighting improvements in detail and fidelity. The research emphasizes the significance of incorporating artificial features for different artifacts and suggests further development of universal platform designs to optimize the reconstruction process.",2024,2024-12-14,conference-paper,en,0,32,True,gold,,,Tomas Fiala; Muto Meilan; Rebeka Sultana; Radim Šára; Ikuko Shimizu,Czech Technical University in Prague; Tokyo University of Agriculture and Technology,cz; jp,2,1,3D Surveying and Cultural Heritage; Advanced Vision and Imaging; Optical measurement and interference techniques,Computer science; Artificial intelligence; Computer vision; Image (mathematics); Iterative reconstruction; Computer graphics (images),,,computer vision,1,jp,v1,2026-08-13
https://openalex.org/W4401159103,https://doi.org/10.1101/2024.07.27.605431,"Deep learning-based detector of invasive alien frogs, <i>Polypedates leucomystax and Rhinella marina</i> , on an island at invasion front","Abstract This study aimed to develop and evaluate a deep learning-based detector for Southeast Asian treefrog ( Polypedates leucomystax ) and cane toad ( Rhinella marina ) on Iriomote Island, a Natural World Heritage Site located 30 km from established populations of these alien species on the nearby Ishigaki Island. Although a deep learning model typically requires local training data to be most accurate, the alien frogs have been eradicated from Iriomote Island, making such data unavailable. To address the data gap, we first trained the BirdNET model with acoustic data collected on Ishigaki Island, where these species were common, as well as native frog calls from Iriomote Island. Next, we evaluated model performance using (1) wild sounds on Ishigaki Island, and (2) sounds obtained by playing back the calls of the alien species on Iriomote Island. Model precision and recall for wild sounds were both 0.987 for P. leucomystax and 1 for R. marina . For playback sounds, model recall values decreased (0.629 for P. leucomystax and 0.906 for R. marina ), while precisions remained nearly identical (1 for both P. leucomystax and R. marina ). Despite the lower recall particularly for P. leucomystax , playback survey dates were mostly identifiable from the high number of detections. These results suggest that data from Ishigaki Island enabled training a model with adequate, though not complete, generalization across invasion front.",2024,2024-07-29,preprint,en,1,24,True,green,bioRxiv (Cold Spring Harbor Laboratory),repository,K. Kimura; Ibuki Fukuyama; Kinji Fukuyama,Keio University; Kyoto University,jp,1,0,Amphibian and Reptile Biology; Animal Vocal Communication and Behavior; Species Distribution and Climate Change,Alien; Alien species; Ecology; Invasive species; Geography; Biology; Oceanography; Fishery; Geology; Population; Demography; Census; Sociology,,,deep learning,1,jp,v1,2026-08-13
https://openalex.org/W3027907503,https://doi.org/10.1007/s42979-020-00186-z,KuroNet: Regularized Residual U-Nets for End-to-End Kuzushiji Character Recognition,"Abstract Kuzushiji, a cursive writing style, had been used in Japan for over a thousand years starting from the eighth century. Over 3 million books on a diverse array of topics, such as literature, science, mathematics and even cooking are preserved. However, following a change to the Japanese writing system in 1900, Kuzushiji has not been included in regular school curricula. Therefore, most Japanese natives nowadays cannot read books written or printed just 150 years ago. Museums and libraries have invested a great deal of effort into creating digital copies of these historical documents as a safeguard against fires, earthquakes and tsunamis. The result has been datasets with hundreds of millions of photographs of historical documents which can only be read by a small number of specially trained experts. Thus there has been a great deal of interest in using machine learning to automatically recognize these historical texts and transcribe them into modern Japanese characters. Our proposed model KuroNet (which builds on Clanuwat et al. in International conference on document analysis and recognition (ICDAR), 2019) outperforms other model for Kuzushiji recognition. In this paper, KuroNet achieves higher accuracy while still recognizing entire pages of text using the residual U-Net architecture from adding more regularization. We also explore areas where our system is limited and suggests directions for future work.",2020,2020-05-01,article,en,22,22,True,hybrid,SN Computer Science,journal,Alex Lamb; Tarin Clanuwat; Asanobu Kitamoto,National Institute of Informatics; Université de Montréal,ca; jp,2,1,Handwritten Text Recognition Techniques; Image Processing and 3D Reconstruction; Image Retrieval and Classification Techniques,Computer science; Cursive; Residual; Architecture; Artificial intelligence; Optical character recognition; Curriculum; Regularization (linguistics); Metadata; World Wide Web; Visual arts; Art; Algorithm; Image (mathematics); Pedagogy; Psychology,,,machine learning,1,jp,v1,2026-08-13
https://openalex.org/W4376167031,https://doi.org/10.48550/arxiv.2305.05846,Technical Understanding from IML Hands-on Experience: A Study through a Public Event for Science Museum Visitors,"While AI technology is becoming increasingly prevalent in our daily lives, the comprehension of machine learning (ML) among non-experts remains limited. Interactive machine learning (IML) has the potential to serve as a tool for end users, but many existing IML systems are designed for users with a certain level of expertise. Consequently, it remains unclear whether IML experiences can enhance the comprehension of ordinary users. In this study, we conducted a public event using an IML system to assess whether participants could gain technical comprehension through hands-on IML experiences. We implemented an interactive sound classification system featuring visualization of internal feature representation and invited visitors at a science museum to freely interact with it. By analyzing user behavior and questionnaire responses, we discuss the potential and limitations of IML systems as a tool for promoting technical comprehension among non-experts.",2023,2023-05-10,preprint,en,0,70,True,green,arXiv (Cornell University),repository,Wataru Kawabe; Yuri Nakao; Akihisa Shitara; Yusuke Sugano,Fujitsu (Japan); The University of Tokyo; University of Tsukuba,jp,1,0,Music and Audio Processing; Music Technology and Sound Studies,Comprehension; Computer science; Event (particle physics); Visualization; Feature (linguistics); Human–computer interaction; Data science; Multimedia; Artificial intelligence; Linguistics; Quantum mechanics; Programming language; Philosophy; Physics,,,machine learning,1,jp,v1,2026-08-13
https://openalex.org/W4401691950,https://doi.org/10.1109/access.2024.3445995,"Public Perception of City Image Hotspots Based on Social Media: A Case Study of Nanjing, China","City image is an important element in the design of urban features. Big data from social media has become a new way to perceive city image characteristics. Taking Nanjing (China) as a case study, we use social media data from the “Little Red Book” and “Sina Weibo” (similar to Twitter in China) and employ deep learning methods, multisource data semantic analysis, sDNA, and geographically weighted regression to analyze three aspects: the spatial distribution of hotspots, perception characteristics, and influencing factors. The hotspots are located in Nanjing’s old city, centered on Confucius Temple, and extend outward in a circular pattern. Regarding perception characteristics, the key characteristics that define the old city are “heritage monuments”, “long history”, and “culture”. The high functional perception area converged around the central urban area. The spatial distributions of closeness and betweenness under traffic perception showed opposite trends; emotional perception was mainly positive. Compared with visual and emotional perception, functional and traffic perception have greater impacts on city image hotspots. Our study constructs a model of city image perception from a new perspective. This approach bridges the gap that traditional city image research focuses only on objective environment descriptions and lacks subject-object relationship analysis, which can provide scientific value for decision makers in urban design management.",2024,2024-01-01,article,en,14,74,True,gold,IEEE Access,journal,Xuefeng Bai; Xinyu Jiao; Peiyuan Zhang; Takeru Sakai; Hao Xu,Kyushu University; Nanjing Forestry University; Shanghai Jiao Tong University,cn; jp,2,1,Digital Media and Visual Art; Digital Marketing and Social Media,China; Social media; Perception; Computer science; Computer vision; Artificial intelligence; Geography; Psychology; World Wide Web; Archaeology; Neuroscience,,,deep learning,1,jp,v1,2026-08-13
https://openalex.org/W7165185535,https://doi.org/10.1145/3811917,Understanding Digital Cultural Engagement in Regional Museums by Integrating UTAUT2 and Experiential Authenticity: A Hybrid SEM-ANN Approach,"This study investigates the key determinants of digital cultural engagement in regional museums, with a specific focus on the relationship between technology acceptance models and museum authenticity experiences. This research operates within the context of accelerated museum digitization process precipitated by the COVID-19 pandemic, while acknowledging the distinctive connections between regional museums and local communities that require a reimagined approach to digital engagement. Using a co-design project for digital exhibitions at the Ryushi Memorial Museum in Ota City, Tokyo as a case study, this research uses a hybrid analytical methodology combining Structural Equation Modeling (SEM) and Artificial Neural Network (ANN) analysis. Data were collected through questionnaire surveys from 266 respondents (67 offline, 199 online). This study examines seven predictor factors: four UTAUT2 constructs (Performance Expectancy, Effort Expectancy, Social Influence, and Hedonic Motivation) and three authenticity dimensions (Original Authenticity, Interactive Authenticity, and Emotional Authenticity) to examine how these factors influence Digital Cultural Engagement Intention. SEM analysis revealed that all four UTAUT2 factors, as well as Original Authenticity and Interactive Authenticity, had significant direct effects on Digital Cultural Engagement Intention, with Hedonic Motivation (0.211) and Social Influence (0.201) demonstrating the strongest impact. While Emotional Authenticity did not exhibit a significant direct effect in the SEM model, it exerted substantial indirect effects through Hedonic Motivation and Social Influence. ANN analysis identified Emotional Authenticity as the most important predictor variable (0.218). This research makes a novel theoretical contribution by demonstrating that Emotional Authenticity functions as a ’meta-factor’ that influences digital engagement through complex indirect pathways rather than direct effects. For practitioners, the findings suggest that regional museums should prioritize emotional connections and community identity in their digital strategies rather than focusing on technical functionality.",2026,2026-06-18,article,en,0,57,False,closed,Journal on Computing and Cultural Heritage,journal,Yaotian Ai; Xinru Zhu; Kayoko Nohara,Tokyo College of Environment,jp,1,0,Museums and Cultural Heritage; Cultural Industries and Urban Development; Creativity in Education and Neuroscience,Context (archaeology); Digitization; Experiential learning; Exhibition; Structural equation modeling; Psychology; Sociology; Social capital; Process (computing); Social psychology; Computer-assisted web interviewing; Digital native; Social influence; Social network (sociolinguistics); Cultural heritage; Multilevel model; Mediation; Digital media; Social media; Technology acceptance model,,,neural network,1,jp,v1,2026-08-13
https://openalex.org/W4411976759,https://doi.org/10.1038/s40494-025-01880-y,Cross-cultural insights into traditional Jiangnan gardens of China and Japanese gardens through algorithm-enhanced comparative analysis,"Traditional Jiangnan gardens in China and traditional Japanese gardens are distinguished not only by their unique aesthetic features but also by their deep philosophical underpinnings. Leveraging the advanced YOLOv8 deep learning model enhanced with a Self-Attention (SA) module, this study introduces a novel approach to distinguishing these garden styles. The enhanced YOLOv8-SA model efficiently processes a custom dataset of 3606 high-resolution images, achieving a precision of 93.9%, a recall of 94.7%, and an mAP@50 of 98.6%. This study underscores the role of artificial intelligence in meticulously identifying and cataloging the nuanced elements of traditional gardens, thereby facilitating their conservation as vital cultural and historical heritages. By harnessing advanced computational techniques to analyze and document the intricate aesthetics of Eastern garden art, this research contributes to heritage science goals—ensuring that these living heritage sites are preserved and appreciated for future generations.",2025,2025-07-03,article,en,4,18,True,hybrid,npj Heritage Science,journal,Chan Gao; Genfeng Zhao; Sen Gao; Shuxin Du; Eunyoung Kim; Tao Shen,Baoding People's Hospital; Baoding University; Huzhou Normal University; Japan Advanced Institute of Science and Technology; Japan Real Estate Institute; Tongji University,cn; jp,2,1,Environmental and Cultural Studies in Latin America and Beyond; Urban and spatial planning; Land Use and Ecosystem Services,China; Geography; Archaeology,,,artificial intelligence; deep learning,2,jp,v1,2026-08-13
https://openalex.org/W3130316726,https://doi.org/10.1109/iros45743.2020.9340938,Self-supervised Neural Audio-Visual Sound Source Localization via Probabilistic Spatial Modeling,"Detecting sound source objects within visual observation is important for autonomous robots to comprehend surrounding environments. Since sounding objects have a large variety with different appearances in our living environments, labeling all sounding objects is impossible in practice. This calls for self-supervised learning which does not require manual labeling. Most of conventional self-supervised learning uses monaural audio signals and images and cannot distinguish sound source objects having similar appearances due to poor spatial information in audio signals. To solve this problem, this paper presents a self-supervised training method using 360° images and multichannel audio signals. By incorporating with the spatial information in multichannel audio signals, our method trains deep neural networks (DNNs) to distinguish multiple sound source objects. Our system for localizing sound source objects in the image is composed of audio and visual DNNs. The visual DNN is trained to localize sound source candidates within an input image. The audio DNN verifies whether each candidate actually produces sound or not. These DNNs are jointly trained in a self-supervised manner based on a probabilistic spatial audio model. Experimental results with simulated data showed that the DNNs trained by our method localized multiple speakers. We also demonstrate that the visual DNN detected objects including talking visitors and specific exhibits from real data recorded in a science museum.",2020,2020-10-24,conference-paper,en,16,48,False,closed,,,Yoshiki Masuyama; Yoshiaki Bando; Kohei Yatabe; Yoko Sasaki; Masaki Onishi; Yasuhiro Oikawa,National Institute of Advanced Industrial Science and Technology; Waseda University,jp,1,0,Speech and Audio Processing; Music and Audio Processing; Hearing Loss and Rehabilitation,Computer science; Artificial intelligence; Probabilistic logic; Monaural; Acoustic source localization; Speech recognition; Audio visual; Pattern recognition (psychology); Spatial analysis; Computer vision; Sound (geography); Geology; Geomorphology; Multimedia; Remote sensing,,,neural network,1,jp,v1,2026-08-13
https://openalex.org/W3038576985,https://doi.org/10.3997/1365-2397.fb2020054,A multi-disciplinary approach to establish a workflow for the application of machine learning for detailed reservoir description — Wisting case study,"Disclaimer Text and Data Mining. Any automated analytical technique aimed at analysing text and data in digital form in order to generate information including - but not limited to - patterns, trends and correlations (so-called Text and Data Mining) may only be applied if it is done by a research organisation or cultural heritage institution solely for the purpose of (non-commercial) scientific research as mentioned in Clause 3 of Directive (EU) 2019/790 (the Digital Single Market Directive) and Clause 15n of the Dutch Copyright Act [Auteurswet]. Text and Data Mining for commercial purposes is not allowed; all rights in this respect are reserved pursuant to Clause 4 paragraph 3 of the Digital Single Market Directive and Clause 15o paragraph 1 of the Dutch Copyright Act.",2020,2020-07-01,article,en,2,0,False,closed,First Break,journal,Sharareh Manouchehri; Nam Pham; Terje A. Hellem; Rocky Roden,Idemitsu Kosan (Japan),jp,1,0,Reservoir Engineering and Simulation Methods; Drilling and Well Engineering; Hydraulic Fracturing and Reservoir Analysis,Paragraph; Directive; Disclaimer; Computer science; Workflow; Order (exchange); Stipulation; Data science; World Wide Web; Political science; Business; Database; Law; Programming language; Finance,,,machine learning,1,jp,v1,2026-08-13
https://openalex.org/W4416003720,https://doi.org/10.3390/digital5040061,Embodied Co-Creation with Real-Time Generative AI: An Ukiyo-E Interactive Art Installation,"Generative artificial intelligence (AI) is reshaping creative practices, yet many systems rely on traditional interfaces, limiting intuitive and embodied engagement. This study presents a qualitative observational analysis of participant interactions with a real-time generative AI installation designed to co-create Ukiyo-e-style artwork through embodied inputs. The system dynamically interprets physical presence, object manipulation, body poses, and gestures to influence AI-generated visuals displayed on a large public screen. Drawing on systematic video analysis and detailed interaction logs across 13 sessions, the research identifies core modalities of interaction, patterns of co-creation, and user responses. Tangible objects with salient visual features such as color and pattern emerged as the primary, most intuitive input method, while bodily poses and hand gestures served as compositional modifiers. The system’s immediate feedback loop enabled rapid learning and iterative exploration and enhanced the user’s feeling of control. Users engaged in collaborative discovery, turn-taking, and shared authorship, frequently expressing a positive effect. The findings highlight how embodied interaction lowers cognitive barriers, enhances engagement, and supports meaningful human–AI collaboration. This study offers design implications for future creative AI systems, emphasizing accessibility, playful exploration, and cultural resonance, with the potential to democratize artistic expression and foster deeper public engagement with digital cultural heritage.",2025,2025-11-07,article,en,4,0,True,gold,Digital,journal,Hisa Martínez Nimi; Ming-Shin Lu; Juan Carlos Chacón,Chiba University,jp,1,0,Virtual Reality Applications and Impacts; Aesthetic Perception and Analysis; Innovative Human-Technology Interaction,Embodied cognition; Gesture; Human–computer interaction; Interactive art; Computer science; Object (grammar); Generative grammar; Modalities; Feeling; Salient; Cognitive science; Embodied agent; Expression (computer science); Image schema; Action (physics); Multimedia; Cognition; Interaction design; Cognitive robotics; Communication; Limiting; Psychology; Dynamics (music); Generative Design; Affordance; Visualization; Tangible user interface,,,artificial intelligence,1,jp,v1,2026-08-13
https://openalex.org/W4392166835,https://doi.org/10.3390/jmse12030415,Transferable Deep Learning Model for the Identification of Fish Species for Various Fishing Grounds,"The digitization of catch information for the promotion of sustainable fisheries is gaining momentum globally. However, the manual measurement of fundamental catch information, such as species identification, length measurement, and fish count, is highly inconvenient, thus intensifying the call for its automation. Recently, image recognition systems based on convolutional neural networks (CNNs) have been extensively studied across diverse fields. Nevertheless, the deployment of CNNs for identifying fish species is difficult owing to the intricate nature of managing a plethora of fish species, which fluctuate based on season and locale, in addition to the scarcity of public datasets encompassing large catches. To overcome this issue, we designed a transferable pre-trained CNN model specifically for identifying fish species, which can be easily reused in various fishing grounds. Utilizing an extensive fish species photographic database from a Japanese museum, we developed a transferable fish identification (TFI) model employing strategies such as multiple pre-training, learning rate scheduling, multi-task learning, and metric learning. We further introduced two application methods, namely transfer learning and output layer masking, for the TFI model, validating its efficacy through rigorous experiments.",2024,2024-02-26,article,en,13,49,True,gold,Journal of Marine Science and Engineering,journal,Tatsuhito Hasegawa; Kei Kondo; Hiroshi Senou,Kanagawa Prefectural Museum of Natural History; University of Fukui,jp,1,0,Identification and Quantification in Food; Water Quality Monitoring Technologies; Advanced Neural Network Applications,Computer science; Convolutional neural network; Fishing; Machine learning; Identification (biology); Artificial intelligence; Digitization; Fishery; Ecology; Biology; Computer vision,,,deep learning; neural network; convolutional,3,jp,v1,2026-08-13
https://openalex.org/W4385516904,https://doi.org/10.35842/icostec.v2i1.56,Combination Of SqueezeNet And Multilayer Backpropagation Algorithm In Hanacaraka Script Recognition,"Javanese script is one of Indonesia's cultural heritages that are increasingly rarely used today. The difficulty of recognizing the shapes of letters, let alone writing them, is the main obstacle in using the Hanacaraka script. This research offers an alternative to Hanacaraka script recognition using a combination of image feature extraction and machine learning, where we utilize a pre-trained SquzeeNet model and Multilayer Backpropagation algorithm. Of the 18 models built using ReLu, Sigmoid, and Tanh activation functions, we found that the Tanh activation function, using the combination of 50-50-100 neuron configuration and 25 epochs, was the most optimal function used to classify the training data with accuracy, precision, and recall values of 93.8%. Meanwhile, the Tanh activation function, using the 50-100-50 neuron configuration and 50 epochs, is the most optimal function to classify the testing data, with accuracy, precision, and recall values of 89.1%, 89.5%, and 89.5%. All built models show a training and testing performance ratio below 10%. From this result, we conclude that all models have good reliability in the training and testing classification process.",2023,2023-03-05,conference-paper,en,3,19,True,bronze,International Conference on Information Science and Technology Innovation (ICoSTEC),journal,Yuni Franciska br Tarigan; Teddy Surya Gunawan; B. Herawan Hayadi,Tama University,jp,1,0,Computer Science and Engineering; Edcuational Technology Systems; Handwritten Text Recognition Techniques,Backpropagation; Activation function; Hyperbolic function; Sigmoid function; Computer science; Function (biology); Artificial intelligence; Artificial neural network; Recall; Pattern recognition (psychology); Feature (linguistics); Algorithm; Reliability (semiconductor); Process (computing); Machine learning; Mathematics; Psychology; Power (physics); Operating system; Biology; Physics; Quantum mechanics; Linguistics; Mathematical analysis; Evolutionary biology; Philosophy; Cognitive psychology,,,machine learning,1,jp,v1,2026-08-13
https://openalex.org/W4408328167,https://doi.org/10.1016/j.eswa.2025.127129,The inheritance and analysis of colors in Rimpa art: A machine learning perspective,,2025,2025-03-11,article,en,3,43,False,closed,Expert Systems with Applications,journal,Meng Ying; Yujian Jiang,Kyushu University; Minami Kyushu University,jp,1,0,Color Science and Applications; Visual Attention and Saliency Detection; Color perception and design,Inheritance (genetic algorithm); Perspective (graphical); Computer science; Artificial intelligence; Machine learning; Gene; Biochemistry; Chemistry,,,machine learning,1,jp,v1,2026-08-13
https://openalex.org/W2965902122,https://doi.org/10.1109/urai.2019.8768600,Estimating Indoor Behavior Using Sensor Fusion with BLE Beacons and Wearable Devices for Information Presentation,"This paper presents a work on estimating user indoor behavior with multi-sensor to use for information presentation. The authors have developed a mobile app to capture user's indoor physical movement and collect their temporal feedback for comparison with BLE (Bluetooth Low Energy) beacons and wearable devices. The authors tested our estimation method on students and visitors at the museum and the library. The authors estimated the user position with BLE beacons and user motion with wearable devices using neural network from data collected by the app. Therefore, the user behavior is estimated integrated user position and motion information with 60% of precision at the museum and 85% at the library.",2019,2019-06-01,conference-paper,en,3,7,False,closed,,,Shun Muramatsu; Erina Kasano; Yukiharu Motohashi; Eri Sato-Shimokawara; Rosanna Yuen-Yan Chan; Toru Yamaguchi,Chinese University of Hong Kong; Tokyo Metropolitan University,hk; jp,2,1,Indoor and Outdoor Localization Technologies; Human Mobility and Location-Based Analysis; Video Surveillance and Tracking Methods,Beacon; Computer science; Wearable computer; Bluetooth; Sensor fusion; Wearable technology; Bluetooth Low Energy; Real-time computing; Mobile device; Human–computer interaction; Presentation (obstetrics); Motion (physics); Artificial intelligence; Embedded system; Wireless; Telecommunications; World Wide Web; Radiology; Medicine,,,neural network,1,jp,v1,2026-08-13
https://openalex.org/W4400056680,https://doi.org/10.21203/rs.3.rs-4539085/v1,Styled and characteristic Peking opera facial makeup synthesis with Co-training and Transfer Conditional StyleGAN2,"<title>Abstract</title> Against the backdrop of the deep integration of culture and technology, research and practice in digitization of intangible cultural heritage has continued to deepen. However, due to the lack of data and training, it is still very difficult to apply artificial intelligence to the field of cultural heritage protection. This article integrates image generation technology into the digital protection of Peking opera facial makeup, using a self-built Peking opera facial makeup dataset. Based on the StyleGAN2 network, we propose a style generative cooperative training network Co-StyleGAN2, which integrates the Adaptive Data Augmentation to alleviate the problem of discriminator overfitting and introduces the idea of cooperative training to design a dual discriminator collaborative training network structure to stabilize the training process. We designed a Peking opera facial makeup image conditional generation network TC-StyleGAN2 which is transferred from unconditional generation network. The weights of the unconditional pre-training model are fixed, and an adaptive filtering modulation module is added to modulate the category parameters to complete the conversion from unconditional to conditional StyleGAN2 to deal with the training difficulty of conditional GANs on limited data, which suffer from severe mode collapse. The experimental results shows that the training strategy proposed in this article is better than the comparison algorithm, and the image generation quality and diversity have been improved.",2024,2024-06-26,preprint,en,1,22,True,green,Research Square,repository,Yinghua Shen; Oran Duan; Xiaoyu Xin; Ming Yan; Zhe Li,Communication University of China; Osaka University of Human Sciences; The University of Osaka,cn; jp,2,1,Face recognition and analysis; Generative Adversarial Networks and Image Synthesis,Opera; Training (meteorology); Psychology; Computer science; Speech recognition; Art; Visual arts; Physics; Meteorology,,,artificial intelligence,1,jp,v1,2026-08-13
https://openalex.org/W4379660123,https://doi.org/10.1504/ijamechs.2023.131338,IoT-based dataset augmentation method for oracle bone inscriptions reorganisation,"Deep learning techniques are wildly used in various areas. Currently, deep learning is attended in cultural heritage preservation, such as oracle bone inscriptions re-organising. Usually, deep learning techniques need rich and pure data for the training model. However, oracle bone inscriptions are weak in their limited resource. Hence, the dataset of oracle bone inscriptions should be augmented, when some new oracle bones are found. To overcome this problem, this paper proposes an IoT-based dataset augmentation method for oracle bone inscription reorganisation. We design an Android application for data collection and a cloud server application for dataset augmentation. Furthermore, an AI-Filter is designed and implemented in the Android application to keep the collected data pure. Experimental results show the oracle bone inscriptions recognition recall increases by 0.15 with the IoT-based dataset augmentation method, which proved the effectiveness of our proposal.",2023,2023-01-01,article,en,2,0,False,closed,International Journal of Advanced Mechatronic Systems,journal,Tomoki Morioka; Lin Meng,Ritsumeikan University,jp,1,0,Medical Imaging and Analysis,Oracle; Computer science; Oracle database; Software engineering,,,deep learning,1,jp,v1,2026-08-13
https://openalex.org/W4402029933,https://doi.org/10.1145/3669754.3669758,Artistic Outpainting through Adaptive Image-to-Text and Text-to-Image Generation,"Artistic heritage often confronts the challenges of degradation, particularly in museum environments where valuable art paintings may exhibit missing regions along their borders. This research addresses the urgent need to restore and revitalize damaged art paintings, utilizing advanced computational methods to harmoniously fill these gaps while preserving the original aesthetic. This paper introduces an innovative approach, employing adaptive Image-to-Text and Text-to-Image Generation for the completion of damaged art paintings, referred to as Artistic Outpainting. Our proposed methodology unfolds in a carefully structured three-step process. Commencing with a pixel-wise network, we employ sophisticated image inpainting techniques to restore art paintings with missing border regions, ensuring a detailed reconstruction that seamlessly integrates additional content. This sets the foundation for subsequent transformations. Building upon the restored art painting, our approach integrates an Image-to-Text Generation model in the second step. The generated output from the first step serves as input, enabling the model to extract rich contextual information and translate the visual composition into a comprehensive textual prompt. This transition from visual to semantic understanding enhances art painting interpretation, fostering a deeper connection and laying the groundwork for the final transformation. In the last step, our Text-to-Image Generation synthesis applies the textual prompt to create a visually cohesive outpainting. This synthesis process employs state-of-the-art techniques, allowing for adaptive and imaginative extensions guided by the intrinsic creativity embedded within the textual descriptions. The experimental results underscore the efficacy of our method, demonstrating superior performance compared to other existing approaches. In the realm of art restoration, our approach not only contributes to the preservation of cultural heritage but also serves as evidence of the harmonious integration of computer vision and artistic conservation.",2024,2024-04-26,conference-paper,en,1,5,False,closed,,,Irawati Nurmala Sari; Ryuto Sugahara; Du Wei,Kyoto Institute of Technology; University of Brawijaya,id; jp,2,1,Computer Graphics and Visualization Techniques; Generative Adversarial Networks and Image Synthesis; Aesthetic Perception and Analysis,Computer science; Image (mathematics); Artificial intelligence; Computer vision,,,computer vision,1,jp,v1,2026-08-13
https://openalex.org/W4409913437,https://doi.org/10.5954/icarob.2025.os26-9,Experimental Exploration of Neural Style Transfer: Hyperparameter Impact and VGG Feature Dynamics in Batik Motif Generation,"Innovating traditional batik designs while preserving their cultural essence remains a significant challenge in the intersection of heritage conservation and computational creativity.This study addresses this challenge by optimizing Neural Style Transfer (NST), a deep learning technique to synthesize batik motifs that harmonize structural fidelity and stylistic authenticity.Focusing on hyperparameter adjustments tailored to batik's abstract geometries, we systematically evaluate the impact of layer selection in VGG and pooling operations (max-pooling vs. averagepooling) on style-content synthesis.Experiments reveal that shallow layers (e.g., conv2, conv4) preserve explicit motifs and edge details (SSIM 0.85), while deeper layers (conv16, conv24) generate abstract textures.Averagepooling demonstrates superior stability, achieving smoother convergence (loss stabilized at 0.5 vs. 3.0 for maxpooling) and higher structural coherence (SSIM 0.6963 vs. 0.6634), whereas max-pooling introduces fragmented artifacts due to gradient explosion.The optimized framework, validated through quantitative metrics (MSE Loss 0.02, SSIM 0.82) and qualitative artisan evaluations, successfully transferring the style image into the image, while maintaining the original content of the image, with adjusted hyperparameters.This work advances AI-driven tools for batik preservation, offering a scalable methodology to sustain Indonesia's intangible heritage in the digital era..",2025,2025-02-13,conference-paper,en,1,0,True,bronze,Proceedings of International Conference on Artificial Life and Robotics,conference,Happy Gery Pangestu; Andi Prademon Yunus; Siti Khomsah; Yit Hong Choo; Takao Ito,Deakin University; Hiroshima University; Telkom University,au; id; jp,3,1,Generative Adversarial Networks and Image Synthesis,Hyperparameter; Motif (music); Artificial intelligence; Pattern recognition (psychology); Computer science; Art; Aesthetics,,,deep learning,1,jp,v1,2026-08-13
https://openalex.org/W4404123197,https://doi.org/10.3390/ndt2040030,Non-Destructive Estimation of Paper Fiber Using Macro Images: A Comparative Evaluation of Network Architectures and Patch Sizes for Patch-Based Classification,"Over the years, research in the field of cultural heritage preservation and document analysis has exponentially grown. In this study, we propose an advanced approach for non-destructive estimation of paper fibers using macro images. Expanding on studies that implemented EfficientNet-B0, we explore the effectiveness of six other deep learning networks, including DenseNet-201, DarkNet-53, Inception-v3, Xception, Inception-ResNet-v2, and NASNet-Large, in conjunction with enlarged patch sizes. We experimentally classified three types of paper fibers, namely, kozo, mitsumata, and gampi. During the experiments, patch sizes of 500, 750, and 1000 pixels were evaluated and their impact on classification accuracy was analyzed. The experiments demonstrated that Inception-ResNet-v2 with 1000-pixel patches achieved the highest patch classification accuracy of 82.7%, whereas Xception with 750-pixel patches exhibited the best macro-image-based fiber estimation performance at 84.9%. Additionally, we assessed the efficacy of the method for images containing text, observing consistent improvements in the case of larger patch sizes. However, limitations exist in background patch availability for text-heavy images. This comprehensive evaluation of network architectures and patch sizes can significantly advance the field of non-destructive paper analysis, offering valuable insights into future developments in historical document examination and conservation science.",2024,2024-11-07,article,en,3,22,True,gold,NDT,journal,Naoki Kamiya; Kosuke Ashino; Yasuhiro Sakai; Yexin Zhou; Yoichi Ohyanagi; Koji Shibazaki,Aichi Prefectural University; Aichi University; Seirei Women's Junior College,jp,1,0,Industrial Vision Systems and Defect Detection; Currency Recognition and Detection; Cultural Heritage Materials Analysis,Computer science; Macro; Pixel; Residual neural network; Field (mathematics); Artificial intelligence; Image (mathematics); Macro level; Fiber; Pattern recognition (psychology); Deep learning; Computer vision; Mathematics; Materials science; Programming language; Pure mathematics; Economics; Economic system; Composite material,,,deep learning,1,jp,v1,2026-08-13
https://openalex.org/W4312891895,https://doi.org/10.1109/dasc/picom/cbdcom/cy55231.2022.9927889,Analyzing Jo-Ha-Kyu Mechanism in Japanese Traditional Performing Art Ningyo Joruri,"IoT devices that connect people without physical contact become more and more important after the COVID-19 impact. However, strange appearances and movements performed by IoT devices (interactive humanoid robots) cause human discomfort, so-called the uncanny valley, preventing widespread use of humanoid IoT devices. On the contrary, a Japanese traditional performing art named Ningyo Joruri (puppet theater) is recognized as a UNESCO intangible cultural heritage, and the sophisticated puppet motions and its unique music style somehow can avoid causing human discomfort even if the appearance of puppets is close enough to humans. One of the most important factors in empathizing humans with the puppet without uncomfortable is the modulation technique of both music tempo and motion speed known as Jo-Ha-Kyu. In this study, we analyzed Ningyo Joruri based on the Jo-Ha-Kyu mechanism, which is an art concept adopted in the puppet theater to interact with audiences according to modulation of the tempo. First, we obtained puppet movements using motion capture systems with the music. Second, we detected the changing tempo in Ningyo Joruri using the deep learning method to demonstrate the Jo-Ha-Kyu mechanism quantitatively. Finally, we showed the correlation of Jo-Ha-Kyu between Ningyo Joruri music and puppet manipulation techniques in the frequency domain using the Hilbert Huang transform. Our results revealed that low-frequency movements play an important role in synchronizing motion to the tempo of corresponding music, presenting novel knowledge to motion designers for humanoid robots IoT devices.",2022,2022-09-12,conference-paper,en,3,14,False,closed,"2022 IEEE Intl Conf on Dependable, Autonomic and Secure Computing, Intl Conf on Pervasive Intelligence and Computing, Intl Conf on Cloud and Big Data Computing, Intl Conf on Cyber Science and Technology Congress (DASC/PiCom/CBDCom/CyberSciTech)",conference,Ran Dong; Shaowen Ni; Bo Wu; Shingo Hayano; Dongsheng Cai; Soichiro Ikuno,Tokyo University of Technology; Tsuru University; University of Tsukuba; University of Yamanashi,jp,1,0,Human Motion and Animation; Music Technology and Sound Studies; Human Pose and Action Recognition,Humanoid robot; Computer science; Motion (physics); Mechanism (biology); Synchronizing; Robot; Human–computer interaction; Artificial intelligence; Transmission (telecommunications); Telecommunications; Epistemology; Philosophy,,,deep learning,1,jp,v1,2026-08-13
https://openalex.org/W7127408184,https://doi.org/10.1109/ism66958.2025.00022,Comparative Evaluation of Deep Learning Methods for Wood Surface Defect Detection: A Comprehensive Study of Semantic Segmentation Approaches,"Early detection and accurate classification of surface defects are essential for preserving wooden cultural heritage buildings. This study presents a comprehensive comparative evaluation of six state-of-the-art semantic segmentation methods (FCN, PSPNet, DeepLabv3+, DANet, SegFormer, Swin Transformer) for wood surface defect detection. Using a dataset of 2,000 images containing ten defect categories, we evaluated each method's performance under unified experimental conditions. SegFormer achieved the highest performance with 68.83% mIoU and 74.27% mAcc, demonstrating the effectiveness of its hierarchical encoder design for complex wood texture patterns. FCN and DeepLabv3+ achieved competitive performance with shorter training times, making them promising practical options.",2025,2025-12-08,conference-paper,,1,15,False,closed,,,Y. Yanai; Tomokazu Ishikawa,Toyo University,jp,1,0,Industrial Vision Systems and Defect Detection; Wood and Agarwood Research; Wood Treatment and Properties,Artificial intelligence; Segmentation; Deep learning; Computer science; Pattern recognition (psychology); Image segmentation; Surface (topology); Computer vision; Encoder; Training set; Texture (cosmology); Image (mathematics); Artificial neural network; Machine learning,,,deep learning,1,jp,v1,2026-08-13
https://openalex.org/W4285505903,https://doi.org/10.1109/access.2022.3191429,DKNet: Deep Kuzushiji Characters Recognition Network,"Kuzushiji, a cursive writing style, had been extensively utilized in Japan for over a thousand years starting from the 8thcentury. In 1900, Kuzushiji was not included in regular school curricula due to the change in the Japanese writing system. Nowadays Japanese natives are unable to read historical books that were written using Kuzushiji language. Therefore, libraries and museums have decided to build digital copies of the documents and books that were written in Kuzushiji language. Due to a limited number of trained experts, researchers have utilized machine and deep learning models to convert historical documents and books into a modern script that can be easily read by human beings. However, the existing deep learning techniques suffer from over-fitting and gradient vanishing problems. To overcome these problems, an efficient deep Kuzushiji characters recognition network (DKNet) is proposed. Initially, to remove noise from the training images, a trilateral joint filter is applied. Contrast limited adaptive histogram equalization (CLAHE) is then applied to enhance the visibility of filtered images. Thereafter, a pre-trained MobileNet is utilized to extract the features of Kuzushiji characters. MobileNet&#x2019;s final layers are removed, including the fully connected layer and softmax. The flatten layer is then applied to the input. A fully connected classification layer is then used with Rectified linear units (ReLUs) and dropouts. Dropouts are used to generalize the model, thus preventing the over-fitting problem. Finally, the softmax activation function is employed to provide the recognition results. To test the proposed model, actual documents are first segmented by using the proposed Maximally stable extremal regions (MSERs) and convexhull-based segmentation approach. Segmented characters are then recognized using the trained DKNet. Extensive comparative analyses reveal that DKNet achieves better performance than the competitive models in terms of various performance metrics. An efficient Application Programming Interface (API) is also designed for Japanese Kuzushiji ancient heritage character recognition to help the end-users.",2022,2022-01-01,article,en,15,58,True,gold,IEEE Access,journal,Dilbag Singh; C. V. Aravinda; Manjit Kaur; Lin Meng; Jyothi Shetty; Vikram Raju Reddicherla; Heung-No Lee,Gwangju Institute of Science and Technology; Ritsumeikan University,jp; kr,2,1,Handwritten Text Recognition Techniques; Vehicle License Plate Recognition; Image Processing and 3D Reconstruction,Softmax function; Computer science; Artificial intelligence; Deep learning; Layer (electronics); Adaptive histogram equalization; Histogram; Optical character recognition; Cursive; Speech recognition; Natural language processing; Pattern recognition (psychology); Image (mathematics); Histogram equalization; Chemistry; Organic chemistry,,,deep learning,1,jp,v1,2026-08-13
https://openalex.org/W3126231987,https://doi.org/10.1080/13467581.2021.1883621,"Information, Communication, Feedback: The Festival Plaza (Japan World Exposition Osaka 1970), Center Pompidou and Sendai Mediatheque as Suggestive Examples of Artificially Intelligent Architecture","This paper attempts to propose the characteristics of artificially intelligent architectural design through the case studies of the Festival Plaza (Japan World Exposition Osaka 1970), Center Pompidou and Sendai Mediatheque and studies the handling of information, communication and feedback processes in these suggestive cybernetic environments. The first section of this paper analyzes Center Pompidou by researching the competition brief and the initial states of the winning entries presenting their preserved notions against the bureaucratic, political and budgetary constraints. The second section surveys the contemporary history behind the projection of a cultural center as a cybernetic or more precisely as information broadcasting entity by reviewing Geddes’s Index Museum, Malraux’s Le Musée Imaginaire (Museum Without Walls), etc. Finally, the third section summarizes the contributions of the Festival Plaza to the cybernetic (or information and communication) conception of the Center Pompidou, Archigram (or vice versa) and eventually represents Sendai Mediatheque as a suggestive apotheosis of this overlapping cybernetic discourse. This paper then concludes the characteristics of artificially intelligent architectural design by suggesting that the technology of artificial intelligence, acting invisibly as in the background of these cybernetic environments, autonomously collects, analyzes, interprets, disseminates, receives and feedbacks information.",2021,2021-02-06,article,en,2,14,True,gold,Journal of Asian Architecture and Building Engineering,journal,Danyal Ahmed; Junichiro HIGAYA,Tohoku University,jp,1,0,Architecture and Computational Design,Cybernetics; Exposition (narrative); Architecture; Center (category theory); Sociology; Visual arts; Computer science; Artificial intelligence; Art; Crystallography; Literature; Chemistry,,,artificial intelligence,1,jp,v1,2026-08-13
https://openalex.org/W4389189496,https://doi.org/10.53829/ntr201612fa4,"2020 Town--Developing MACHINAKA Service, a Device Integration Service that Utilizes Artificial Intelligence Technology","At NTT Service Evolution Laboratories, we are working to develop device integration services that can accurately understand the situation a person is in and provide guidance to the person in accordance with the situation.We are working with partner companies and NTT operating companies in this effort and are applying the results of joint experiments to develop services for settings such as long-term care facilities, financial institutions, museums, and outdoor parks that exist within cities.We use the term MACHINAKA (in the city) services to refer to such services.In this article, we introduce our current efforts and future prospects.",2016,2016-12-01,article,en,2,0,True,bronze,NTT technical review,journal,Takayoshi Mochizuki; Manabu Norota; K. Suga,NTT (Japan),jp,1,0,IoT and Edge/Fog Computing; Robotics and Automated Systems,Service (business); Computer science; Engineering management; Engineering; Business; Marketing,,,artificial intelligence,1,jp,v1,2026-08-13
https://openalex.org/W2776925937,https://doi.org/10.1117/12.2304676,Intelligent navigation and accurate positioning of an assist robot in indoor environments,"Intact robot’s navigation and accurate positioning in indoor environments are still challenging tasks. Especially in robot applications, assisting disabled and/or elderly people in museums/art gallery environments. In this paper, we present a human-like navigation method, where the neural networks control the wheelchair robot to reach the goal location safely, by imitating the supervisor’s motions, and positioning in the intended location. In a museum similar environment, the mobile robot starts navigation from various positions, and uses a low-cost camera to track the target picture, and a laser range finder to make a safe navigation. Results show that the neural controller with the Conjugate Gradient Backpropagation training algorithm gives a robust response to guide the mobile robot accurately to the goal position.",2017,2017-12-19,conference-paper,en,1,0,False,closed,,,Genci Capi; Mitsuru JINDAI; Bin Hua; Endri Rama; Yosuke Tsuri,Hosei University; University of Toyama,jp,1,0,Gaze Tracking and Assistive Technology; Robotic Path Planning Algorithms; Control and Dynamics of Mobile Robots,Mobile robot; Mobile robot navigation; Robot; Computer science; Artificial intelligence; Computer vision; Wheelchair; Artificial neural network; Controller (irrigation); Robot control; Supervisor; Human–computer interaction; Political science; Agronomy; Law; Biology; World Wide Web,,,neural network,1,jp,v1,2026-08-13
https://openalex.org/W4402475719,https://doi.org/10.1109/ies63037.2024.10665759,Implementation of Dynamic Art Curation Engine in Global Art Collection Archive,"This paper proposes an implementation method of a Dynamic Art Curation Engine within the Global Art Collection Archive. The manner in which information retrieval is handled in an integrated art archive is crucial, as it directly influences the dynamism and creativity of the art viewing experience. The Dynamic Art Curation Engine is an artwork retrieval system that leverages the pre-trained machine learning models of diverse art interpretations by museums and curators, providing a dynamic art experience by presenting artworks classified according to these interpretations. The curation engine is composed of four primary components: 1) a pretrained curation model developed from specific art interpretation; 2) curation model metadata generated by applying the curation model to artworks stored in the Integrated Art Archive; 3) dictionary metadata, which addresses data heterogeneity across museum collections; and 4) a relevance calculator that assesses relationships between artworks based upon their metadata. As a prototype, we developed a Dynamic Art Curation Engine that incorporates a pre-trained model based on the catalogs of three exhibitions and integrated it into the Global Art Collection Archive, which houses over one million art pieces from four museums. Our experiments addressed two main objectives: the curation of works by multiple artists based on specific exhibition categories, and the curation of works from arbitrary images. The results of these experiments confirm the effectiveness of the proposed method, thereby demonstrating its feasibility.",2024,2024-08-06,conference-paper,en,1,18,False,closed,,,Yosuke Tsuchiya; Naoki Ishibashi,Musashino University,jp,1,0,Image Processing and 3D Reconstruction; 3D Surveying and Cultural Heritage; Advanced Image and Video Retrieval Techniques,Computer science; Data curation; World Wide Web; Data science; Information retrieval,,,machine learning,1,jp,v1,2026-08-13
https://openalex.org/W2790035124,https://doi.org/10.1109/iisa.2017.8316452,Robot painting recognition based on deep belief learning,"In a society where the number of elderly people is increasing rapidly, autonomous wheelchair robots are expected to be widely used for mobility of elderly people. In this paper we focus on how we can utilize wheelchair robots operating in museums. In this paper, we propose a deep learning based painting recognition and its application for the wheelchair robot. We consider the case when the user clicks on the painting he/she wants to see. The robot searches, recognizes and reaches the painting using deep learning. This is in difference from the most traditional methods where the robot explains the exhibited objects in a sequential order. The deep neural network generates a series of high dimensional features for each painting resulting in a high recognition rate. In our implementation, the wheelchair robot recognizes the painting in real time using the video stream.",2017,2017-08-01,conference-paper,en,2,14,False,closed,,,Jianqiang Xiao; Genci Capi,Hosei University; University of Toyama,jp,1,0,Gaze Tracking and Assistive Technology; Robot Manipulation and Learning; Human Pose and Action Recognition,Robot; Wheelchair; Painting; Artificial intelligence; Deep learning; Computer science; Focus (optics); Mobile robot; Computer vision; Artificial neural network; Human–computer interaction; Visual arts; Art; Optics; Physics; World Wide Web,,,deep learning; neural network,2,jp,v1,2026-08-13
https://openalex.org/W4416169597,https://doi.org/10.1007/s00146-025-02733-9,"Artificial intelligence in East Asian music education: cultural bias, digital colonialism, and pathways to inclusive practice",,2025,2025-11-13,article,en,1,14,False,closed,AI & Society,journal,Yasumasa Yamaguchi,Sendai University,jp,1,0,Diverse Music Education Insights; Diverse Musicological Studies; Music Technology and Sound Studies,East Asia; Sociology; Cultural diversity; Curriculum; Musical; Music education; China; Generative grammar; East Asian Studies; Performing arts; Diversity (politics); Colonialism; Musical composition; Visual arts; Ethnic group; Cultural intelligence; Cultural heritage; Digital native; Aesthetics; Subject (documents); Classical music; Educational technology; Dance; Engineering ethics; Music and artificial intelligence; Pedagogy; Deep learning,,,artificial intelligence,1,jp,v1,2026-08-13
https://openalex.org/W4386085531,https://doi.org/10.1109/is3c57901.2023.00016,High-Resolution Art Painting Completion using Multi-Region Laplacian Fusion,"Image completion has made impressive advancements based on deep learning approaches. However, even with advanced deep learning such as Generative Adversarial Networks (GAN), the restored area is not always optimal due to small-scale texture synthesis in high resolution and inferring missing information about image content from distant contexts, resulting in distorted lines and unnatural colors, especially in art painting completion with complicated structures and textures. Although several precious art paintings have been well-preserved by curators in museums, some frequent damages such as scratches, torn-out areas, and holes are still visible and require challenging physical repairs. Therefore, for practical refinement, some researchers convert them into high-resolution digital paintings to generate crisp brush strokes, textures, shapes, and tones by assuming similarities with the original physical ones. Based on these observations, we propose proceeding with a high-resolution art painting completion by applying a superior traditional method, named Multi-Region Laplacian Fusion. We attempt to recover irregular missing regions expected as the damages of ordinary paintings that often occur. To address high-resolution inpainting, we integrate two completions using the Laplacian pyramid and patch-based propagation. We then apply Alpha blending among both results to yield the fused reaction completion. Our experiments firmly validate the effectiveness of our proposed method to complete art paintings with random irregular missing regions.",2023,2023-06-01,conference-paper,en,4,14,False,closed,,,Irawati Nurmala Sari; Kei Masaoka; Jun’Nosuke Takarabe; Weiwei Du,Kyoto Institute of Technology; University of Brawijaya,id; jp,2,1,Generative Adversarial Networks and Image Synthesis; Advanced Image Processing Techniques; Computer Graphics and Visualization Techniques,Inpainting; Painting; Computer science; Artificial intelligence; Image (mathematics); Pyramid (geometry); Deep learning; Computer vision; Filling-in; Mathematics; Art; Visual arts; Geometry,,,deep learning,1,jp,v1,2026-08-13
https://openalex.org/W4242085690,https://doi.org/10.5194/isprs-archives-xliii-b2-2020-7-2020,PREFACE: TECHNICAL COMMISSION II,"Abstract. ISPRS Technical Commission II focuses, at various scales, on geometric, radiometric and multi-temporal aspects of image- and range-based 3D surveying and modeling. Specifically, Commission II deals with image orientation, point cloud generation and processing, 3D feature extraction, scene understanding, sensor and data fusion, sensor characterization, machine learning for geospatial data analysis and big data techniques for massive data processing. Applications in the fields of mapping, industry, heritage, space, underwater and environment are considered.The Volume related to Commission II contains 182 papers published in the ISPRS Archives and 118 published in the ISPRS Annals. The Archives were accepted on the base of an abstract review from originally submitted 262 abstracts. The Annals comprise reviewed articles accepted from the originally submitted 191 full papers.Considering the aforementioned research issues, challenges and needs, the papers published depict the latest developments in methodological aspects and the most interesting applications in photogrammetry.Great interest was dedicated to machine/deep learning methods used to solve various steps of the photogrammetric pipeline and in particular for the semantic enrichment of images and 3D data. Many papers reported new models and methods to extract features, geometrical primitives and objects from data acquired by airborne and/or terrestrial sensors, including object recognition and 3D object/scene reconstruction.Various contributions referred to the utilization, integration, modeling and performance analyses of imaging and ranging sensors in the industry sector, environment and heritage fields. Cultural Heritage (including Underwater) attracted many submissions with various worldwide applications which depicted how 3D documentation is increasingly used and crucial for conservation, preservation and valorisation needs.We believe these volumes nicely recap the state of the art, current trends and possible applications in photogrammetry, with a nice overlook at the forthcoming years of investigations.On behalf of Technical Commission II, we would like to thank the local organisers of the 2020 ISPRS Congress, the members of the international program committee, all Working Group officers and all reviewers for their hard organizational work and efforts in the paper reviewing process.",2020,2020-08-12,editorial,en,1,0,True,diamond,"The international archives of the photogrammetry, remote sensing and spatial information sciences/International archives of the photogrammetry, remote sensing and spatial information sciences",journal,Fabio Remondino; T. Fuse; I. Toschi,Fondazione Bruno Kessler; The University of Tokyo,it; jp,2,1,3D Surveying and Cultural Heritage; Satellite Image Processing and Photogrammetry; Remote Sensing and LiDAR Applications,Photogrammetry; Point cloud; Geospatial analysis; Computer science; Documentation; Cultural heritage; Commission; Orthophoto; Data science; Artificial intelligence; Remote sensing; Geography; Archaeology; Programming language; Economics; Finance,,,machine learning; deep learning,2,jp,v1,2026-08-13
https://openalex.org/W3207250873,https://doi.org/10.1117/12.2608065,BAPGAN: GAN-based bone age progression of femur and phalange x-ray images,"Convolutional Neural Networks play a key role in bone age assessment for investigating endocrinology, genetic, and growth disorders under various modalities and body regions. However, no researcher has tackled bone age progression/regression despite its valuable potential applications: bone-related disease diagnosis, clinical knowledge acquisition, and museum education. Therefore, we propose Bone Age Progression Generative Adversarial Network (BAPGAN) to progress/regress both femur/phalange X-ray images while preserving identity and realism. We exhaustively confirm the BAPGAN’s clinical potential via Fr´echet Inception Distance, Visual Turing Test by two expert orthopedists, and t-Distributed Stochastic Neighbor Embedding.",2022,2022-04-01,conference-paper,en,1,29,False,closed,Medical Imaging 2022: Computer-Aided Diagnosis,conference,Shinji Nakazawa; Changhee Han; Joe Hasei; Yuichi Nakahara; Toshifumi Ozaki,Okayama University; Saitama Prefectural University,jp,1,0,Radiomics and Machine Learning in Medical Imaging; Medical Imaging and Analysis; Hip disorders and treatments,Femur; Medicine; Materials science; Surgery,,,neural network; convolutional,2,jp,v1,2026-08-13
https://openalex.org/W3046031607,https://doi.org/10.48550/arxiv.2007.13976,Self-supervised Neural Audio-Visual Sound Source Localization via Probabilistic Spatial Modeling,"Detecting sound source objects within visual observation is important for autonomous robots to comprehend surrounding environments. Since sounding objects have a large variety with different appearances in our living environments, labeling all sounding objects is impossible in practice. This calls for self-supervised learning which does not require manual labeling. Most of conventional self-supervised learning uses monaural audio signals and images and cannot distinguish sound source objects having similar appearances due to poor spatial information in audio signals. To solve this problem, this paper presents a self-supervised training method using 360° images and multichannel audio signals. By incorporating with the spatial information in multichannel audio signals, our method trains deep neural networks (DNNs) to distinguish multiple sound source objects. Our system for localizing sound source objects in the image is composed of audio and visual DNNs. The visual DNN is trained to localize sound source candidates within an input image. The audio DNN verifies whether each candidate actually produces sound or not. These DNNs are jointly trained in a self-supervised manner based on a probabilistic spatial audio model. Experimental results with simulated data showed that the DNNs trained by our method localized multiple speakers. We also demonstrate that the visual DNN detected objects including talking visitors and specific exhibits from real data recorded in a science museum.",2020,2020-07-28,preprint,en,2,36,True,green,arXiv (Cornell University),repository,Yoshiki Masuyama; Yoshiaki Bando; Kohei Yatabe; Yoko Sasaki; Masaki Onishi; Yasuhiro Oikawa,National Institute of Advanced Industrial Science and Technology; Waseda University,jp,1,0,Speech and Audio Processing; Music and Audio Processing; Speech Recognition and Synthesis,Computer science; Artificial intelligence; Probabilistic logic; Monaural; Audio visual; Acoustic source localization; Speech recognition; Spatial analysis; Pattern recognition (psychology); Computer vision; Sound (geography); Acoustics; Physics; Geology; Multimedia; Remote sensing,,,neural network,1,jp,v1,2026-08-13
https://openalex.org/W4406266704,https://doi.org/10.1109/gcce62371.2024.10760631,End-to-End Paper Fiber Classification Using Consumer Digital Camera: A Practical Approach for Non-Destructive Analysis,"This study presents a practical end-to-end scheme for non-destructive paper fiber classification using consumer-grade digital cameras and deep learning models. Macro images of Kozo, Mitsumata, and Gampi fibers were captured with an Olympus TG-5 camera and processed using the Nvidia Jetson Nano for real-time classification. EfficientNet-B0 and InceptionResNet-v2 models were compared, with InceptionResNet-v2 achieving higher accuracy (79.86%) than EfficientNet-B0 (72.37%). Despite EfficientNet-B0's computational efficiency, InceptionResNet-v2's superior performance is due to its deeper architecture and enhanced feature extraction. This study bridges the gap between advanced machine learning techniques and practical applications, enabling on-site non-destructive analysis in museums and other settings. Future work will integrate multi-scale patch classification and develop comprehensive methods for whole-image analysis.",2024,2024-10-29,conference-paper,en,1,0,False,closed,,,Kosuke Ashino; Yexin Zhou; Yoichi Ohyanagi; Koji Shibazaki; Naoki Kamiya,Aichi Prefectural University; Aichi University; Seirei Women's Junior College,jp,1,0,Industrial Vision Systems and Defect Detection,Computer science; Digital camera; Fiber; End-to-end principle; Computer vision; Artificial intelligence; Materials science; Composite material,,,machine learning; deep learning,2,jp,v1,2026-08-13
https://openalex.org/W4313393960,https://doi.org/10.1541/ieejeiss.143.82,Development of Feature Extraction System for WADA Kunibo's works Focusing on Color,"This study proposes a system to extract the characteristics of the works of Kunibo Wada, an artist from Kagawa Prefecture, Japan, using image analysis technology. It is difficult for young designers to learn the style of Kunibo’s works of art simply by visiting art museums and viewing his works. Therefore, we have developed a system that helps young designers to understand the style of Kunibo’s works more easily than they have been able to do in the past. The system analyzes Kunibo’s style using artificial intelligence and helps young designers to understand his style by classifying works with similar styles. In particular, we developed an algorithm to extract features related to accent colors and ""Kasumi"" a technique for emphasizing objects. The results of evaluation experiments showed that both the precision rate and recall rate were sufficient for young designers to understand the style, which was the objective of the project. We expect that young designers will be inspired by the style of existing works of art to transmit culture from a new perspective, and to redesign and develop their works across fields.",2022,2022-12-31,article,en,1,2,False,closed,IEEJ Transactions on Electronics Information and Systems,journal,Maki Togawa; Ryota Ozawa; Fuka Kuwamura; Yuki Takagaki; Miki Nishitani; Haruo Ôba; Koji Kida,Kagawa University,jp,1,0,Industrial Vision Systems and Defect Detection; Advanced Vision and Imaging; Digital Media and Visual Art,Style (visual arts); Stress (linguistics); Perspective (graphical); Computer science; Feature (linguistics); Artificial intelligence; Recall; Linguistics; Visual arts; Art; Psychology; Speech recognition; Cognitive psychology; Philosophy,,,artificial intelligence,1,jp,v1,2026-08-13
https://openalex.org/W7114912038,https://doi.org/10.1109/gcce65946.2025.11274748,License Plate Recognition Using Deep Learning to Manage Overtourism: a Case Study of Shirakawa-go Parking Areas,"This study proposes a deep learning-based license plate recognition (LPR) system implemented at parking areas in Shirakawa-go, a UNESCO World Heritage site. The system automatically identifies and recognizes vehicle license plates from surveillance footage, enabling the analysis of tourist traffic patterns. The extracted data provide insights into the origin of visitors, visit frequency, and rental car usage, offering valuable information for regional tourism planning and future data-sharing efforts. The proposed system presents an efficient and automated approach to monitoring tourist flows, with strong potential for practical applications in small-scale destinations. Possible use cases include mitigating overtourism, alleviating parking congestion, optimizing resource allocation in areas with limited funding and staffing, and informing responses to behavioral issues such as visitor etiquette violations. By minimizing on-site labor and enabling data-driven decision-making, the system contributes to sustainable and responsible tourism management in culturally significant rural areas.",2025,2025-09-23,conference-paper,,0,5,False,closed,,,Mingxiu Bian; Yunhao Tu; Mayu Urata; Mamoru Endo,Chubu University; Nagoya University,jp,1,0,Vehicle License Plate Recognition; Smart Parking Systems Research; Video Surveillance and Tracking Methods,License; Visitor pattern; Tourism; Renting; Transport engineering; Deep learning; Computer science; Resource (disambiguation); Etiquette; Business; Artificial intelligence; Parking guidance and information; Orthophoto; Computer security; Engineering; Cultural heritage; Information system,,,deep learning,1,jp,v1,2026-08-13
https://openalex.org/W4408521438,https://doi.org/10.1109/cw64301.2024.00061,Restoration of Taikhar Rock Painting with Color Image Processing,"Rock art is a valuable cultural heritage that is susceptible to vandalism of counterfeit inscriptions. It is crucial to identify and eliminate counterfeit inscriptions and restore the historical text of cultural heritage. Image processing techniques can be utilized for reconstructing images of cultural heritage. In our prior research, we employed deep learning to identify counterfeit and cultural heritage texts on the Taikhar rock paintings in Arkhangai Province in Mongolia. This article explores the potential for enhancing cultural heritage text on previously extracted petroglyphs through experimentation. In the image reconstruction process, we focused on the red color channel using color image processing techniques, yielding significant outcomes. Furthermore, we conducted experiments involving a series of image enhancement methods. The images obtained from the experiments underwent re-enhancement using the DStretch plug-in. We verified our method to improve the results of some images compared to directly stretching the original image with the DStretch plug-in. Once the colors of the cultural heritage text on the Taikhar rock are clarified, alternative restoration approaches can be implemented.",2024,2024-10-29,conference-paper,en,0,1,False,closed,,,Ganchimeg Ganbold; Mengbo You; Kouichi Konno; Bataa Otgonbayar,Iwate University; Mongolian University of Science and Technology,jp; mn,2,1,Image Processing and 3D Reconstruction,Painting; Computer science; Computer vision; Artificial intelligence; Image restoration; Rock art; Computer graphics (images); Image (mathematics); Image processing; Geology; Art; Visual arts; Archaeology; Geography,,,deep learning,1,jp,v1,2026-08-13
https://openalex.org/W7124565017,https://doi.org/10.1038/s40494-026-02305-0,Multi-view image fusion using knowledge distillation for classification of ancient glass beads excavated in Japan,"Ancient glass beads excavated across Japan are key materials for understanding cultural exchanges across the Eurasian continent. Conventional analysis relies on expert inspection and chemical composition measurements, making large-scale investigations difficult. To address this issue, we propose a machine learning framework for classifying ancient artifacts using only image data. To correctly classify ancient glass beads based on their provenance, capturing both fine surface details and overall shapes is essential. We achieve this by integrating convolutional neural networks (CNNs) and vision transformers (ViTs) into a single architecture and employing dual-view (Top and Side) image fusion to emulate expert observation. Furthermore, our framework incorporates bidirectional knowledge distillation between models and viewpoints to ensure feature consistency and efficient multiview fusion. Experiments demonstrate that although the proposed method does not always achieve the highest average accuracy, it exhibits the lowest performance variance across folds, indicating stable classification performance even for rare classes. This study demonstrates for the first time that an image-only approach is effective for the provenance estimation of ancient glass beads. Our findings demonstrate the potential of image-based approaches for analyzing archaeological materials and highlight their promise for advancing archaeological research.",2026,2026-01-17,article,en,0,13,True,hybrid,npj Heritage Science,journal,Tsubasa FUKUCHI; Tomomi Tamura; Kaori Fukunaga,Nara National Research Institute for Cultural Properties; Yokohama National University,jp,1,0,Image Processing and 3D Reconstruction; Cultural Heritage Materials Analysis; Archaeological Research and Protection,Artificial intelligence; Computer science; Convolutional neural network; Consistency (knowledge bases); Feature (linguistics); Deep learning; Pattern recognition (psychology); Machine learning; Viewpoints; Feature extraction; Artificial neural network; Hyperspectral imaging; Distillation; Sensor fusion; Fusion; Image (mathematics); Contextual image classification; Complementarity (molecular biology); Key (lock); Data mining; Expert system; Image fusion; Computer vision,,,machine learning; neural network; convolutional,3,jp,v1,2026-08-13
https://openalex.org/W7163081966,https://doi.org/10.34551/0002001375,"“Menburyu: Past, Present and Future” Exhibition 2018 : A Reflective Report (Part 2) : Exploring the History of a Secret Scroll about the Art of Furyu [ 浮立 ] : Partly through Human-AI Collaboration","This article explores the history of an ancient scroll known as the Furyu Ougi Hisho [ 浮立奥義秘書 ] kept secret for generations in Imari in Saga Prefecture, Japan. Actually entitled Kojitsu [ 古實 ], it is considered to be a possible origin of ancient Furyu [ 浮立 ] rituals in the region, which the author considers a branch of Furyu [ 風流 ] rituals in Japan categorized as Furyu-Odori, which was added to the Representative List of the Intangible Cultural Heritage of Humanity by UNESCO in 2022. Stories about the discovery of the scroll and ensuing fieldwork are told. Having reviewed regional Furyu [ 浮立 ] rituals, the scroll’s content is presented. Analysis reveals apparent roots in Gagaku [ 雅楽 ], which itself was added to the Representative List of the Intangible Cultural Heritage of Humanity by UNESCO in 2009, and at least one possible connection to Noh theatre, which was added to the Representative List of the Intangible Cultural Heritage of Humanity as Nôgaku by UNESCO in 2008. The Kojitsu [ 古實 ] thus scroll seems to lie at a tripartite intersection point between Furyu-Odori, Gagaku and Nôgaku, all of which form part of the Intangible Cultural Heritage of Humanity. But what does it mean to be human? Humanity faces an uncertain future considering accelerating developments in artificial intelligence. What should university educators do about this? The author collaborated with artificial intelligence (AI) Assistant Claude Sonnet 4 (by Anthropic) when developing this article. It concludes with suggestions about how university educators should proceed in the future in relation to the themes outlined above.",2025,2025-12-01,article,en,0,0,True,green,Institutional Repositories DataBase (IRDB),repository,Ann Houghton Stephanie,Saga University,jp,1,0,Japanese History and Culture; Diverse Musicological Studies; Artificial Intelligence Applications,Humanity; Exhibition; Intangible cultural heritage; Cultural heritage; Cultural history; Clothing; Sociology; Aesthetics; Scroll; Visual arts; Sonnet; History; Humanism; Point (geometry); Art history; Cultural heritage management; Art; World heritage; Cultural artifact; Environmental ethics; Law; Anthropology; Intersection (aeronautics); Cultural identity; Media studies,,,artificial intelligence,1,jp,v1,2026-08-13
https://openalex.org/W7131836343,https://doi.org/10.1117/12.3100612,A study on image acquisition methods to improve classification accuracy of excavated ceramics,"A wide variety of ceramics have been excavated from archaeological sites in Japan. These ceramics vary widely in production locations, eras, types, and decorative patterns, making classification difficult for non-experts. This study investigates image acquisition methods to improve the classification accuracy of excavated ceramics using convolutional neural networks (CNNs). To enhance classification accuracy, the effects of ceramic fragment presence and background trimming on classification performance using a data set containing both intact ceramics and fragments are experimentally evaluated. The results suggest that training with non-fragmented ceramics and applying background trimming may improve classification accuracy.",2026,2026-02-27,conference-paper,,0,0,False,closed,,,Ryuki Abe; Mengbo You; Kouich Konno; Atsushi Noguchi,Iwate University; Komatsu University,jp,1,0,Image Processing and 3D Reconstruction; Tunneling and Rock Mechanics; 3D Surveying and Cultural Heritage,Trimming; Ceramic; Artificial intelligence; Convolutional neural network; Contextual image classification; Set (abstract data type); Computer science; Training set; Data acquisition; Pattern recognition (psychology); Computer vision; Data set; Geology; Remote sensing; Training (meteorology); Variety (cybernetics); Image (mathematics); Artificial neural network; Mineralogy,,,neural network; convolutional,2,jp,v1,2026-08-13
https://openalex.org/W7164145816,https://doi.org/10.67148/fahss-2026-200,Application of AIGC in the Protection and Living Inheritance of Shu Brocade,"As a national intangible cultural heritage, Shu Brocade embodies profound historical heritage and artistic value. However, its inheritance confronts challenges in the current era, such as the loss of inheritors, skill discontinuity, insufficient market adaptability, and the necessity to enhance the effectiveness of cultural communication. This paper takes AIGC as the core empowering tool. First, it clarifies the current status of Shu Brocade inheritance and its core dilemmas through literature analysis. Then, by combining the proven AIGC application paradigms in the field of intangible cultural heritage with the unique characteristics of Shu Brocade, it defines the integration logic and key entry points of the two. Finally, it proposes AIGC-based practical paths, including constructing a multi-dimensional Shu Brocade cultural knowledge graph to support model training, developing specialized sub-models for pattern lightweight processing, skill digitization transformation, and bilingual content generation, and building a multi-scenario communication system covering digital protection, innovative design, and living inheritance. The purpose is to provide a practical basis for the protection and inheritance of Shu Brocade and, at the same time, construct a reference paradigm for the integration of traditional craft intangible cultural heritage with advanced digital technologies.",2026,2026-06-07,article,,0,0,True,hybrid,Frontiers in Arts Humanities & Social Sciences,journal,Xinyao Pei; Xue Yang,Chongqing University of Technology; Macao Polytechnic University; The Polytechnic University of Japan,cn; jp; mo,3,1,"Environmental Engineering and Cultural Studies; Crafts, Textile, and Design; Image Processing and 3D Reconstruction",Inheritance (genetic algorithm); Intangible cultural heritage; Digitization; Cultural heritage; Craft; Construct (python library); Key (lock); Knowledge management; Sociology; Field (mathematics); Computer science; Cultural inheritance; Genealogy; Engineering; Traditional knowledge,,,knowledge graph,1,jp,v1,2026-08-13
https://openalex.org/W7128444546,https://doi.org/10.3390/buildings16040714,Quantitative Perceptual Analysis of Feature-Space Scenarios in Network Media Evaluation Using Transformer-Based Deep Learning: A Case Study of Fuwen Township Primary School in China,"Against the dual backdrop of the rural revitalization strategy and the pursuit of high-quality, balanced urban–rural education, optimizing rural campus spaces has emerged as an important lever for addressing educational resource disparities and improving pedagogical quality. However, conventional evaluation of campus space optimization faces two systemic dilemmas. First, top-down decision-making often neglects the authentic needs of diverse stakeholders and place-based knowledge, resulting in spatial interventions that lose regional distinctiveness. Second, routine public participation is constrained by geographical barriers, time costs, and sample-size limitations, which can amplify professional cognitive bias and impede comprehensive feedback formation. The compounded effect of these challenges contributes to a disconnect between spatial optimization outcomes and perceived needs, thereby constraining the distinctive development of rural educational spaces. To address these constraints, this study proposes a novel method that integrates regional spatial feature recognition with digital media-based public perception assessment. At the data collection and ethical governance level, the study strictly adheres to platform compliance and academic ethics. A total of 12,800 preliminary comments were scraped from major social media platforms (e.g., Douyin, Dianping, and Xiaohongshu) and processed through a three-stage screening workflow—keyword screening–rule-based filtering–manual verification—to yield 8616 valid records covering diverse public groups across China. All user-identifying information was fully anonymized to ensure lawful use and privacy protection. At the analytical modeling level, we develop a Transformer-based deep learning system that leverages multi-head attention mechanisms to capture implicit spatial-sentiment features and metaphorical expressions embedded in review texts. Evaluation on an independent test set indicates a classification accuracy of 89.2%, aligning with balanced and stable scoring performance. Robustness is further strengthened by introducing an equal-weight alternative strategy and conducting stability checks to indicate the consistency of model outputs across weighting assumptions. At the scenario interpretation level, we combine grounded-theory coding with semantic network analysis to establish a three-tier spatial analysis framework—macro (landscape pattern/hydro-topological patterns), meso (architectural interface), and micro (teaching scenes/pedagogical scenarios)—and incorporate an interpretive stakeholder typology (tourists, residents, parents, and professional groups) to systematically identify and quantify key features shaping public spatial perception. Findings show that, at the macro level, naturally integrated scenarios—such as “campus–farmland integration” and “mountain–water embeddedness”—exhibit high affective association, aligning with the “mountain-water-field-village” spatial sequence logic and suggesting broad public endorsement of ecological campus concepts, whereas vernacular settlement-pattern scenarios receive relatively low attention due to cognitive discontinuities. At the meso level, innovative corridor strategies (e.g., framed vistas and expanded corridor spaces) strengthen the building–nature interaction and suggest latent value in stimulating exploratory spatial experience. At the micro level, place-based practice-oriented teaching scenes (e.g., intangible cultural heritage handcraft and creative workshops) achieve higher scores, aligning with the compatibility of vernacular education’s “differential esthetics,” while urban convergence-oriented interdisciplinary curriculum scenes suggest an interpretive gap relative to public expectations. These results indicate an embedded relationship between public perception and regional spatial features, which is further shaped by a multi-actor governance process—characterized by “Government + Influencers + Field Study”—that mediates how rural educational spaces are produced, communicated, and interpreted in digital environments. The study’s innovative value lies in integrating sociological theories (e.g., embeddedness) with deep learning techniques to fill the regional and multi-actor perspective gap in rural campus POE and to promote a methodological shift from “experience-based induction” toward a “data-theory” dual-drive model. The findings provide inferential evidence for rural campus renewal and optimization; the methodological pipeline is transferable to small-scale rural primary schools with media exposure and salient regional ecological characteristics, and it offers a new pathway for incorporating digital media-driven public perception feedback into planning and design practice. The research methodology of this study consists of four sequential stages, which are implemented in a systematic and progressive manner: First, data collection was conducted: Python and the Octopus Collector were used to crawl online comment data related to Fuwen Township Central Primary School, strictly complying with the user agreements of the Douyin, Dianping, and Xiaohongshu platforms. Second, semantic preprocessing was performed: The evaluation content was segmented to generate word frequency statistics and semantic networks; qualitative analysis was conducted using Origin software, and quantitative translation was realized via Sankey diagrams. Third, spatial scene coding was carried out: Combined with a spatial characteristic identification system, a macro–meso–micro three-tier classification system for spatial scene characteristics was constructed to encode and quantitatively express the textual content. Finally, sentiment quantification and correlation analysis was implemented: A deep learning model based on the Transformer framework was employed to perform sentiment quantification scoring for each comment; Sankey diagrams were used to quantitatively correlate spatial scenes with sentiment tendencies, thereby exploring the public’s perceptual associations with the architectural spatial environment of rural campuses.",2026,2026-02-09,article,en,1,30,True,gold,Buildings,journal,Yixin Liu; Yixin Liu; Zhimin Li; Lin Luo; Simin Wang; Ruqin Wang; Ruonan Wu; Dingchang Xia; Sirui Cheng; Zejing Zou; Xuanlin Li; Yujia Liu; Yujia Liu; Yingtao Qi,Hokkaido University; Xi'an Jiaotong University; Xi'an University of Architecture and Technology; Xi'an University of Science and Technology,cn; jp,2,1,Advanced Technologies in Various Fields; Ideological and Political Education; Advanced Data and IoT Technologies,Corporate governance; Psychological intervention; Social media; Set (abstract data type); Perception; Digital divide; Computer science; Deep learning; China; Resource allocation; Resource (disambiguation); Test (biology); Knowledge management; Space (punctuation); Data collection; Data science; Focus group; Public relations; Psychology; Digital learning; Feature (linguistics); Artificial intelligence; Survey data collection; Cognition; Educational technology; Information and Communications Technology; Baseline (sea); Public domain; Spatial analysis; Transfer of learning; Dual (grammatical number); Compliance (psychology); Digital media; Public policy; Public participation,,,deep learning,1,jp,v1,2026-08-13
https://openalex.org/W7106831009,https://doi.org/10.48448/fmry-df15,NileChat: Towards Linguistically Diverse and Culturally Aware LLMs for Local Communities,"Enhancing the linguistic capabilities of Large Language Models (LLMs) to include low-resource languages is a critical research area. Current research directions predominantly rely on synthetic data generated by translating English corpora, which, while demonstrating promising linguistic understanding and translation abilities, often results in models aligned with source language culture. These models frequently fail to represent the cultural heritage and values of local communities. This work proposes a methodology to create both synthetic and retrieval-based pre-training data tailored to a specific community, considering its \textit{(i) language}, \textit{(ii) cultural heritage}, and \textit{(iii) cultural values}. We demonstrate our methodology using Egyptian and Moroccan dialects as testbeds, chosen for their linguistic and cultural richness and current underrepresentation in LLMs. As a proof-of-concept, we developed \textit{NileChat}, a 3B parameter LLM adapted for Egyptian and Moroccan communities, incorporating their language, cultural heritage, and values. Our results on various understanding, translation, and cultural and values alignment benchmarks show that \textit{NileChat} outperforms existing Arabic-aware LLMs of similar size and performs on par with larger models. We are sharing our methodology, data, and models with the community to promote the inclusion and coverage of more diverse communities in LLM development.",2025,2025-10-10,other,,0,0,True,green,Open MIND,repository,"Association for Computational Linguistics 2025; Abdul-Mageed, Muhammad; Atou, Houdaifa; EL MEKKI, Abdellah; NACAR, OMER; Shehata, Shady",The Polytechnic University of Japan; The World Academy of Sciences; University of British Columbia; University of Waterloo; Université Mohammed VI Polytechnique,ca; it; jp; ma,4,1,,Cultural diversity; Linguistic diversity; Linguistics; Inclusion (mineral); Computer science; Work (physics); Cultural heritage; Sociology; Translation (biology); Cultural values; Culturally appropriate; Language model; Heritage language; Natural language processing; Diversity (politics); Species richness; Artificial intelligence; Cultural competence; Geography,,,large language model,1,jp,v1,2026-08-13
https://openalex.org/W7133888872,https://doi.org/10.1680/jenhh.2026.179.1.1,Editorial,"How should we transmit historical and cultural heritage to future generations? Heritage does not remain static; its functions, meanings and contexts evolve over time. Some structures lose their original purpose, while others continue to be used yet require adaptation to new social, environmental or technical conditions. In all such cases, their continued existence is not self-evident. Decisions must be made regarding preservation, transformation or even partial loss. In some instances, allowing gradual decay may be considered an authentic response. Yet in many situations, inaction risks not only the erosion of cultural value but also physical danger, particularly in the case of structures and artefacts embedded within living communities.Heritage conservation therefore requires difficult decisions. The principle of minimum intervention has long guided practice; however, preserving value and intervening in fabric can often generate confliction. To sustain heritage as a living cultural resource, it is essential to identify its fundamental values and determine what should be transmitted to the future. The best available technologies of each era can then be mobilized to enable safe and meaningful engagement for present and future generations. Intervention is not simply a technical matter; it is a decision making process grounded in ethical and social deliberation among stakeholders.The first paper in this issue examines mineral loading docks along the Spanish coast as significant yet vulnerable elements of industrial cultural landscapes. It distinguishes between two principal structural typologies – pile-supported and cantilever systems – each shaped by local coastal conditions and historical construction practices. Many have been lost since mining ceased to be a major industry, and several of the surviving docks, once constructed using cast or puddled iron and later steel, now face severe deterioration under aggressive marine exposure.Through detailed historical investigation and structural assessment, the study explores how corrosion, material degradation and section loss affect load-bearing capacity. The authors highlight the challenges inherent in evaluating existing metal structures whose material properties and fabrication details vary and are not always fully documented. Decisions must therefore balance accurate condition assessment, appropriate safety margins and the principle of minimum intervention. Drawing on three recent restoration projects, the study demonstrates how careful documentation, structural analysis and targeted reinforcement can reconcile conservation with adaptive reuse. By integrating these former industrial infrastructures into tourism and leisure activities, the projects seek not only to preserve authenticity but also to generate renewed socioeconomic relevance. The paper underscores that engineering intervention is rarely a single event; it requires long-term maintenance strategies and sustainable economic models to ensure that heritage remains a viable cultural asset rather than a public burden (Hernández Lamas and Martín-Caro, 2026).The second contribution addresses a different yet complementary dimension of intervention: digital restoration of mural heritage through artificial intelligence. Recognising the limitations and risks of conventional physical restoration methods, the study proposes a framework that enhances and reconstructs mural images using advanced image-processing and deep-learning techniques. By achieving high levels of efficiency and visual accuracy, the approach expands the conservation technology while reducing invasive treatment.In many heritage contexts, especially where the scale is considerable, preserving the entirety of the physical fabric in situ demands substantial technical effort, financial commitment and ongoing maintenance obligations over extended periods. This raises a fundamental question: should priority be given to the material fabric itself onsite, or to the continuity of place, its social context and lived experience? In some cases, fragments may be relocated, artworks transferred and archaeological remains reburied after excavation to protect the original material. Digital reconstruction can then provide a powerful means of documentation, interpretation and public engagement. Because intervention in original fabric is often irreversible, the possibility of restoring or visualising heritage in the digital domain allows evolving knowledge to be applied without further material loss. While cultural heritage is never solely a visual experience and its physical presence remains invaluable, digital technologies broaden the spectrum of technically feasible options (Liu, 2026).Taken together, these contributions illustrate two technically distinct yet conceptually related responses to the same fundamental challenge: how to sustain heritage without compromising its essential values. The restoration of mineral loading docks demonstrates a comprehensive in situ strategy, combining structural reinforcement, adaptive reuse and maintenance planning to ensure that large-scale industrial heritage can remain physically present and socially relevant. In contrast, the digital restoration of mural heritage represents a deliberately restrained approach to material intervention, preserving fragile fabric while extending interpretation and accessibility through virtual reconstruction. By designing technically sound strategies proportionate to scale, material condition and cultural significance, engineering practice can mediate between preservation and contemporary engagement. This issue of Engineering History and Heritage reflects that expanding spectrum of approaches, inviting continued dialogue on how evolving technologies may responsibly serve the cultural heritage we inherit.",2026,2026-03-05,editorial,en,0,2,True,bronze,Proceedings of the Institution of Civil Engineers - Engineering History and Heritage,journal,Kaori Fujita,The University of Tokyo; Tokyo University of Technology,jp,1,0,Civil and Structural Engineering Research; Construction Engineering and Safety; Concrete Corrosion and Durability,Deliberation; Cultural heritage; Environmental ethics; Process (computing); Value (mathematics); Intervention (counseling); Adaptation (eye); Sociology; Industrial heritage; Principal (computer security); Cultural heritage management; Variety (cybernetics); Environmental planning; Engineering; Engineering ethics; Epistemology; Political science; Environmental resource management; Architectural engineering; Public relations; History; Business; Management science,,,artificial intelligence,1,jp,v1,2026-08-13
https://openalex.org/W4411206632,https://doi.org/10.1109/ichora65333.2025.11017120,Digital Curation of Traditional Culture Based on VR and AI Interactive Technology: Taking Art into Schools as an Example,"This paper explores the innovative use of digital curation, specifically through virtual reality (VR) and artificial intelligence (AI), in preserving and promoting traditional cultural heritage within school curricula. By integrating these technologies, educators and students can engage more deeply with traditional art forms, enhancing cultural understanding and appreciation. Using a systematic literature review (SLR) based on the PRISMA guidelines, this study analyses existing research on the application of digital tools in cultural preservation. The findings indicate that VR and AI increase immersion and interaction, making cultural education more accessible and engaging. Key trends, opportunities, and challenges in deploying these technologies in educational settings are highlighted, alongside gaps in current research and recommendations for future studies. The paper underscores the necessity of adopting digital technologies in education to preserve cultural heritage and foster critical thinking and creativity among students. By bridging traditional cultural practices with modern educational contexts, VR and AI offer significant potential to enrich cultural learning.",2025,2025-05-23,conference-paper,en,0,0,False,closed,,,Linfeng Shen,College of Industrial Technology; Xuzhou College of Industrial Technology,jp,1,0,Innovative Educational Techniques,Computer science; Human–computer interaction; Multimedia; Data curation; Computer graphics (images); World Wide Web,,,artificial intelligence,1,jp,v1,2026-08-13
https://openalex.org/W4410499406,https://doi.org/10.59490/dgo.2025.938,Digital Governance and Institutional Challenges in Rural Heritage Restoration,"This study aims to analyze the challenges faced by local governments in the preservation and restoration of rural historical buildings in Peru, using the Caqui Hacienda in the Chancay Valley as a representative case. It is proposed that the rigidity of Peruvian regulations on cultural heritage, combined with the limited technical and budgetary capacity of local administrations, represents a significant obstacle to the recovery of these properties. Additionally, other barriers are identified, such as the weak implementation of digital governance, lack of institutional coordination, and limited availability of accessible digital platforms for citizens. Through an exploratory qualitative approach that combines historical analysis, regulatory review, field observation, and surveys of public works professionals, the study seeks to evaluate how the adoption of technological tools and the modernization of public policies could contribute to a more efficient, transparent, and sustainable management of cultural heritage. The expected results aim to provide evidence on the need for regulatory reforms and institutional strengthening and to propose the use of emerging technologies, such as artificial intelligence, in the monitoring and restoration processes of historical heritage in rural contexts.",2025,2025-05-19,conference-paper,en,0,0,True,hybrid,Conference on Digital Government Research,journal,Oscar Miranda-Hospinal; David Valle-Cruz; Carlos Cuadra,Akita Prefectural University; National University of Engineering; Universidad Autónoma del Estado de México,jp; mx; pe,3,1,Cultural Heritage Management and Preservation,Corporate governance; Political science; Environmental planning; Business; Geography; Finance,,,artificial intelligence,1,jp,v1,2026-08-13
https://openalex.org/W4400939330,https://doi.org/10.3756/artsci.23.3_1,Matching up Stone Tools and Storage Bags via Deep Learning of Stable Posture Images,"Ancient stone tools excavated from ruins are important materials for archaeological research. The manufacturing process of stone tools is revealed by frequently assembling and disassembling the joining materials. Each stone tool is stored in a bag with its identification number and photo. However, storage and management of stone tools may occur human errors, such as mis-recognition and mistaking of the storage bag. This study proposes an image-based identification method to match each stone tool with its corresponding storage bag. Two commonly used stable postures were defined for each stone tool. The collected image dataset is used for deep learning of an untrained CNN model and seven pre-trained models. The experimental results showed better accuracy and processing speed than those of previous research. Finally, three of the models with high classification performances are selected to construct the detector with the YOLO framework for practical scenario.",2024,2024-06-26,article,en,0,27,True,diamond,The Journal of the Society for Art and Science,journal,Mengbo You; Fumito Chiba; Kouichi Konno,Iwate University,jp,1,0,Image Processing and 3D Reconstruction; Dental Radiography and Imaging; 3D Surveying and Cultural Heritage,Artificial intelligence; Computer science; Computer vision; Matching (statistics); Mathematics; Statistics,,,deep learning,1,jp,v1,2026-08-13
https://openalex.org/W4412724550,https://doi.org/10.3756/artsci.24.3_1,Tumulus Distribution Prediction in the Iwase Senzuka Tumulus Cluster with Topographic Maps,"Conducting comprehensive excavations in the extensive areas surrounding ancient tumulus clusters can reveal the locations of undiscovered tumuli.However, such endeavors demand significant manpower, resources, and time.By preemptively estimating the locations of these tumuli, we can avoid unnecessary excavations and improve efficiency.This study aims to examine the correlation between the distribution of ancient tumuli and topographical features.Leveraging this correlation, our goal is to forecast the likelihood of encountering ancient tumuli in various unexplored areas around the Iwase Senzuka tumulus cluster.This paper proposes a novel method to analyze the topographic point cloud data.The method involves superimposing archaeological markings onto the derived topographic map for annotation, cropping out patches and combining them to predict the likelihood of tumulus presence.The generated 2D distribution heatmaps are integrated and mapped to a color-coded point cloud for simultaneous observation of the important feature distribution identified by the deep learning network and examination of the 3D topography.",2025,2025-06-30,article,en,0,23,True,diamond,The Journal of the Society for Art and Science,journal,Mengbo You; Kouichi Konno; Atsushi Noguchi; Ryosuke Nakamura; Yuichi Takata,Iwate University; Komatsu University; Nara National Research Institute for Cultural Properties; National Institute of Advanced Industrial Science and Technology,jp,1,0,AI in cancer detection; Genomics and Phylogenetic Studies; Forensic and Genetic Research,Geology; Cluster (spacecraft); Geography; Geometry; Mathematics; Computer science; Programming language,,,deep learning,1,jp,v1,2026-08-13
https://openalex.org/W4414272447,https://doi.org/10.1109/ichms65439.2025.11154372,An Automl Approach for the Efficient Classification of Damaged Roofs Using Fuzzy-Transform,"The protection of critical infrastructures is essential for the well-being of citizens and the homeland security. Critical infrastructures, e.g., energy and water distribution, transportation, cultural heritage, etc., must be resilient against external threats, for example cyber-attacks or natural disasters. Regarding the latter, the literature has dealt with the classification of buildings damaged by natural disasters such as hurricanes and earthquakes, which can damage roofs and structures. This is especially important in emergency response and recovery operations for damaged structures, and in particular in the cultural heritage domain, where structures must be protected and repaired in a timely manner to avoid major damages to internal artworks. This paper proposes an approach for the classification of damaged roofs after a natural disaster which uses a combination of traditional and novel features based on Fuzzy-Transform, used to feed an AutoML technique named TPOT. The Fuzzy-Transform features are obtained from the application of the Fuzzy-Transform filter on the aerial grayscale image. The features obtained are then given as input to TPOT, which optimizes machine learning pipelines using genetic programming. Our approach outperforms the existing ones available in literature, with an accuracy of 0.965 and an F1-Score of 0.980.",2025,2025-05-26,conference-paper,en,0,31,False,closed,,,Massimo De Santo; Francesco Flammini; Rosario Gaeta; Hangli Ge; Zia Ur Rehman,Bunkyo University; Dalle Molle Institute for Artificial Intelligence Research; The University of Tokyo; Tokyo City University; University of Applied Sciences and Arts of Southern Switzerland; University of Salerno,ch; it; jp,3,1,Structural Health Monitoring Techniques,Damages; Natural disaster; Natural (archaeology); Computer science; Cultural heritage; Firefighting; Engineering; Resilience (materials science); Filter (signal processing); Forensic engineering; Pipeline transport; Construction engineering; Emergency management; Natural heritage; Energy (signal processing); Civil engineering; Identification (biology); Artificial intelligence,,,machine learning,1,jp,v1,2026-08-13
https://openalex.org/W4414941128,https://doi.org/10.1109/icamechs68051.2025.11180999,KuShulan Paper Cutting Dataset and Benchmark Experiments Using Object Detection,"KuShulan Paper Cutting is a distinctive form of Chinese collage-style paper cutting that integrates cutting, pasting, and layering to produce works rich in visual density and cultural symbolism. Recognized by UNESCO as an important intangible cultural heritage, it features vibrant colors, dense motifs, and abstract forms. However, the visual complexity poses major challenges for conventional object detection models, and no prior work has built a dataset or applied detection techniques tailored to this style. We introduce the KuShulan Paper Cutting Dataset (KSL-PCD), annotated across four semantic categories: person, animal, plant, and daily object. YOLO models are evaluated on the dataset. Larger variants such as YOLOv10x and YOLOv8x achieve the highest detection accuracy, while lightweight models like YOLOv5nu offer faster inference with competitive performance. Nonetheless, all models struggle with small, overlapping, and symbolic elements. These results highlight both the potential of deep learning for cultural heritage applications and the need for architectures adapted to non-photorealistic visual styles. KSL-PCD offers a valuable resource for future work in digital preservation, object recognition, and semantic analysis of folk art.",2025,2025-09-19,conference-paper,en,0,0,False,closed,,,Zhixuan Wang; Yingrui Geng; Ruizi Yao; Chengzhen Meng; Haixin Peng; Xinying Cao; Eunyoung Kim; Lin Meng,Japan Advanced Institute of Science and Technology; Liaoning Normal University; Ritsumeikan University,cn; jp,2,1,Industrial Vision Systems and Defect Detection; Vehicle License Plate Recognition; Image Processing and 3D Reconstruction,Computer science; Object detection; Artificial intelligence; Benchmark (surveying); Inference; Object (grammar); Machine learning; Resource (disambiguation); Cultural heritage; Deep learning; Machine vision; Computer vision; Visualization; Feature extraction; Semantics (computer science); Work (physics); Visual reasoning; Image (mathematics); Data mining,,,deep learning,1,jp,v1,2026-08-13
https://openalex.org/W7109274932,https://doi.org/10.48557/ucikaw,"Replication Data for: ""EU-funded project RITHMS - Deliverable D8.3 OS final summary. WP8 - Management and coordination""","This folder contains some datasets collected and created during the development of the EU-funded project ""Research and Intelligence Technology for Heritage and Market Security"" (RITHMS) (G.A. 101073932). &lt;br&gt; Original data were translated into British English and cleaned of HTML tags. Moreover, data have been structured in nodes and relations. People, organisations, artefacts etc. have been defined as dictionaries with the respective &amp;#35;taxonomy_url representing their class (i.e., the type of node). Relations between the nodes have been created with an appropriate label in &amp;#35;taxonomy_url. This structure can be converted into RDF/OWL or YAML for applications of Knowledge Graph or cultural ontologies (e.g., compatible with CIDOC CRM). For further information on the databases, read &lt;b&gt;README.md&lt;/b&gt;. &lt;br&gt; &lt;br&gt; Please note that publication of the derived datasets have been agreed with the respective owners in specific publishing agreements. &lt;br&gt; &lt;br&gt; The datasets are: &lt;br&gt; 1. &lt;b&gt;CIMEC&lt;/b&gt; &lt;br&gt; The Institute of Cultural Memory in Romania (CIMEC), was founded in 1978 to create and manage multiple databases of Romanian cultural heritage and heritage experts. It is a database that holds information on damaged, stolen, missing, illegally exported, and protected cultural objects. It presents five different portions of data: one concerning the destroyed, stolen, missing, or illegally exported artefacts (which was named ""CIMEC""), one about experts (""CIMEC_EXPERTS""), one about the Romanian museums (""CIMEC_MUSEUMS""), the database of Romanian places of worship ""CIMEC_POW"" and the ""CIMEC_NAR"" that is the dataset of the archaeological sites in Romania. &lt;br&gt; The scraped URLs (some are deprecated/not available anymore) are:&lt;br&gt; &lt;a&gt;https://clasate.furate.ro/Lista_en.asp&lt;/a&gt;&lt;br&gt; &lt;a&gt;https://clasate.cimec.ro/Lista_en.asp&lt;/a&gt;&lt;br&gt; &lt;a&gt;http://acera.cimec.ro/RegistruArheologi.aspx&lt;/a&gt;&lt;br&gt; &lt;a&gt;https://old.cimec.ro/scripts/MuzeeSpecialisti/sel.asp?nr=1&amp;NrSel=0&amp;Lang=EN&lt;/a&gt;&lt;br&gt; &lt;a&gt;https://registru-conservatori-restauratori-r2.cimec.ro/sel.asp?nr=1&amp;NrSel=0&amp;Lang=EN&lt;/a&gt;&lt;br&gt; &lt;a&gt;https://registru-experti-r1.cimec.ro/sel.asp?nr=1&amp;NrSel=0&amp;Lang=EN&lt;/a&gt;&lt;br&gt; &lt;a&gt;https://ghidulmuzeelor.cimec.ro/Muzee-Acreditate.asp&lt;/a&gt;&lt;br&gt; &lt;a&gt;https://lacasuridecult.cimec.ro/EN/Documente/ASP/culte.asp?&lt;/a&gt;&lt;br&gt; &lt;a&gt;https://ran.cimec.ro/sel.asp?lang=EN&lt;/a&gt;&lt;br&gt; 2. &lt;b&gt;ROF&lt;/b&gt; &lt;br&gt; ROF (Romanian Obiecte Furate) database, managed by the Romanian police, records national stolen goods. Data entries are added based on the police reports of stolen goods belonging to both individuals and national institutions. The database encompasses a diverse range of artefact types, including paintings, books, coins, statues, jewellery, and ceramics. &lt;br&gt; The original database is available at the URL &lt;a&gt;https://www.politiaromana.ro/ro/obiecte-furate&lt;/a&gt;. &lt;br&gt; 3. &lt;b&gt;CPKU&lt;/b&gt; &lt;br&gt; CPKU stands for ""Centar protiv krijumcarenja umjetninama"" (Center Against Trafficking in Works of Art). The centre is the most active non-governmental organisation (NGO) working on the preservation of heritage and tracking the trafficking of cultural goods in Bosnia and Herzegovina. CPKU database presents information on stolen and missing works of art from Bosnia and Herzegovina. &lt;br&gt; The original database is available at the URL &lt;a&gt;http://www.cpku.org/baza-nestalih-umjetnina-the-database-of-missing-art/&lt;/a&gt;. &lt;br&gt; &lt;br&gt; For further information on the RITHMS project, please visit &lt;a&gt;https://rithms.eu/&lt;/a&gt;.",2025,2025-10-16,dataset,,0,0,True,green,Istituto Italiano di Tecnologia,repository,"Ferro, Sara; Leeson, Madison; Giovanelli, Riccardo; Bernardin, Michela De; Traviglia, Arianna",Department of Cultural Heritage; Directorate for Cultural Heritage; Osaka Center For Cultural Heritage,jp; lt; no,3,1,,Deliverable; Cultural heritage; Computer science; Romanian; World Wide Web; Publishing; Replication (statistics); The Internet; Information retrieval; Linked data; Database; Data science; Knowledge graph; Workflow; Polysemy; Cultural diversity; Big data; Class (philosophy); Data management; Graph; Cataloging; Relational database; Worship; Information system,,,knowledge graph,1,jp,v1,2026-08-13
https://openalex.org/W4412446449,https://doi.org/10.1109/dsp65409.2025.11075077,A Hybrid Framework for Point Cloud Classification Using Point-Set and Multi-View Information,"3D image classification plays a crucial role in fields such as computer vision, archaeology, and medical imaging, where accurate object recognition is essential. However, 3D classifiers alone may struggle to extract sufficient discriminative features, limiting their accuracy. To address this, we propose a hybrid framework that integrates both 3D and 2D classification techniques. Our approach extracts multi-view 2D projections from 3D objects and leverages them alongside 3D structural features to enhance classification performance. By combining the outputs of both modalities, our framework produces more robust and accurate predictions. We evaluate our framework using three state-of-the-art 3D classifiers (PointNet, PointNet++, and Mamba3D) and three 2D classifiers (ConvNeXt, EfficientNet, and ResNet). We also evaluate different methodologies to combine the predictions of the classifiers. Experimental results show that our hybrid approach consistently outperforms 3D-only classification. On the ModelNet10 dataset, PointNet++ accuracy improved from 88.93% to 94.38%, while on ModelNet40, it increased from 87.56% to 92.67%. These findings highlight the effectiveness of integrating multi-view and 3D classification for improved object recognition.",2025,2025-06-25,conference-paper,en,0,11,False,closed,,,Rio Fukuda; Takuma Gondo; Lee Yoonji; Masayoshi Aritsugi; Hiroki Obata; Israel Mendonça,Kumamoto University,jp,1,0,3D Shape Modeling and Analysis; 3D Surveying and Cultural Heritage; Remote Sensing and LiDAR Applications,Computer science; Point (geometry); Cloud computing; Set (abstract data type); Point cloud; Data mining; Information retrieval; Artificial intelligence; Mathematics; Geometry; Programming language; Operating system,,,computer vision,1,jp,v1,2026-08-13
https://openalex.org/W4319430721,https://doi.org/10.1109/isocc56007.2022.10031291,CNN Acceleration based on Dynamic Pruning and FPGAs Implementation,"Convolutional Neural Networks (CNNs) have achieved exciting performance and are widely used in various fields such as industry, cultural heritage protection, etc. However, CNNs are computational-intensive and resource-consuming, which limits the applications, especially for embedded systems. Therefore, this paper proposes a dynamic pruning method for compacting the mainstream CNNs model. Furthermore, we implement the compacted models on FPGAs for acceleration. Experimental results show that the proposal compress at most 80% parameter and FLOPs, and 80% inference time reduction on FPGAs.",2022,2022-10-19,conference-paper,en,0,7,False,closed,2022 19th International SoC Design Conference (ISOCC),conference,Qi Li; Hengyi Li; Lin Meng,Ritsumeikan University,jp,1,0,Advanced Neural Network Applications; Human Pose and Action Recognition; Anomaly Detection Techniques and Applications,FLOPS; Pruning; Field-programmable gate array; Computer science; Convolutional neural network; Acceleration; Inference; Reduction (mathematics); Computer engineering; Parallel computing; Speedup; Embedded system; Computer architecture; Artificial intelligence; Mathematics; Classical mechanics; Geometry; Biology; Physics; Agronomy,,,neural network; convolutional,2,jp,v1,2026-08-13
https://openalex.org/W7163019339,https://doi.org/10.1016/j.fraope.2026.100652,Uncertainty aware pre-stack seismic inversion using probabilistic neural networks,"Seismic inversion, the process of inferring subsurface properties from seismic signals, is a crucial tool to monitor underground structures in applications such as geotechnical engineering, environmental studies, civil engineering, and archaeology. The predictions derived from seismic inversion play a key role in guiding high-cost decisions, including underground construction, well drilling, and field development. Recent advances in deep neural networks (DNNs) have demonstrated improved accuracy in predicting fine-grained subsurface structures compared to traditional statistical methods. However, most machine learning approaches overlook the uncertainty of predictions due to the ill-posed and noisy inverse problem. By adopting a probabilistic perspective, we maintain the high prediction quality of modern neural networks but advance them with calibrated uncertainty estimates. Tests on two synthetic offshore volumes show that ensembling and probabilistic layers approaches capture the epistemic and aleatoric uncertainties, respectively, and thus provide well-calibrated uncertainty estimates. Compared to the standard linear Bayesian baseline, our method reduces the Mean Squared Error by 39% and the Expected Calibration Error by 44%. Furthermore, we show that the proposed approach remains robust under perturbations of the forward model and training on limited data.",2026,2026-06-01,article,en,0,61,True,gold,Franklin Open,journal,Marco Morik; Erick Costa e Silva Talarico; Matheus Cáfaro Arouca Sobreira; Luiz Alberto Barbosa de Lima; Shinichi Nakajima,Max Planck Institute for the History of Science; Petrobras (Brazil); RIKEN Center for Advanced Intelligence Project; Technische Universität Berlin,br; de; jp,3,1,Seismic Imaging and Inversion Techniques; Drilling and Well Engineering; Seismic Waves and Analysis,Probabilistic logic; Artificial neural network; Inversion (geology); Uncertainty quantification; Calibration; Computer science; Machine learning; Inverse problem; Bayesian probability; Artificial intelligence; Submarine pipeline; Seismic inversion; Key (lock); Data mining; Inverse; Bayesian network; Process (computing); Statistical model; Bayesian inference; Mean squared error; Probabilistic method; Algorithm; Field (mathematics); Probabilistic neural network; Deep neural networks; Uncertainty analysis; Synthetic data; Measurement uncertainty; Deep learning; Mean squared prediction error,,,machine learning; neural network,2,jp,v1,2026-08-13
https://openalex.org/W4395048874,https://doi.org/10.3390/info15050243,Improving the Classification of Unexposed Potsherd Cavities by Means of Preprocessing,"The preparation of raw images for subsequent analysis, known as image preprocessing, is a crucial step that can boost the performance of an image classification model. Although deep learning has succeeded in image classification without handcrafted features, certain studies underscore the continued significance of image preprocessing for enhanced performance during the training process. Nonetheless, this task is often demanding and requires high-quality images to effectively train a classification model. The quality of training images, along with other factors, impacts the classification model’s performance and insufficient image quality can lead to suboptimal classification performance. On the other hand, achieving high-quality training images requires effective image preprocessing techniques. In this study, we perform exploratory experiments aimed at improving a classification model of unexposed potsherd cavities images via image preprocessing pipelines. These pipelines are evaluated on two distinct image sets: a laboratory-made, experimental image set that contains archaeological images with controlled lighting and background conditions, and a Jōmon–Yayoi image set that contains images of real-world potteries from the Jōmon period through the Yayoi period with varying conditions. The best accuracy performances obtained on the experimental images and the more challenging Jōmon–Yayoi images are 90.48% and 78.13%, respectively. The comprehensive analysis and experimentation conducted in this study demonstrate a noteworthy enhancement in performance metrics compared to the established baseline benchmark.",2024,2024-04-23,article,en,0,39,True,gold,Information,journal,Randy Cahya Wihandika; Y. Lee; Mahendra Data; Masayoshi Aritsugi; Hiroki Obata; Israel Mendonça,Kumamoto University; University of Brawijaya,id; jp,2,1,Advanced Computational Techniques in Science and Engineering; Economic and Industrial Development; Advanced Scientific Techniques and Applications,Preprocessor; Artificial intelligence; Computer science; Pattern recognition (psychology),,,deep learning,1,jp,v1,2026-08-13
https://openalex.org/W7171497269,https://doi.org/10.1117/12.3119406,Research on restoring Guqin music through deep learning,"Musical notation plays a central role in cultural transmission, yet many works remain unperformed due to the complexity of their notation systems. A notable example is the Jianzipu (減字譜) notation used for the Guqin (古 琴), a China’s oldest plucked string instrument, inscribed by UNESCO as Intangible Cultural Heritage in 2008. Jianzipu condenses finger movements and string assignments into single characters but omits rhythm and tempo, requiring performers to reconstruct the music through DaPu (打譜), a demanding interpretive process. Consequently, only about 100 of the 600 Guqin pieces composed over three millennia are actively performed today. To address this challenge, our study applies deep learning-based image recognition to automate DaPu and enhance cultural heritage preservation. Previous work of us has pursued two approaches: single characters and radicals of Jianzipu recognitions. In this study, we expand the dataset of single characters from 55 to 203 classes using multiple pieces, notably Xian- Weng-Cao (仙翁操) and Chun-Xiao-Yin (春暁吟). Using YOLOv11n, we extracted individual characters from the Jianzipu images, then combined ResNet50 feature extraction with K-means clustering to obtain 1,560 im a g e s of si n g l e c h a r ac t e r s efficiently. Data augmentation yielded a balanced dataset of 40,600 samples from those original images. Fine-tuning ResNet50 achieved a recognition accuracy of 99.09% for 203 kinds of individual characters of Jianzipu. This paper details the dataset construction process and evaluates the performance of the trained classification model, demonstrating the feasibility of automated Guqin notation recognition.",2026,2026-07-28,conference-abstract,,0,0,False,closed,,,Atsushi Ito; Kazuma Amano; Keitaro Ishii; Takashi Kuremoto; Shun Kuremoto; Shingo Mabu; Mamiko Koshiba,Nippon Institute of Technology; University of Human Arts and Sciences; Yamaguchi University,jp,1,0,,Deep learning; Artificial intelligence; Computer science; Focus (optics); Psychology; Engineering; Visual arts; Feature (linguistics); Deep time; Staring,,,deep learning,1,jp,v1,2026-08-13
https://openalex.org/W4407929842,https://doi.org/10.1007/s11042-025-20699-0,GNNBoost: boosting artwork classification with graph embeddings,"Abstract The use of AI systems for managing large-scale cultural heritage artifacts has become possible due to the rise of digitization. To classify such content, machine learning is typically used, where contextual information is important to structure the data. One way to capture context is through a knowledge graph. In this study, we propose a newd graph neural networks, we can improve artwork classification by utilizing the relationships between entities of the knowledge graph. Our experiments demonstrate that this approach achieves state-of-the-art results on multiple classification tasks across three datasets (SemArt paintings, Buddha statues, and Ukiyo-e woodblock prints). Moreover, our approach is effective in dealing with unbalanced data and we explore the use of both graph attention mechanisms and focal loss functions.",2025,2025-02-25,article,en,0,34,True,hybrid,Multimedia Tools and Applications,journal,Cheikh Brahim El Vaigh; Noa García; Benjamin Renoust; Chenhui Chu; Yuta Nakashima; Yiming Qian; Hajime Nagahara,"Agency for Science, Technology and Research; Kyoto University; The University of Osaka; Université de Bourgogne",fr; jp; sg,3,1,Aesthetic Perception and Analysis; Generative Adversarial Networks and Image Synthesis; Image Retrieval and Classification Techniques,Computer science; Boosting (machine learning); Graph; Artificial intelligence; Machine learning; Theoretical computer science,,,machine learning; neural network; knowledge graph,3,jp,v1,2026-08-13
https://openalex.org/W4297206535,https://doi.org/10.5281/zenodo.7116793,D2.4: Methods for interlinking knowledge graphs (V1.0),"One of the key missions of the Polifonia project is to build and interlink knowledge graphs of European musical cultural heritage. These interconnected music knowledge graphs act as a data backbone for the project. This deliverable is centred around one of the ten Polifonia pilots: INTERLINK. The INTERLINK pilot is not bound to a specific institutional dataset, collection or use case; but rather summarises the common needs of all pilots of representing their data as music knowledge graphs, and finding meaningful connections among them. Existing work in the relevant areas of knowledge engineering, knowledge graph construction, and knowledge graph interlinking is promising but presents a number of pitfalls in its direct application to Polifonia from the point of view of achieving this knowledge graph building and interlinking:<br> (a) existing knowledge engineering methodologies do not account for “in-between” knowledge graph construction processes that are not fully distributed nor local; (b) in an integrated vision of European musical cultural heritage through knowledge graphs, both musical content and its ’context’ or metadata need to co-exist; and (c) no current techniques address the issue of finding missing links between different music knowledge graphs at scale, accounting for this co-existence of musical content and context in the same knowledge graph. <br> This deliverable describes our efforts, particularly gathered in Polifonia’s WP2 and Task T2.3, in addressing these challenges, delivering: (a) a scalable methodology for knowledge graph construction that is well suited for the project and sits in-between the two classic extremes of ontology engineering; (b) a music knowledge graph construction framework that leverages modules of the Polifonia Ontology Network and the SPARQL Anything tool; and (c) a music knowledge graph interlinking framework, based on both heuristics and neural network-based link prediction through music knowledge graph embeddings. The latter two are evaluated in two different use-cases, the ChoCo-KG chord annotation knowledge graph, and the MIDI2vec music knowledge graph interlinking method, with encouraging results.",2022,2022-09-27,report,en,0,0,True,green,Zenodo (CERN European Organization for Nuclear Research),repository,Albert Meroño-Peñuela; Jacopo de Berardinis; Fiorela Ciroku; Valentina Carriero; Mari Wigham; Enrico Daga; Eleanora Marzi; Elena Musumeci; P. van Kranenburg; Andrea Scharnhorst; James McDermott; Philippe Rigaux; Christophe Guillotel­-Nothmann; Simon Holland,Center for New American Media; Keskuslaboratorio; Miyazaki International College; The Open University,fi; gb; jp; us,4,1,Semantic Web and Ontologies; Advanced Graph Neural Networks; Data Quality and Management,Knowledge graph; Computer science; Information retrieval,,,neural network; knowledge graph,2,jp,v1,2026-08-13
https://openalex.org/W2962693121,https://doi.org/10.1162/leon_a_01783,SIGGRAPH 2019 Art Gallery,"August 01 2019 SIGGRAPH 2019 Art Gallery John Wong, John Wong John Wong Art, Hong Kong, www.johnwong.asiaJohn Wong is a multimedia artist. His work is always questioning the ideas of trust, self-identity, modern superstition over the relationship of Chinese traditional cultures and new technology. Algorithmic installation art RuShi just exhibited at Microwave International New Media Arts Festival 2018. His debut feature, The Tourist, was screened at the 27th Hong Kong International Film Festival in 2002. From 1998 to 1999, he was invited by Australia’s ARX5 (Artists’ Regional Exchange) cultural exchange program for art exchange in Australia, Singapore and Hong Kong. His digital installation art Siren exhibited at the Osage Gallery in Hong Kong in 2007. Search for other works by this author on: This Site Google Scholar Jieliang Luo, Jieliang Luo University of California, Santa Barbara, U.S.A., www.rodgerluo.comJieliang Luo is a researcher and media artist working with reinforcement learning, robotics and visualization. Currently, he is a PhD candidate and lecturer in media arts and technology at UC Santa Barbara. His research focuses on bridging reinforcement learning and creativity by exploring potential simulated and physical platforms for artists, designers and architects to have easy access to reinforcement learning. His works have been featured at SIGGRAPH, SIGGRAPH Asia, IEEE VIS, CURRENTS NEW MEDIA and Beijing Times Arts Museum, among others. He also has worked for Autodesk’s Robotics Lab as a robotic and machine learning researcher since June 2018. Search for other works by this author on: This Site Google Scholar Weidi Zhang, Weidi Zhang University of California, Santa Barbara, U.S.A., www.zhangweidi.comWeidi Zhang is a digital artist and visual designer. Her media arts practices synthesize both the artistic and computational to arrive at a new hybridity that pushes the boundaries of space, interactivity and abstraction into new areas of visual and sonic complexity. Her research and practice interest is spatial narrative development and experimental visualization in virtual reality environments. Currently she is a second-year PhD student in the media arts and technology program at University of California, Santa Barbara. She holds her MFA in art and technology from CalArts (California Institute of the Arts). Search for other works by this author on: This Site Google Scholar Brigitta Zics, Brigitta Zics UCL Knowledge Lab, University College London, U.K., brigittazics.comBrigitta Zics is an award-winning artist who creates works with visual and material sensitivity that seeks to fashion new experiences. She works on the convergence of art and science and explores mixed-media forms combining various techniques and emerging technologies. Her recent interests embrace experiential art, human perception and art, and the aesthetics of data and algorithms. She is an associate professor at UCL Knowledge Lab, London, and a Royal Academy of Arts Fellow. Search for other works by this author on: This Site Google Scholar Özge Samanci, Özge Samanci Northwestern University, U.S.A., www.ozgesamanci.comÖzge Samanci, a media artist and graphic novelist, is an associate professor at Northwestern University’s School of Communication. Her interactive installations have been exhibited internationally. Search for other works by this author on: This Site Google Scholar Adam Snyder, Adam Snyder Electronic Arts, U.S.A., www.armsnyder.comAdam Snyder works as a software engineer for Electronic Arts. He has a BS from Northwestern University in radio/TV/film and computer science, with a minor in sound design. He builds software tools that demonstrably improve people’s lives. Search for other works by this author on: This Site Google Scholar Gabriel Caniglia, Gabriel Caniglia Northwestern University, U.S.A., www.gcan.coGabriel Caniglia studies cognitive science and computer science at Northwestern University. His interests lie broadly in humancomputer interaction and immersive technologies. Search for other works by this author on: This Site Google Scholar Victoria Vesna, Victoria Vesna UCLA Art | Sci Center, U.S.A., www.victoriavesna.com, noiseaquarium.comLead artist: Victoria Vesna, PhD, is an artist and professor at UCLA Department of Design Media Arts and director of the Art|Sci Center at the School of the Arts and California NanoSystems Institute (CNSI). With her installations she investigates how communication technologies affect collective behavior and perceptions of identity shift in relation to scientific innovation. Her work involves long-term collaborations with composers, nano-scientists, neuroscientists and evolutionary biologists. Search for other works by this author on: This Site Google Scholar Alfred Vendl, Alfred Vendl University of Applied Arts, Vienna, Austria, www.alfredvendl.comDirector of Science Visualization Lab: Dr. Alfred Vendl is a director and writer with a background in chemistry. He is currently head of the Science Visualization Lab in the Digital Arts department at the University of Applied Arts Vienna and has around 80 scientific publications about materials science, archaeometry and art technology. He is the writer, director and/or producer of more than 200 prime-time documentaries for ORF, ARD, ZDF, WDR, BR, ARTE, BBC, Discovery, Smithsonian and WNET, among others. Search for other works by this author on: This Site Google Scholar Martina Fröschl, Martina Fröschl University of Applied Arts, Vienna, Austria, www.martinafroeschl.comComputer animation: Martina R. Fröschl, MSc, is a digital designer focusing on computer animation and scientific visualizations. She studied media technique in St. Pölten and media design in Hagenberg, Austria, and graduated in 2009. Currently, she is a doctoral researcher in scientific visualization projects at the Science Visualization Lab in the Digital Arts department at the University of Applied Arts Vienna. Search for other works by this author on: This Site Google Scholar Glenn Bristol, Glenn Bristol United Motion Labs, Austria, www.glenneroo.comProgramming: Glenn Bristol is a computer programmer, photographer and digital artist based in Vienna. He is one of the founding members of United Motion Labs, established in 2005. UML is an experimental lab dedicated to creating immersive audiovisual installations and Glenn is involved in every step of production—from filming, content creation, pre/postproduction, VJing, DJing, creating software tools, IT administration and handling photo, video and time-lapse documentation. Search for other works by this author on: This Site Google Scholar Paul Geluso, Paul Geluso Steinhardt, NYU, U.S.A., www.steinhardt.nyu.edu/faculty/Paul_GelusoPaul Geluso’s work focuses on the theoretical, practical and artistic aspects of sound recording and reproduction. He is the coeditor of Immersive Sound: The Art and Science of Binaural and Multi-channel Audio, published by Focal Press-Routledge, and currently serves as an assistant professor of music and the associate director of music technology at New York University, as well as the studio director at Harvestworks Digital Media Arts Center in NYC. Search for other works by this author on: This Site Google Scholar Stephan Handschuh, Stephan Handschuh University of Veterinary Medicine, Vienna, Austria, stephan.handschuh@vetmeduni.ac.atStephan Handschuh is a biologist with a technical focus on microscopic imaging and 3D visualization. He became a staff scientist in the imaging facility at University of Veterinary Medicine Vienna in 2012. He is also a member of the Science Visualization group of the University of Applied Arts Vienna, where he works on creating scientifically meaningful 3D models of microscopic animal samples. Search for other works by this author on: This Site Google Scholar Thomas Schwaha, Thomas Schwaha University of Vienna, Austria, thomas.schwaha@univie.ac.atThomas Schwaha is a zoologist with particular focus on animal morphology and evolution as well as imaging techniques. He studied biology at the University of Vienna and recieved a doctoral degree in the soft-body morphological aspects of bryozoans. Since 2011, he has held a postdoctoral position at the Department of Integrative Zoology at University of Vienna. Search for other works by this author on: This Site Google Scholar Akira Nakayasu, Akira Nakayasu Kobe Design University, Japan, www.nakayasu.comAkira Nakayasu is an artist, researcher and educator based in Kobe, Japan. He works across digital media art and robotics, and often collaborates with the theatrical world, contemporary music and dance. His recent focus is on a lifelike kinetic expression inspired by a wiggling tentacle of a sea anemone or by grass blowing in the wind. Search for other works by this author on: This Site Google Scholar Ziv Schneider, Ziv Schneider U.S.A., www.zivschneider.comZiv Schneider is an artist, designer and creative technologist whose work is at the intersection of documentary, video games and volumetric photography. She is the cofounder of Raycaster Studio and holds a master’s degree from NYU’s Interactive Telecommunications Program, where she was also a research fellow. Other fellowships include the Economist Media Lab, the New York Film Academy fellowship for digital/electronic arts and the Knight Foundation Museum Technology track at the New Museum’s NEW INC incubator. Search for other works by this author on: This Site Google Scholar Caitlin Robinson, Caitlin Robinson South Africa, www.caitlingracerobinson.comCaitlin Robinson is a creative and cultural producer from Pretoria, South Africa. With a background in journalism and documentary film, she portrays compelling human stories through collaboration with multidisciplinary artists and creative technologists in new immersive media. In addition, she designs strategies to connect stories to their audiences. Search for other works by this author on: This Site Google Scholar Jiabao Li, Jiabao Li Harvard University, U.S.A., www.jiabaoli.orgJiabao Li works at the intersection of emerging technology, art and design. Her work raises questions about technology’s influence on human perception, identity and emotion. Her research-based projects range from wearables, projections, drones and installations to scientific experiments. She holds a master of design in technology degree with distinction from Harvard Graduate School of Design. Jiabao’s work has been featured in Domus, TechCrunch, Yahoo!, CCTV and Yanko Design. Her work has been shown in Milan and at Dubai Design Week, ISEA, CHI, AR in Action and PRIMER. She received an award from Fast Company World Changing Ideas and is the winner of the iF Design Award, the Future Cities Contest and the ISWC Design Award. Search for other works by this author on: This Site Google Scholar Honghao Deng, Honghao Deng Harvard University, U.S.A., www.honghao.galleryHonghao Deng is a computational designer. He holds a master of design in technology with distinction from Harvard Graduate School of Design and was a researcher at City Science Group, MIT Media Lab. Search for other works by this author on: This Site Google Scholar Panagiotis Michalatos, Panagiotis Michalatos Harvard University, U.S.A., www.gsd.harvard.edu/person/panagiotis-michalatosPanagiotis Michalatos is an architect, assistant professor in architecture at Harvard Graduate School of Design and a principal research engineer at Autodesk. Search for other works by this author on: This Site Google Scholar Yoon Chung Han, Yoon Chung Han San José State University, U.S.A., yoonchung.han@sjsu.edu, www.yoonchunghan.comYoon Chung Han is an interactive media artist, award-winning interaction designer and currently an assistant professor in the department of design at San José State University. Over the past 10 years, she has created a wide range of interactive 2D/3D audiovisual art installations including biologic art, data visualization and sonification, generative art and audiovisual interface design. She earned her BFA and MFA at Seoul National University, her second MFA in Design | Media Arts at University of California, Los Angeles, and holds a PhD in media arts and technology from University of California, Santa Barbara. Search for other works by this author on: This Site Google Scholar Praful Surve, Praful Surve California State University, Fullerton, U.S.A., survepraful@live.comPraful Surve has experience in architecting and developing full-stack software development for Web application projects. He holds a master’s degree in computer science from California State University, Fullerton and a bachelor’s degree from University of Mumbai. Currently, he is a software consultant at Accutive where he works on multiple back-end systems conducting research and development to fulfill core business process in the financial domain. Search for other works by this author on: This Site Google Scholar Alex Rothera, Alex Rothera Product Design, Google, U.S.A., alexrothera@google.com, www.alexrothera.comAlex Rothera is a designer, artist and inventor focusing on the intersection of future technologies and social impact. His work looks to first understand people and contexts to then design elegant and responsible products and technologies. Alex is currently a cofounder of Humane Engineering and is also a designer for Google. Search for other works by this author on: This Site Google Scholar Christopher G. Thompson, Christopher G. Thompson U.K., www.cgthompson.comChristopher G. Thompson is an independent and collaborative designer based in London. He has worked for a diverse range of companies, brands and partners across multiple platforms, specializing in brand identity, creative direction, digital design and interactive technologies. During 2010 he completed an MSc in modernity, space and place within the Urban Lab at University College London and is also a visiting lecturer at Camberwell College of Arts and University of the West of England, Bristol. Search for other works by this author on: This Site Google Scholar Christopher Baker, Christopher Baker School of the Art Institute of Chicago, U.S.A., www.christopherbaker.netChristopher Baker is an artist whose work engages the rich collection of social, technological and ideological networks present in the urban landscape. He creates artifacts and situations that reveal and generate relationships within and between these networks. Baker’s award-winning work has been featured extensively online, in print and internationally in festivals, galleries and museums. Search for other works by this author on: This Site Google Scholar Shekpoint Charlie, Shekpoint Charlie Hong Kong, www.shekpointcharlie.tumblr.comShekpoint Charlie is an independent photographer currently working in Hong Kong. He previously worked at Join Art HK, following a three-year residency as a researcher and consultant at Fabrica, Benetton Group’s Communication Research Centre in Italy. Search for other works by this author on: This Site Google Scholar Rosalie Yu, Rosalie Yu Graduate School of Journalism, Brown Institute for Media Innovation, Columbia University, 2950 Broadway, New York, NY 10027, U.S.A., hy2514@columbia.eduRosalie Yu is an artist who uses alternative capturing techniques to explore the limits of perception and memory, to reflect upon archiving practices, to transfigure everyday experience through rituals and to the process of capturing in photography. Her projects have these within the of physical in and the of She is a creative technologist and artistic at Columbia University’s Brown Institute for Media Her work has been by fellowships and at at College and NYU’s Interactive Telecommunications Search for other works by this author on: This Site Google Scholar School of Journalism, University of the University of Columbia as an assistant professor in at Columbia University. research has been by and fellowships from the Brown Institute for Media Innovation, the Knight Foundation and the Center for Digital His work has been published in the of and the of Communication Search for other works by this author on: This Site Google Scholar U.S.A., work and software to and to with technology and the of work at in a new this he explores of the the the and the He has exhibited work and at around the world, on art and technology at UCLA and and the art collective this Search for other works by this author on: This Site Google Scholar and John Wong John Wong Art, Hong Kong, www.johnwong.asiaJohn Wong is a multimedia artist. His work is always questioning the ideas of trust, self-identity, modern superstition over the relationship of Chinese traditional cultures and new technology. Algorithmic installation art RuShi just exhibited at Microwave International New Media Arts Festival 2018. His debut feature, The Tourist, was screened at the 27th Hong Kong International Film Festival in 2002. From 1998 to 1999, he was invited by Australia’s ARX5 (Artists’ Regional Exchange) cultural exchange program for art exchange in Australia, Singapore and Hong Kong. His digital installation art Siren exhibited at the Osage Gallery in Hong Kong in 2007. Jieliang Luo University of California, Santa Barbara, U.S.A., www.rodgerluo.comJieliang Luo is a researcher and media artist working with reinforcement learning, robotics and visualization. Currently, he is a PhD candidate and lecturer in media arts and technology at UC Santa Barbara. His research focuses on bridging reinforcement learning and creativity by exploring potential simulated and physical platforms for artists, designers and architects to have easy access to reinforcement learning. His works have been featured at SIGGRAPH, SIGGRAPH Asia, IEEE VIS, CURRENTS NEW MEDIA and Beijing Times Arts Museum, among others. He also has worked for Autodesk’s Robotics Lab as a robotic and machine learning researcher since June 2018. Weidi Zhang University of California, Santa Barbara, U.S.A., www.zhangweidi.comWeidi Zhang is a digital artist and visual designer. Her media arts practices synthesize both the artistic and computational to arrive at a new hybridity that pushes the boundaries of space, interactivity and abstraction into new areas of visual and sonic complexity. Her research and practice interest is spatial narrative development and experimental visualization in virtual reality environments. Currently she is a second-year PhD student in the media arts and technology program at University of California, Santa Barbara. She holds her MFA in art and technology from CalArts (California Institute of the Arts). Brigitta Zics UCL Knowledge Lab, University College London, U.K., brigittazics.comBrigitta Zics is an award-winning artist who creates works with visual and material sensitivity that seeks to fashion new experiences. She works on the convergence of art and science and explores mixed-media forms combining various techniques and emerging technologies. Her recent interests embrace experiential art, human perception and art, and the aesthetics of data and algorithms. She is an associate professor at UCL Knowledge Lab, London, and a Royal Academy of Arts Fellow. Özge Samanci Northwestern University, U.S.A., www.ozgesamanci.comÖzge Samanci, a media artist and graphic novelist, is an associate professor at Northwestern University’s School of Communication. Her interactive installations have been exhibited internationally. Adam Snyder Electronic Arts, U.S.A., www.armsnyder.comAdam Snyder works as a software engineer for Electronic Arts. He has a BS from Northwestern University in radio/TV/film and computer science, with a minor in sound design. He builds software tools that demonstrably improve people’s lives. Gabriel Caniglia Northwestern University, U.S.A., www.gcan.coGabriel Caniglia studies cognitive science and computer science at Northwestern University. His interests lie broadly in humancomputer interaction and immersive technologies. Victoria Vesna UCLA Art | Sci Center, U.S.A., www.victoriavesna.com, noiseaquarium.comLead artist: Victoria Vesna, PhD, is an artist and professor at UCLA Department of Design Media Arts and director of the Art|Sci Center at the School of the Arts and California NanoSystems Institute (CNSI). With her installations she investigates how communication technologies affect collective behavior and perceptions of identity shift in relation to scientific innovation. Her work involves long-term collaborations with composers, nano-scientists, neuroscientists and evolutionary biologists. Alfred Vendl University of Applied Arts, Vienna, Austria, www.alfredvendl.comDirector of Science Visualization Lab: Dr. Alfred Vendl is a director and writer with a background in chemistry. He is currently head of the Science Visualization Lab in the Digital Arts department at the University of Applied Arts Vienna and has around 80 scientific publications about materials science, archaeometry and art technology. He is the writer, director and/or producer of more than 200 prime-time documentaries for ORF, ARD, ZDF, WDR, BR, ARTE, BBC, Discovery, Smithsonian and WNET, among others. Martina Fröschl University of Applied Arts, Vienna, Austria, www.martinafroeschl.comComputer animation: Martina R. Fröschl, MSc, is a digital designer focusing on computer animation and scientific visualizations. She studied media technique in St. Pölten and media design in Hagenberg, Austria, and graduated in 2009. Currently, she is a doctoral researcher in scientific visualization projects at the Science Visualization Lab in the Digital Arts department at the University of Applied Arts Vienna. Glenn Bristol United Motion Labs, Austria, www.glenneroo.comProgramming: Glenn Bristol is a computer programmer, photographer and digital artist based in Vienna. He is one of the founding members of United Motion Labs, established in 2005. UML is an experimental lab dedicated to creating immersive audiovisual installations and Glenn is involved in every step of production—from filming, content creation, pre/postproduction, VJing, DJing, creating software tools, IT administration and handling photo, video and time-lapse documentation. Paul Geluso Steinhardt, NYU, U.S.A., www.steinhardt.nyu.edu/faculty/Paul_GelusoPaul Geluso’s work focuses on the theoretical, practical and artistic aspects of sound recording and reproduction. He is the coeditor of Immersive Sound: The Art and Science of Binaural and Multi-channel Audio, published by Focal Press-Routledge, and currently serves as an assistant professor of music and the associate director of music technology at New York University, as well as the studio director at Harvestworks Digital Media Arts Center in NYC. Stephan Handschuh University of Veterinary Medicine, Vienna, Austria, stephan.handschuh@vetmeduni.ac.atStephan Handschuh is a biologist with a technical focus on microscopic imaging and 3D visualization. He became a staff scientist in the imaging facility at University of Veterinary Medicine Vienna in 2012. He is also a member of the Science Visualization group of the University of Applied Arts Vienna, where he works on creating scientifically meaningful 3D models of microscopic animal samples. Thomas Schwaha University of Vienna, Austria, thomas.schwaha@univie.ac.atThomas Schwaha is a zoologist with particular focus on animal morphology and evolution as well as imaging techniques. He studied biology at the University of Vienna and recieved a doctoral degree in the soft-body morphological aspects of bryozoans. Since 2011, he has held a postdoctoral position at the Department of Integrative Zoology at University of Vienna. Akira Nakayasu Kobe Design University, Japan, www.nakayasu.comAkira Nakayasu is an artist, researcher and educator based in Kobe, Japan. He works across digital media art and robotics, and often collaborates with the theatrical world, contemporary music and dance. His recent focus is on a lifelike kinetic expression inspired by a wiggling tentacle of a sea anemone or by grass blowing in the wind. Ziv Schneider U.S.A., www.zivschneider.comZiv Schneider is an artist, designer and creative technologist whose work is at the intersection of documentary, video games and volumetric photography. She is the cofounder of Raycaster Studio and holds a master’s degree from NYU’s Interactive Telecommunications Program, where she was also a research fellow. Other fellowships include the Economist Media Lab, the New York Film Academy fellowship for digital/electronic arts and the Knight Foundation Museum Technology track at the New Museum’s NEW INC incubator. Caitlin Robinson South Africa, www.caitlingracerobinson.comCaitlin Robinson is a creative and cultural producer from Pretoria, South Africa. With a background in journalism and documentary film, she portrays compelling human stories through collaboration with multidisciplinary artists and creative technologists in new immersive media. In addition, she designs strategies to connect stories to their audiences. Jiabao Li Harvard University, U.S.A., www.jiabaoli.orgJiabao Li works at the intersection of emerging technology, art and design. Her work raises questions about technology’s influence on human perception, identity and emotion. Her research-based projects range from wearables, projections, drones and installations to scientific experiments. She holds a master of design in technology degree with distinction from Harvard Graduate School of Design. Jiabao’s work has been featured in Domus, TechCrunch, Yahoo!, CCTV and Yanko Design. Her work has been shown in Milan and at Dubai Design Week, ISEA, CHI, AR in Action and PRIMER. She received an award from Fast Company World Changing Ideas and is the winner of the iF Design Award, the Future Cities Contest and the ISWC Design Award. Honghao Deng Harvard University, U.S.A., www.honghao.galleryHonghao Deng is a computational designer. He holds a master of design in technology with distinction from Harvard Graduate School of Design and was a researcher at City Science Group, MIT Media Lab. Panagiotis Michalatos Harvard University, U.S.A., www.gsd.harvard.edu/person/panagiotis-michalatosPanagiotis Michalatos is an architect, assistant professor in architecture at Harvard Graduate School of Design and a principal research engineer at Autodesk. Yoon Chung Han San José State University, U.S.A., yoonchung.han@sjsu.edu, www.yoonchunghan.comYoon Chung Han is an interactive media artist, award-winning interaction designer and currently an assistant professor in the department of design at San José State University. Over the past 10 years, she has created a wide range of interactive 2D/3D audiovisual art installations including biologic art, data visualization and sonification, generative art and audiovisual interface design. She earned her BFA and MFA at Seoul National University, her second MFA in Design | Media Arts at University of California, Los Angeles, and holds a PhD in media arts and technology from University of California, Santa Barbara. Praful Surve California State University, Fullerton, U.S.A., survepraful@live.comPraful Surve has experience in architecting and developing full-stack software development for Web application projects. He holds a master’s degree in computer science from California State University, Fullerton and a bachelor’s degree from University of Mumbai. Currently, he is a software consultant at Accutive where he works on multiple back-end systems conducting research and development to fulfill core business process in the financial domain. Alex Rothera Product Design, Google, U.S.A., alexrothera@google.com, www.alexrothera.comAlex Rothera is a designer, artist and inventor focusing on the intersection of future technologies and social impact. His work looks to first understand people and contexts to then design elegant and responsible products and technologies. Alex is currently a cofounder of Humane Engineering and is also a designer for Google. Christopher G. Thompson U.K., www.cgthompson.comChristopher G. Thompson is an independent and collaborative designer based in London. He has worked for a diverse range of companies, brands and partners across multiple platforms, specializing in brand identity, creative direction, digital design and interactive technologies. During 2010 he completed an MSc in modernity, space and place within the Urban Lab at University College London and is also a visiting lecturer at Camberwell College of Arts and University of the West of England, Bristol. Christopher Baker School of the Art Institute of Chicago, U.S.A., www.christopherbaker.netChristopher Baker is an artist whose work engages the rich collection of social, technological and ideological networks present in the urban landscape. He creates artifacts and situations that reveal and generate relationships within and between these networks. Baker’s award-winning work has been featured extensively online, in print and internationally in festivals, galleries and museums. Shekpoint Charlie Hong Kong, www.shekpointcharlie.tumblr.comShekpoint Charlie is an independent photographer currently working in Hong Kong. He previously worked at Join Art HK, following a three-year residency as a researcher and consultant at Fabrica, Benetton Group’s Communication Research Centre in Italy. Rosalie Yu Graduate School of Journalism, Brown Institute for Media Innovation, Columbia University, 2950 Broadway, New York, NY 10027, U.S.A., hy2514@columbia.eduRosalie Yu is an artist who uses alternative capturing techniques to explore the limits of perception and memory, to reflect upon archiving practices, to transfigure everyday experience through rituals and to the process of capturing in photography. Her projects have these within the of physical in and the of She is a creative technologist and artistic at Columbia University’s Brown Institute for Media Her work has been by fellowships and at at College and NYU’s Interactive Telecommunications School of Journalism, University of the University of Columbia as an assistant professor in at Columbia University. research has been by and fellowships from the Brown Institute for Media Innovation, the Knight Foundation and the Center for Digital His work has been published in the of and the of Communication U.S.A., work and software to and to with technology and the of work at in a new this he explores of the the the and the He has exhibited work and at around the world, on art and technology at UCLA and and the art collective this 2019 Search Site John Wong, Jieliang Luo, Weidi Zhang, Brigitta Zics, Özge Samanci, Adam Snyder, Gabriel Caniglia, Victoria Vesna, Alfred Vendl, Martina Fröschl, Glenn Bristol, Paul Geluso, Stephan Handschuh, Thomas Schwaha, Akira Nakayasu, Ziv Schneider, Caitlin Robinson, Jiabao Li, Honghao Deng, Panagiotis Michalatos, Yoon Chung Han, Praful Surve, Alex Rothera, Christopher G. Thompson, Christopher Baker, Shekpoint Charlie, Rosalie Yu, SIGGRAPH 2019 Art Search Search Search Search This content is as a 2019 first currently have access to this",2019,2019-07-22,article,en,1,0,False,closed,Leonardo,journal,John Wong; Jieliang Luo; Weidi Zhang; Brigitta Zics; Özge Samancı; Adam Snyder; Gabriel Caniglia; Victoria Vesna; Alfred Vendl; Martina R. Fröschl; Glenn Bristol; Paul Geluso; Stephan Handschuh; Thomas Schwaha; Akira Nakayasu; Ziv Schneider; Caitlin Robinson; Jiabao Li; Honghao Deng; Panagiotis Michalatos; Yoon Chung Han; Praful Surve; Alex Rothera; Christopher G. Thompson; Christopher Baker; Shekpoint Charlie; Rosalie Yu; Charles Berret; Neil Mendoza,"Age UK; Artistic Realization Technologies; Autodesk (United States); Brown Institute for Media Innovation; California State University, Fullerton; Canadian Association of Occupational Therapists; China Design Group (China); Columbia University; Electronic Arts (United States); GS1 South Africa; Google (United States); Harvard University; Human Computer Interaction (Switzerland); Independent Dance; Kobe Design University; Longenecker and Associates (United States); Morpho (United States); Northwestern University; Reinhardt University; San Jose State University; School of Visual Arts; School of the Art Institute of Chicago; University College London; University of Applied Arts Vienna; University of British Columbia; University of California, Santa Barbara; University of Veterinary Medicine Vienna; University of Vienna",at; ca; ch; cn; gb; jp; us; za,8,1,Architecture and Computational Design; Augmented Reality Applications,The arts; Visual arts; Creativity; Painting; Siren (mythology); Studio; Art; Art history; Psychology; Literature; Social psychology,,,machine learning,1,jp,v1,2026-08-13
https://openalex.org/W4379165392,https://doi.org/10.1504/ijamechs.2023.10056738,IoT-based dataset augmentation method for oracle bone inscriptions reorganisation,"Deep learning techniques are wildly used in various areas. Currently, deep learning is attended in cultural heritage preservation, such as oracle bone inscriptions re-organising. Usually, deep learning techniques need rich and pure data for the training model. However, oracle bone inscriptions are weak in their limited resource. Hence, the dataset of oracle bone inscriptions should be augmented, when some new oracle bones are found. To overcome this problem, this paper proposes an IoT-based dataset augmentation method for oracle bone inscription reorganisation. We design an Android application for data collection and a cloud server application for dataset augmentation. Furthermore, an AI-Filter is designed and implemented in the Android application to keep the collected data pure. Experimental results show the oracle bone inscriptions recognition recall increases by 0.15 with the IoT-based dataset augmentation method, which proved the effectiveness of our proposal.",2023,2023-01-01,article,en,0,0,False,closed,International Journal of Advanced Mechatronic Systems,journal,Lin Meng; Tomoki Morioka,Ritsumeikan University,jp,1,0,Medical Imaging and Analysis,Oracle; Oracle database; Computer science; Programming language,,,deep learning,1,jp,v1,2026-08-13
https://openalex.org/W4403865048,https://doi.org/10.1109/bigdataservice62917.2024.00017,Selecting Attractive Images from 3D Captures of Buddhist Statues Using Grad-CAM++,"This study considers the problem of selecting images that enhance the perception of attractiveness from a series of 3D captures of Buddhist statues, utilizing the advanced visualization capabilities of Grad-CAM++, an enhancement over traditional Gradient-weighted Class Activation Mapping (Grad-CAM). By leveraging convolutional neural networks (CNNs), Grad-CAM++ enables the identification of features that contribute to at-tractiveness in images, as perceived by observers. To validate the effectiveness of this approach, the study incorporates a comprehensive survey involving human participants to assess their reactions to the images selected by our method. This combination of computational analysis with human feedback not only showcases the capabilities of Grad-CAM++ in selecting appealing images from complex 3D datasets but also validates its utility through empirical evidence. The findings provide signifi-cant insights into the intersection of computer vision technology and cultural heritage, proposing a novel method for appreciating and evaluating the aesthetic qualities of cultural artifacts.",2024,2024-07-15,conference-paper,en,0,8,False,closed,,,Hirofumi Shimoe; Hiroyuki Fujioka,Fukuoka Institute of Technology,jp,1,0,Image Processing and 3D Reconstruction; 3D Surveying and Cultural Heritage; Handwritten Text Recognition Techniques,Computer science; Buddhism; Computer graphics (images); Artificial intelligence; Computer vision; History; Archaeology,,,neural network; computer vision; convolutional,3,jp,v1,2026-08-13
https://openalex.org/W4416947513,https://doi.org/10.1038/s41597-025-06172-5,A Connected Building Landscape dataset for Instance Segmentation,"To address the scarcity of high-quality instance segmentation data for the unique architecture of high-density East Asian cities, this paper introduces the Connected Building Landscape dataset, a vital resource for urban planning, architectural analysis, and computer vision tasks. Researchers can utilize this dataset to train and benchmark a wide range of segmentation models, enabling a deeper understanding of East Asian architectural morphology. This detailed analysis provides urban planners with more precise tools and facilitates the generation of the hazard distribution maps or cultural heritage preservation priority reports. The dataset contains 2,801 JPEG images (1024 × 768 pixels) with polygonal segmentation masks, capturing diverse architectural styles and complex spatial layouts along National Route 1 from Tokyo to Osaka. All annotations are provided in a standard JSON format for easy model integration. Baseline experiments on models like Mask R-CNN and Mask2Former validate the dataset's quality and robustness for its intended tasks.",2025,2025-12-03,data-paper,en,0,21,True,gold,Scientific Data,journal,Zhihao Zheng; Zhijin Chen; Shujie Sun; Xuepeng Qian; Wei Guo,Sophia University; The University of Tokyo; Universitat Pompeu Fabra,es; jp,2,1,Advanced Neural Network Applications; Remote Sensing and LiDAR Applications; 3D Surveying and Cultural Heritage,Computer science; Segmentation; Robustness (evolution); Architecture; Rendering (computer graphics); Artificial intelligence; Data mining; Benchmark (surveying); Cultural heritage; 3D city models; Geospatial analysis; Image segmentation; Range (aeronautics); Resource (disambiguation); Computer vision; Architectural style; Baseline (sea); Pyramid (geometry); CityGML; Database; JSON; Hazard; Web application; Scale-space segmentation; Segmentation-based object categorization; Machine learning,,,computer vision,1,jp,v1,2026-08-13
https://openalex.org/W4412996433,https://doi.org/10.1007/978-3-031-71145-9_3,Based on Deep Learning Methods to Preserve the Traditional Building Color of Historic Districts,,2025,2025-01-01,conference-paper,en,0,24,False,closed,"Advances in Science, Technology & Innovation/Advances in science, technology & innovation",book series,Dongqi Li; Yunjia Huang; Tomo Inoue; Kohei Inoue; Qiaoling Fang,Kyushu University,jp,1,0,Color Science and Applications; Conservation Techniques and Studies; Color perception and design,Artificial intelligence; Deep learning; Computer science; Geography; Architectural engineering; Engineering,,,deep learning,1,jp,v1,2026-08-13
https://openalex.org/W7163317343,https://doi.org/10.5281/zenodo.20448152,ECHOES Evaluation Framework (D9.1),"This document lays out the groundwork for the Cloud Assessment Framework that ECHOES is developing to support the continuous assessment of the European Collaborative Cloud for Cultural Heritage (ECCCH). As the first deliverable on evaluation, it represents an initial step in an iterative and collaborative effort that will be expanded and refined as the project progresses. Later deliverables, together with the associated wiki, will further specify indicators, data sources, roles, procedures, and supporting tools. The document defines the purpose, scope, and overall approach of evaluation as a continuous activity that supports both quality assurance and evaluation-informed governance as the ECCCH evolves into a sustainable, long-term ecosystem. It identifies the ECCCH resources to be assessed and organizes them into resource categories, including data and knowledge graph resources, semantic resources, software, infrastructure and services, community-oriented services, and AI-enabled resources. For each category, it outlines a set of evaluation dimensions aligned with the nature of the resource, combining technical, user-oriented, and sustainability perspectives. To support future implementation, the deliverable also presents examples of assessment instruments, such as standards, checklists, questionnaires, and software-based tools, and introduces a preliminary set of candidate indicators.",2026,2026-05-01,article,en,0,0,True,green,Zenodo (CERN European Organization for Nuclear Research),repository,"Carlos Andújar; Victor Piñón; Imanol Muñoz Pandiella; Cadevall, Lydia; Alexandra Sicobean; Sam Habibi Minelli; Anna Puhr; Rémi Petitcol; Yannick Pflanzer",Austrian National Library; FORTH Institute of Electronic Structure and Laser; Fondation Maison des Sciences de l'Homme; Fondation des Sciences du Patrimoine; Fraunhofer-Gesellschaft; Socionext (Japan); Universitat Politècnica de Catalunya,at; de; es; fr; gr; jp,6,1,Conservation Techniques and Studies; Research Data Management Practices; Libraries and Information Services,Deliverable; Computer science; Cloud computing; Set (abstract data type); Resource (disambiguation); Sustainability; Quality assurance; Data science; Process management; Data quality; Quality (philosophy); Graph; Knowledge management; Management science; Systems engineering; Semantic Web; Best practice; Engineering; Multidisciplinary approach; Corporate governance; Quality assessment; Software engineering; Data governance; Cultural heritage; Interoperability; Data sharing; Data mining; Impact assessment; Workflow; Quality management; Data set,,,knowledge graph,1,jp,v1,2026-08-13
https://openalex.org/W7163412456,https://doi.org/10.5281/zenodo.20448153,ECHOES Evaluation Framework (D9.1),"This document lays out the groundwork for the Cloud Assessment Framework that ECHOES is developing to support the continuous assessment of the European Collaborative Cloud for Cultural Heritage (ECCCH). As the first deliverable on evaluation, it represents an initial step in an iterative and collaborative effort that will be expanded and refined as the project progresses. Later deliverables, together with the associated wiki, will further specify indicators, data sources, roles, procedures, and supporting tools. The document defines the purpose, scope, and overall approach of evaluation as a continuous activity that supports both quality assurance and evaluation-informed governance as the ECCCH evolves into a sustainable, long-term ecosystem. It identifies the ECCCH resources to be assessed and organizes them into resource categories, including data and knowledge graph resources, semantic resources, software, infrastructure and services, community-oriented services, and AI-enabled resources. For each category, it outlines a set of evaluation dimensions aligned with the nature of the resource, combining technical, user-oriented, and sustainability perspectives. To support future implementation, the deliverable also presents examples of assessment instruments, such as standards, checklists, questionnaires, and software-based tools, and introduces a preliminary set of candidate indicators.",2026,2026-05-01,article,en,0,0,True,green,Zenodo (CERN European Organization for Nuclear Research),repository,"Carlos Andújar; Victor Piñón; Imanol Muñoz Pandiella; Cadevall, Lydia; Alexandra Sicobean; Sam Habibi Minelli; Anna Puhr; Rémi Petitcol; Yannick Pflanzer",Austrian National Library; FORTH Institute of Electronic Structure and Laser; Fondation Maison des Sciences de l'Homme; Fondation des Sciences du Patrimoine; Fraunhofer-Gesellschaft; Socionext (Japan); Universitat Politècnica de Catalunya,at; de; es; fr; gr; jp,6,1,Conservation Techniques and Studies; Research Data Management Practices; Libraries and Information Services,Deliverable; Computer science; Cloud computing; Set (abstract data type); Resource (disambiguation); Sustainability; Quality assurance; Data science; Process management; Data quality; Quality (philosophy); Graph; Knowledge management; Management science; Systems engineering; Semantic Web; Best practice; Engineering; Multidisciplinary approach; Corporate governance; Quality assessment; Software engineering; Data governance; Cultural heritage; Interoperability; Data sharing; Data mining; Impact assessment; Workflow; Quality management; Data set,,,knowledge graph,1,jp,v1,2026-08-13
https://openalex.org/W4408632968,https://doi.org/10.3233/faia241585,Dynamic Art Curation Method with Pretrained Models of Art Interpretation,"In this paper, a dynamic curation method that uses pretrained models of art interpretation is proposed. The proposed method leverages exhibition catalogs (primary classifications and images) as a source of curatorial knowledge to construct a machine learning model, thereby using this model to evaluate, position, and visualize other artwork. This method enables the dynamic curation of artwork in a vast integrated art collection archive. A prototype system for the proposed method was implemented and applied to two exhibition catalogs at the Artizon Museum. In the experiment, artworks matching the purpose and art style of the modeled exhibition from the archives of the Metropolitan Museum of Art in New York City and Paris Musées were evaluated using the constructed model. The experiment demonstrated that the proposed method successfully classifies and enables the visualization of artwork and images available in the open data from the MET and Paris Musées in alignment with the intended theme of the exhibition for which the model was constructed. Feedback from curators and art professionals indicates that the proposed method can be used to compare museums with art collections of the same genre and to organize new exhibitions based on the curatorial model.",2025,2025-03-17,book-chapter,en,0,0,True,hybrid,Frontiers in artificial intelligence and applications,journal,Yosuke Tsuchiya; Takafumi Nakanishi; Naoki Ishibashi,Ishibashi Foundation; Musashino University,jp,1,0,Digital Media and Visual Art,Interpretation (philosophy); Computer science; Data curation; Artificial intelligence; Natural language processing; Data science; Programming language,,,machine learning,1,jp,v1,2026-08-13
https://openalex.org/W7116084824,https://doi.org/10.5281/zenodo.17975180,"BRAID Researchers Response to the Call for input for EMRTD study: Artificial Intelligence, Cultural Rights, and the Right to Development","The Bridging Responsible AI Divides (BRAID) fellows have jointly responded to the call for input by the UN Expert Mechanism on the Right to Development. Their submission, written by Paula Westenberger, Clementine Collett, Caterina Moruzzi, Martin Parker, and Alex Taylor, examines how AI intersects with cultural rights and the right to development. Looking beyond the imperatives of current commercially dominant generative AI products, the response tracks the implications that a range of AI systems have for different stakeholder groups, including the creative, cultural heritage and research sectors, the public, supply-chain workers, and local communities. The authors outline several benefits that can be derived from broadening access to advanced technologies and enabling wider participation in contemporary cultural and economic life. However, with insufficient regulation an uneven distribution of infrastructure, skills and resources, future AI development risks engendering new forms of cultural hegemony and homogenisation, as well as the erosion of cultural sovereignty, linguistic diversity and potential cognitive decline. Targeted effort is needed to fund and incentivise more inclusive and equitable approaches to AI development, policy and regulation to ensure these technologies advance cultural rights and the right to development.",2025,2025-12-18,article,en,0,0,True,green,Zenodo (CERN European Organization for Nuclear Research),repository,"Westenberger, Paula; Collett, Clementine; Moruzzi, Caterina; Parker, Martin; Taylor, Alex",Brunel University of London; Line Corporation (Japan); Sinopec (China); Universidad de Londres; University of Cambridge; University of Edinburgh; University of London,cn; gb; jp; mx,4,1,Ethics and Social Impacts of AI; Big Data and Digital Economy; Human Rights and Development,Cultural heritage; Sociology; Stakeholder; Law and economics; Bridging (networking); Human rights; Cultural diversity; Generative grammar; Public relations; Political science; Cultural rights; Environmental ethics; Emerging technologies; Diversity (politics); Legal aspects of computing; Law; Consciousness; Action (physics); Economics; Development aid; Hegemony; Business,,,artificial intelligence,1,jp,v1,2026-08-13
https://openalex.org/W7116148548,https://doi.org/10.5281/zenodo.17975179,"BRAID Researchers Response to the Call for input for EMRTD study: Artificial Intelligence, Cultural Rights, and the Right to Development","The Bridging Responsible AI Divides (BRAID) fellows have jointly responded to the call for input by the UN Expert Mechanism on the Right to Development. Their submission, written by Paula Westenberger, Clementine Collett, Caterina Moruzzi, Martin Parker, and Alex Taylor, examines how AI intersects with cultural rights and the right to development. Looking beyond the imperatives of current commercially dominant generative AI products, the response tracks the implications that a range of AI systems have for different stakeholder groups, including the creative, cultural heritage and research sectors, the public, supply-chain workers, and local communities. The authors outline several benefits that can be derived from broadening access to advanced technologies and enabling wider participation in contemporary cultural and economic life. However, with insufficient regulation an uneven distribution of infrastructure, skills and resources, future AI development risks engendering new forms of cultural hegemony and homogenisation, as well as the erosion of cultural sovereignty, linguistic diversity and potential cognitive decline. Targeted effort is needed to fund and incentivise more inclusive and equitable approaches to AI development, policy and regulation to ensure these technologies advance cultural rights and the right to development.",2025,2025-12-18,article,en,0,0,True,green,Zenodo (CERN European Organization for Nuclear Research),repository,"Westenberger, Paula; Collett, Clementine; Moruzzi, Caterina; Parker, Martin; Taylor, Alex",Brunel University of London; Line Corporation (Japan); Sinopec (China); Universidad de Londres; University of Cambridge; University of Edinburgh; University of London,cn; gb; jp; mx,4,1,Ethics and Social Impacts of AI; Big Data and Digital Economy; Human Rights and Development,Cultural heritage; Sociology; Stakeholder; Law and economics; Bridging (networking); Human rights; Cultural diversity; Generative grammar; Public relations; Political science; Cultural rights; Environmental ethics; Emerging technologies; Diversity (politics); Legal aspects of computing; Law; Consciousness; Action (physics); Economics; Development aid; Hegemony; Business,,,artificial intelligence,1,jp,v1,2026-08-13
https://openalex.org/W7128586801,https://doi.org/10.64888/caaproceedings.v51i1.899,Statistical image processing (Decorrelation Stretch) and deep learning (CycleGANs) to restore images of faded artworks,"Cultural properties gradually fade and deteriorate over time due to various factors, including exposure to ultraviolet and infrared radiation, fluctuations in temperature and humidity that cause the degradation of organic materials, and the accumulation of dust and other contaminants on the surface. These factors diminish the visibility of the artwork, often requiring professional restoration techniques that are time-consuming, costly, and potentially irreversible. This study proposes a method to digitally restore the visual clarity of cultural properties by combining statistical image processing with deep learning. First, Decorrelation Stretch (DStretch) is applied to transform the color profile of photographed images, enhancing the visibility of faded motifs such as characters and illustrations. Next, Cycle-Consistent Generative Adversarial Networks (CycleGANs) are applied to learn the color domain transformation between the DStretch-processed (faded) images and reference images of similar, minimally faded artworks. This enables the generation of estimated prefaded images without requiring any physical intervention on the actual cultural property. The proposed method facilitates digital restoration and utilization of cultural properties, contributing to their preservation and broader public access. Furthermore, by reusing and reanalyzing processed image data, this approach fosters reproducibility in cultural heritage research, which is often susceptible to subjectivity.",2026,2026-01-12,article,,0,10,True,hybrid,Computer Applications and Quantitative Methods in Archaeology Proceedings,journal,Kazutaka Kawano; Masatoshi Itagaki; Haruhiro Fujita; Ryo YAMAMOTO; Toshiki Takeuchi; Hiroki Ochiai,Tokyo National Museum,jp,1,0,Generative Adversarial Networks and Image Synthesis; Aesthetic Perception and Analysis; Cultural Heritage Materials Analysis,Artificial intelligence; Decorrelation; Computer science; Deep learning; Visibility; Computer vision; Image processing; Image restoration; Cultural heritage; Generative grammar; Filter (signal processing); CLARITY; Generative adversarial network; Image (mathematics); Domain (mathematical analysis); Digital image processing; Color correction; Transformation (genetics); Visualization; Deep neural networks; Noise (video); Photography; Artificial neural network; Convolutional neural network; Radiance; Pattern recognition (psychology),,,deep learning,1,jp,v1,2026-08-13
https://openalex.org/W3106701155,https://doi.org/10.1299/jsmermd.2020.2a1-h03,Study on low light image enhancement by deep learning for object detection in the dark,"In the museum, applications using deep learning are helping to improve the user experience. Example of such applications include guiding robots using human detection and AR applications that present information using object detection. However, it is difficult to detect an object because museums reduce the amount of lighting to preserve exhibits. Therefore, we proposed low light image enhancement using image-to-image translation. We photographed low light images under 5 different lighting conditions. We performed low light image enhancement for photographed images. Then, we did object detection for enhanced images, and evaluate the detection rate. As a result, the effectiveness of the proposal method was suggested.",2020,2020-01-01,conference-paper,en,0,0,True,bronze,The Proceedings of JSME annual Conference on Robotics and Mechatronics (Robomec),journal,Kodai Moriya; Fusako Kusunoki; Shigenori Inagaki; Hiroshi Mizoguchi,Kobe University; Tama Art University; Tokyo University of Science,jp,1,0,Advanced Neural Network Applications; Image Enhancement Techniques; Video Surveillance and Tracking Methods,Artificial intelligence; Computer vision; Object detection; Computer science; Object (grammar); Translation (biology); Image (mathematics); Deep learning; Pattern recognition (psychology); Biochemistry; Gene; Messenger RNA; Chemistry,,,deep learning,1,jp,v1,2026-08-13
https://openalex.org/W4416341707,https://doi.org/10.1109/icscc66177.2025.11233436,Theyyam Character Identification using Deep Learning Techniques,"This study addresses the challenge of real-time prediction and identification of Theyam characters from random input videos, crucial for accurate identification during live performances. Existing platforms often fail to provide specific character identifications, necessitating a novel approach. Leveraging YOLOv8, the latest iteration in real-time object detection, this research achieves cutting-edge performance in accuracy and speed.YOLOv8 integrates advanced backbone and neck architectures, enhancing feature extraction and object detection. Its anchor-free split Ultralytics head ensures superior accuracy and efficiency compared to anchor-based approaches, maintaining an optimal balance between accuracy and speed. The selection of YOLOv8 is motivated by its lightweight network architecture, effective feature fusion methods, and accurate detection results, with extensibility enabling easy comparison between YOLO versions. The proposed workflow segments input videos into frames for character prediction using YOLOv8. Output videos display bounding boxes around predicted characters, accompanied by their names. This approach significantly enhances audience engagement and understanding during Theyyam performances, providing immediate character identification. This study underscores the importance of modern computer vision techniques in preserving and promoting cultural heritage in realtime scenarios.",2025,2025-07-03,conference-paper,,0,13,False,closed,,,Michael Mahesh K; Pradeep Sudhakaran; Gokul Ramesh,SRM Institute of Science and Technology; Zen-Noh (Japan),in; jp,2,1,Handwritten Text Recognition Techniques; Face recognition and analysis; Advanced Image and Video Retrieval Techniques,Computer science; Artificial intelligence; Workflow; Character (mathematics); Identification (biology); Bounding overwatch; Deep learning; Object (grammar); Feature extraction; Feature (linguistics); Minimum bounding box; Selection (genetic algorithm); Machine learning; Computer vision; Frame (networking); Feature selection; Conditional random field; Key (lock); Object detection; Pattern recognition (psychology); Font; Representation (politics); Face (sociological concept); Artificial neural network; Task analysis,,,deep learning; computer vision,2,jp,v1,2026-08-13
https://openalex.org/W7171949326,https://doi.org/10.1145/3837082,A Review of Artificial Intelligence Techniques in Oracle Bone Inscriptions,"Oracle Bone Inscriptions (OBIs), incised over 3,000 years ago, represent one of humanity’s earliest extensively attested writing systems and preserve invaluable records of early Chinese civilization. Despite their status as UNESCO Memory of the World Register, OBI research still faces severe challenges, including extreme data scarcity, pervasive physical degradation, and persistent semantic ambiguity because many characters remain undeciphered. This paper reviews recent artificial intelligence (AI) techniques for OBI studies across three domains: organization and digitization for authentication and periodization, character-level detection and retrieval, and higher-level paleographic analysis, including semantic interpretation and known-class recognition support. We review representative approaches and publicly available datasets, highlight key technical bottlenecks such as data scarcity, weak cross-domain generalization, and semantic gaps between visual matching and cultural interpretation, and outline future directions, including robust models for degraded materials, methods that generalize across diverse collections, and approaches that integrate computational efficiency with paleographic expertise. By integrating computational methods with traditional paleography, this review shows how AI can accelerate OBI curation and enable large-scale cultural heritage analysis.",2026,2026-07-31,article,en,0,22,False,closed,Journal on Computing and Cultural Heritage,journal,Jiaze Cai; Hengyi Li; Bang Li; Lin Meng,Ministry of Education; Ritsumeikan University,jp; rw,2,1,Image Processing and 3D Reconstruction; Archaeological Research and Protection; Language and cultural evolution,Computer science; Digitization; Oracle; Artificial intelligence; Ambiguity; Data science; Interpretation (philosophy); Authentication (law); Cultural heritage; Big data; Natural language processing; Semantic Web; Visualization; Semantics (computer science); Key (lock); Linked data; Matching (statistics); Information retrieval; Deep learning; Creative visualization; Data curation; Computational model; Semantic computing; Word2vec,,,artificial intelligence,1,jp,v1,2026-08-13
https://openalex.org/W4412609641,https://doi.org/10.51408/issi2025_058,Research-Policy Alignment in AI: A Bibliometric Study of the EU AI Act,"The rapid advancement of artificial intelligence (AI) necessitates understanding how academic research aligns with emerging regulatory frameworks. This study employs topic modeling to examine the relationship between library and information science research and AI policy priorities. We analyzed 2,795 academic publications on AI in library science and 1,005 statements from the European Union's AI Act, identifying 56 research clusters and 33 regulatory topics, respectively. Using semantic similarity measures, we mapped thematic alignments between research and policy domains. Results reveal strong concordance in areas such as governance frameworks and risk management, while highlighting gaps in regulatory implementation research and domain-specific applications. Notable mismatches include limited academic engagement with regulatory bodies and oversight mechanisms, contrasting with substantial research focus on cultural heritage and medical applications that lack direct regulatory correspondence. This study contributes a systematic methodology for evaluating research-policy alignment in emerging technologies, building on established bibliometric approaches for assessing research impact on policy. Our findings suggest the need for enhanced dialogue between researchers and policymakers while demonstrating how academic inquiry extends beyond immediate regulatory concerns.",2025,2025-07-10,conference-paper,en,0,11,True,gold,,,Cristian Mejía,Institute for Future Engineering; Tokyo Future University,jp,1,0,Innovation Policy and R&D,Computer science; Bibliometrics; Artificial intelligence; Regional science; Political science; Library science; Sociology,,,artificial intelligence,1,jp,v1,2026-08-13
https://openalex.org/W4408520948,https://doi.org/10.1109/iiki65561.2024.00018,An efficient neural architecture search based on PCDARTS,"Deep learning has achieved great achievements in a variety of tasks, such as image classification, speech recognition, and cultural heritage protection. However, manually design deep convolution neural networks for certain tasks requires a long time. Furthermore, it also requires the designer to have certain professional knowledge. Faced with an increasingly complex network architecture, it has become more and more difficult to design only manually. Neural architecture search provides a method to overcome problems in manually designing networks. It mainly includes search space, search strategy, and performance evaluation. In this paper, a new search method, F-PCDARTS, is proposed based on PCDARTS. In the research space, we propose to apply channel shuffle and global context for efficient feature extraction. At the same time, in terms of search strategy, a fixed reduction cell is designed to search normal cells, which solves the difficult and time-consuming problem of search optimization. The experiment results indicate a 9.8% reduction in network search time, requiring only 0.09 GPU days. Furthermore, the validation accuracy of CIFAR10 and CIFAR100 is improved by 0.09% and 0.12%, respectively. The method we propose effectively reduces the time of network search.",2024,2024-12-06,conference-paper,en,0,0,False,closed,,,Zhuo Li; Hengyi Li; Lin Meng,Ritsumeikan University,jp,1,0,Neural Networks and Applications,Computer science; Architecture; Computer architecture; Artificial intelligence; Art; Visual arts,,,deep learning; neural network,2,jp,v1,2026-08-13
https://openalex.org/W4402063087,https://doi.org/10.30958/ajte.11-3-4,"A Visual Cross-software Evaluation Platform for Perseveration and Revitalization of Historical Villages: Application in Qinchuan Historical Village, Zhejiang Province","The preservation and revitalization of historical villages have emerged as prominent topics within the realm of Chinese cultural heritage preservation. However, persistent challenges arise from the lack of spatial digital information and the complexities involved in sampling and analyzing these historical sites. An emerging field of inquiry addresses the effective analysis of the spatial elements of historical villages for design evaluation and research in the context of their preservation and revitalization, with the objective of aligning them with contemporary needs. This research integrates Unmanned Aerial Vehicle (UAV) 3D oblique imagery and Computer Vision (CV) techniques to replace traditional data collection methods, thereby addressing challenges caused by insufficient data and providing a more economical and efficient solution. Furthermore, it establishes a linkage between Rhinoceros-Grasshopper (GH)-Unity 3D to create a novel cross-software evaluation platform. This platform assists designers in researching and analyzing the spatial aspects of historical villages and various streetview elements, including building, sky, ground, tree, door, window, water, plants, person, and transport, thereby facilitating the assessment of their impact on the preservation and revitalization of traditional historical village. Keywords: computer vision, parametric design, villages protection and renewal, oblique imagery, cross-software",2024,2024-08-30,article,en,0,19,True,diamond,Athens Journal of Τechnology & Engineering,journal,Junpeng Fan,Keio University,jp,1,0,Cultural Heritage Management and Preservation,Perseveration; Geography; Visual arts; Psychology; Art; Neuroscience; Cognition,,,computer vision,1,jp,v1,2026-08-13
https://openalex.org/W7127927175,https://doi.org/10.1109/icts67612.2025.11369596,Leave-One-Domain-Out Evaluation of Deep Learning Architectures for Balinese Masks Classification,"Balinese masks are rich cultural artifacts with diverse forms shaped by regional and artistic variations. While prior research on Balinese mask classification has focused on standard supervised learning using a limited public dataset, this study initiates a Leave-One-Domain-Out (LODO) evaluation to better reflect real-world generalization challenges. We enhance the dataset by introducing three new domain variations for each mask class, enabling robust domain generalization experiments. Twelve pretrained deep learning architectures were evaluated using two hyperparameter configurations. Results show that EfficientNet-B0, MobileNetV3-Large, and ResNet101 achieved the highest stability across domains, with weighted F1-score ranges of 0.47, 0.52, and 0.60, respectively. Conversely, Bujuh, Penasar, and Sidakarya were identified as the most challenging classes, exhibiting performance variation ranges of 0.72, 0.42, and 0.57. Hyperparameter tuning, although previously effective, showed minimal benefit under domain shift, with a maximum performance gap of only 14%. This study highlights the necessity of domain-aware evaluation and contributes a new benchmark for cultural heritage classification under domain shift conditions. Future work includes releasing the dataset publicly and exploring advanced domain generalization techniques.",2025,2025-11-12,conference-paper,,0,15,False,closed,,,I Gede Andika; Anny Yuniarti; Shintami Chusnul Hidayati; Fajar Baskoro; Khaing Hsu Wai,Akita University; Sepuluh Nopember Institute of Technology,id; jp,2,1,Generative Adversarial Networks and Image Synthesis; Aesthetic Perception and Analysis; Image Processing and 3D Reconstruction,Hyperparameter; Generalization; Artificial intelligence; Benchmark (surveying); Deep learning; Computer science; Domain (mathematical analysis); Machine learning; Stability (learning theory); Public domain; Variation (astronomy); Supervised learning; Pattern recognition (psychology); Domain knowledge; Artificial neural network,,,deep learning,1,jp,v1,2026-08-13
https://openalex.org/W4309928789,https://doi.org/10.3389/frobt.2022.1053063,Editorial: AI processing of UAV acquired images for pattern monitoring in natural and urban environments,"Editorial on the Research Topic AI processing of UAV acquired images for pattern monitoring in natural and urban environments Remote sensing Data, and especially data collected by Unmanned Air Vehicles (UAVs), is currently being used in an increasing number of research areas.These data, together with the new image analysis possibilities that Deep Learning provides, are pushing forward significant advances in research areas as diverse as Traffic Surveillance Bozcan and Kayacan (2020), Forestry (Diez et al., 2021), Agriculture Kamilaris and Prenafeta Boldu (2018) or Cultural Heritage inspection Themistocleous (2020).Our aim in this Research Topic is to explore how the combination of remote sensing data and AI (and very particularly Deep Learning) can be exploited to further widen their field of application, and to obtain better results in existing applications.We believe that the four articles gathered in this Research Topic fulfill our goals and provide a very interesting perspective on how much this research area has already advanced in the last few years and how much further it can go.From novel takes on existing technology such as microdrones being used to obtain 3D-reconstructions of industrial buildings, to developments on the way data is collected (for example, semantic segmentation) to influence future data collection missions, and, finally, to results in established application areas, such as SLAM for agriculture or underwater natural environment monitoring, that transcend UAV data collection but use the same types of information and analysis approaches.",2022,2022-11-24,editorial,en,0,9,True,gold,Frontiers in Robotics and AI,journal,Yago Díez; Nuno Gracias; Mariano Cabezas; Carsten Juergens; Maximo Larry Lopez Caceres,Ruhr University Bochum; The University of Sydney; Universitat de Girona; Yamagata University,au; de; es; jp,4,1,Robotics and Sensor-Based Localization; Remote Sensing and LiDAR Applications; Advanced Neural Network Applications,Computer science; Natural (archaeology); Artificial intelligence; Computer vision; Remote sensing; Data science; Geology; Paleontology,,,deep learning,1,jp,v1,2026-08-13
https://openalex.org/W4285142376,https://doi.org/10.1007/978-3-031-05028-2_18,Transformation of Plants into Polka Dot Arts: Kusama Yayoi as an Inspiration for Deep Learning,,2022,2022-01-01,conference-paper,en,0,11,False,closed,Lecture notes in computer science,book series,Jingjing Li; Xiaoyang Zheng; Junli Lu; Vargas Meza Xanat; Yoichi Ochiai,University of Tsukuba,jp,1,0,Visual Attention and Saliency Detection; Virtual Reality Applications and Impacts; Aesthetic Perception and Analysis,Exhibition; Style (visual arts); Visual arts; The arts; Art; Convolutional neural network; Visitor pattern; Computer science; Artificial intelligence; Programming language,,,deep learning,1,jp,v1,2026-08-13
https://openalex.org/W7140144468,https://doi.org/10.1007/s12518-026-00713-2,Harnessing the power of machine learning to unveil groundwater potential in semi-arid environments,,2026,2026-03-23,article,en,0,91,False,closed,Applied Geomatics,journal,Khalifa M. Al-Kindi; Yunis Bani-Oraba,Geospatial Information Authority of Japan; Information and Communication Technology Authority; University of Nizwa,jp; ke; om,3,1,Groundwater and Watershed Analysis; Groundwater and Isotope Geochemistry; Hydrological Forecasting Using AI,Groundwater; Geospatial analysis; Hydrogeology; Computer science; Environmental science; Machine learning; Aquifer; Artificial intelligence; Random forest; Water resources; Geoinformatics; Hydrology (agriculture); Environmental resource management; Overfitting; Data mining; Groundwater recharge; Hydrological modelling; Resource (disambiguation); Water resource management; Entropy (arrow of time); Spatial analysis; Kriging; Water security; Remote sensing; Groundwater model; Geographic information system; Climate change,,,machine learning,1,jp,v1,2026-08-13
https://openalex.org/W7155718189,https://doi.org/10.1007/978-3-032-19495-4_15,Automated Facade Database: Machine Learning Driven Analysis of Street View Imagery for Historic Townscape Preservation,,2026,2026-01-01,conference-paper,en,0,16,False,closed,Lecture notes in networks and systems,book series,Clifford G. Theys; Araki Taisei; Mohamed Rami Derbel; Nobuhiko Yamaguchi; Nobuo Mishima,Saga University,jp,1,0,3D Surveying and Cultural Heritage; Urban Design and Spatial Analysis; Cultural Heritage Management and Preservation,Facade; Artificial intelligence; Computer science; Feature (linguistics); Engineering; Computer vision; Key (lock); Visualization; Machine vision; Perspective (graphical); Machine learning; Engineering drawing; Camouflage,,,machine learning,1,jp,v1,2026-08-13
https://openalex.org/W4408171695,https://doi.org/10.21608/idj.2025.362772.1276,Using generative artificial intelligence applications to design printed women's clothing accessories inspired by the Egyptian identity,"The concept of the research is summarized in the development of designs with a contemporary abstract formulation that expresses the Egyptian identity through the use of artificial intelligence (AI) applications used in generating images, where some AI applications were used through the study, so that many generative AI applications that are used in generating images from written texts were found, and the characteristics of these applications were identified. It was found through this study that these applications are similar in many of the characteristics and methods of use, while they differ in the quality of the designs created through these tools and their compatibility with the written text Prompt Engineering and accordingly, (6) AI applications were selected (Microsoft Bing- Microsoft Bing- Microsoft Copilot- Lexica) Microsoft Copilot- Lexica- (Leonardo- promeai. The Microsoft Bing application to be the subject of the design study, which resulted in many results that achieved the aesthetics of the design, and achieved the innovative and applied values of the innovative designs, so that these designs were then employed in the creation of contemporary printed women's clothing accessories expressing the Egyptian identity that can be marketed and sold in museums and tourist places in conjunction with the experimental opening of the Grand Egyptian Museum in October 2024.",2025,2025-03-07,article,en,0,0,True,bronze,التصميم الدولية,journal,Manal Youssef Naguib; Heba Mohamed Okasha Abu Elkamal Elsayegh; Hala Mostafa Ali Elmorsy,Benha University; Kyoto City University of Arts,eg; jp,2,1,Fashion and Cultural Textiles,Clothing; Identity (music); Generative grammar; Engineering drawing; Artificial intelligence; Engineering; Computer science; Art; Aesthetics; History; Archaeology,,,artificial intelligence,1,jp,v1,2026-08-13
https://openalex.org/W7163906066,https://doi.org/10.3390/geomatics6030066,Digital Heritage Conservation of Historical Villages Using UAV Photogrammetry–LiDAR Fusion and AI-Based Façade Material Analytics,"The accelerating deterioration of Chinese historical villages necessitates advanced digital approaches for systematic documentation and conservation. The present research proposes a novel Digital Heritage Framework that integrates UAV-based 3D oblique photogrammetry, LiDAR point cloud modeling, and computer vision. Unlike single-technology approaches, our methodology solves modeling issues for complex terrain mapping. This especially applies to the interior and roof works of buildings. The framework implements a customized Rhino-Grasshopper. The 3D model is able to resolve issues of shadow occlusion and spatial discontinuity by integrating aerial and ground-based datasets into spatially coherent formats. This makes use of the Meta-AI-SAM2 deep learning model for semantic segmentation and identification of materials. The computer vision (CV) approach gives semi-automated façade analysis. It enables documentation of complex architectural features non-invasively. We developed a Unity-based visualization platform. It features multiscale representations, ranging from village-scale layouts to centimeter-accurate scans of heritage structures such as the Qinchuan Ancestral Hall. Integration with the Unity platform optimizes dataset organization and hierarchical structuring. This significantly enhances database operational efficiency. This integration reduces manual processing complexity and hardware demands. Demonstrating documented efficiency and precision, this workflow presents a scalable solution for endangered heritage sites. Future research will explore AI-assisted detail reconstruction and cross-cultural adaptations. It potentially establishes this framework as a comprehensive tool for sustainable digital conservation.",2026,2026-06-05,article,en,0,26,True,gold,Geomatics,journal,Junpeng Fan; Zao Zhang; Anbang Dai; Hongxi Yin; Yasushi Ikeda,Beihang University; Keio University Shonan Fujisawa; School of Visual Arts; The University of Tokyo; Washington University in St. Louis; Zhejiang University of Science and Technology,cn; jp; us,3,1,3D Surveying and Cultural Heritage; Remote Sensing and LiDAR Applications; Archaeological Research and Protection,Computer science; Workflow; Documentation; Data science; Point cloud; Cultural heritage; Identification (biology); Analytics; Terrain; Visualization; Scalability; Geospatial analysis; Segmentation; Artificial intelligence; Lidar; Shadow (psychology); Level of detail; Data mining; Abstraction; Data integration; Sensor fusion; Frame (networking); Cloud computing; Big data; Interoperability; Photogrammetry; 3D city models; Computer vision; Geographic information system; Spatial analysis; Building information modeling; Computer graphics; Automation; Metamodeling; Metadata; Digital Earth; Key (lock); Dashboard; Visual analytics; Octree,,,deep learning; computer vision,2,jp,v1,2026-08-13
https://openalex.org/W4409769849,https://doi.org/10.1007/s11042-025-20784-4,Built year prediction of buddha face with heterogeneous label modeled as probabilistic distribution,"Abstract Analysis of cultural heritages, particularly their construction years, provides new insights into human history. However, due to natural disasters, wars, material deterioration, and human errors, records documenting the construction years of many artifacts have often been lost. Historians and experts can estimate construction years within specific ranges using chemical-based analysis technologies or extensive historical research. Given the vast number of collected artifacts, applying these conventional methods to every artifact is impractical. To address this challenge, we developed a deep neural network model designed for Buddha statues to estimate an artifact’s construction year from its image. One major challenge in this task is the heterogeneity of the labels: the training samples include both precise construction years and possible ranges (e.g., a dynasty or a century) estimated by historians. To unify these heterogeneous labels during training, we represent them as probabilistic distributions. In our previous work Qian et al. (2021), we assumed that the ambiguity in heterogeneous construction year labels followed a Gaussian distribution, assigning the highest likelihood to the midpoint of the designated time range. However, this assumption does not always hold. In this paper, we propose representing heterogeneous construction year labels as a uniform distribution, assigning equal probability to all points within the designated time range. Based on this label representation, we designed a semi-supervised learning loss function to leverage both labeled and unlabeled samples during training. Our experimental results demonstrate that our method achieves a mean absolute error of 34.3 years on a test set consisting of Buddha statues constructed between 400 and 1403. These results are further analyzed in two ways. First, we compared our model’s performance to the image quality BRISQUE score, revealing a correlation between higher image quality and lower prediction error rates. Second, we validated our predictions with experts, assessing the level of agreement with our model, the challenges in determining construction years, and identifying features of interest in the artifacts.",2025,2025-04-24,article,en,0,34,True,hybrid,Multimedia Tools and Applications,journal,Yiming Qian; Cheikh Brahim El Vaigh; Yuta Nakashima; Benjamin Renoust; Hajime Nagahara; Yutaka Fujioka,DBV Technologies (France); Institute of High Performance Computing; The University of Osaka; Université de Bourgogne,fr; jp; sg,3,1,Advanced Statistical Methods and Models,Computer science; Gautama Buddha; Face (sociological concept); Probabilistic logic; Distribution (mathematics); Artificial intelligence; Statistical model; Mathematics; Buddhism; Mathematical analysis; Philosophy; Social science; Theology; Sociology,,,neural network,1,jp,v1,2026-08-13
https://openalex.org/W4234240324,https://doi.org/10.5194/isprs-annals-v-2-2020-7-2020,PREFACE: TECHNICAL COMMISSION II,"Abstract. ISPRS Technical Commission II focuses, at various scales, on geometric, radiometric and multi-temporal aspects of image- and range-based 3D surveying and modeling. Specifically, Commission II deals with image orientation, point cloud generation and processing, 3D feature extraction, scene understanding, sensor and data fusion, sensor characterization, machine learning for geospatial data analysis and big data techniques for massive data processing. Applications in the fields of mapping, industry, heritage, space, underwater and environment are considered.The Volume related to Commission II contains 182 papers published in the ISPRS Archives and 118 published in the ISPRS Annals. The Archives were accepted on the base of an abstract review from originally submitted 262 abstracts. The Annals comprise reviewed articles accepted from the originally submitted 191 full papers.Considering the aforementioned research issues, challenges and needs, the papers published depict the latest developments in methodological aspects and the most interesting applications in photogrammetry.Great interest was dedicated to machine/deep learning methods used to solve various steps of the photogrammetric pipeline and in particular for the semantic enrichment of images and 3D data. Many papers reported new models and methods to extract features, geometrical primitives and objects from data acquired by airborne and/or terrestrial sensors, including object recognition and 3D object/scene reconstruction.Various contributions referred to the utilization, integration, modeling and performance analyses of imaging and ranging sensors in the industry sector, environment and heritage fields. Cultural Heritage (including Underwater) attracted many submissions with various worldwide applications which depicted how 3D documentation is increasingly used and crucial for conservation, preservation and valorisation needs.We believe these volumes nicely recap the state of the art, current trends and possible applications in photogrammetry, with a nice overlook at the forthcoming years of investigations.On behalf of Technical Commission II, we would like to thank the local organisers of the 2020 ISPRS Congress, the members of the international program committee, all Working Group officers and all reviewers for their hard organizational work and efforts in the paper reviewing process.",2020,2020-08-03,editorial,en,0,0,True,diamond,"ISPRS annals of the photogrammetry, remote sensing and spatial information sciences",journal,Fabio Remondino; Takashi Fuse; I. Toschi,Fondazione Bruno Kessler; The University of Tokyo,it; jp,2,1,3D Surveying and Cultural Heritage; Satellite Image Processing and Photogrammetry; Remote Sensing and LiDAR Applications,Photogrammetry; Point cloud; Geospatial analysis; Computer science; Documentation; Cultural heritage; Commission; Orthophoto; Data science; Artificial intelligence; Remote sensing; Geography; Archaeology; Economics; Finance; Programming language,,,machine learning; deep learning,2,jp,v1,2026-08-13
https://openalex.org/W3013006377,https://doi.org/10.1109/icst46873.2019.9047711,Motion Detector Training with Virtual Data for Semi-Automatic Motion Analysis-Elimination of Real Training Data Collection using 3DCG Synthesis,"A visitor's interest in the exhibits at a museum can be understood by analyzing his or her behavior. Conventionally, behavior analysis is performed manually, but it is troublesome to do this in practice. Therefore, our aim is to reduce this trouble by the automation and semi-automation of behavior analysis. We focus on motion detection by machine learning as the first step in this process. To detect motion using machine learning, it is necessary to collect training motions in advance and create a detector. In this study, human models and motions were generated using three-dimensional computer graphics. Then, we synthesized them and collected training motions using a virtual environment. We used the collected training motions to create a detector and detected motions collected from people in a real environment. The results of the experiments indicate that this training data collection method is effective.",2019,2019-12-01,conference-paper,en,0,5,False,closed,,,Yukiya Shingai; Fusako Kusunoki; Shigenori Inagaki; Hiroshi Mizoguchi,Kobe University; Tama Art University; Tokyo University of Science,jp,1,0,Human Pose and Action Recognition; Video Analysis and Summarization; Advanced Vision and Imaging,Computer science; Visitor pattern; Motion (physics); Artificial intelligence; Focus (optics); Automation; Training (meteorology); Detector; Computer vision; Computer graphics; Process (computing); Motion analysis; Data collection; Training set; Computer graphics (images); Human–computer interaction; Engineering; Mechanical engineering; Operating system; Meteorology; Optics; Programming language; Mathematics; Physics; Telecommunications; Statistics,,,machine learning,1,jp,v1,2026-08-13
https://openalex.org/W4412130489,https://doi.org/10.1109/jac-ecc64419.2024.11061222,Autonomous Navigation for Mobile Robots in Dynamic Environments: A Comprehensive Study Using Deep Learning Algorithms,"Over recent decades, mobile robotics has advanced significantly, with navigation being a critical task. Robots now navigate diverse, dynamic, and unknown environments using various methods. This study reviews deep learning-based navigation techniques, highlighting their pros and cons. It focuses on a convolutional neural network (CNN)-based approach implemented in Python, C++, Robot Operating System (ROS), Linux, and the GAZEBO simulator. A notable contribution is adapting the DroNet model, originally for drones, to ground robots. However, DroNet lacks goal-oriented mobility. To address this, this paper integrates Dijkstra’s algorithm with simultaneous localization and mapping (SLAM) and path planning, enabling the robot to follow the shortest path while avoiding dynamic obstacles. Using a monocular camera instead of an expensive laser scanner, the study presents an affordable, goal-oriented navigation system suitable for indoor use in restaurants and museums.",2024,2024-12-16,conference-paper,en,0,30,False,closed,,,Mohamed S. Elbakry; Abdelrahman M. Mahmoud; Sherief Hashima; Basem M. ElHalawany,Egyptian Aviation Academy; Kuwait College of Science and Technology; RIKEN Center for Advanced Intelligence Project,eg; jp; kw,3,1,Robotic Path Planning Algorithms,Computer science; Mobile robot; Artificial intelligence; Deep learning; Robot; Machine learning,,,deep learning; neural network; convolutional,3,jp,v1,2026-08-13
https://openalex.org/W7117762066,https://doi.org/10.3390/buildings16010172,Exploring the Satisfaction of Low-Income Elderly People with Open Space Environment in Tapgol Park of Central Seoul: A Decision Tree Approach to Machine Learning,"In urban design, public open spaces (POS) are essential for enhancing health and well-being across the lifetime. High-quality public open spaces facilitate the maintenance of optimal physical and mental health in older individuals by encouraging activities like physical exercise and social engagement. Preserving the physical and mental well-being of elderly individuals is a fundamental concern for aging policy. Nevertheless, urbanization presents considerable problems with the provision of public open spaces for activities aimed at the elderly. South Korea has more significant issues than other nations globally. This study, based on data from 477 valid questionnaires collected in and around Tapgol Park in Jung-gu, Seoul, employed a decision tree approach to identify key factors and paths that influence overall satisfaction. The goal was to identify decision paths that improve satisfaction while ensuring interpretability, thereby providing a scientific basis for urban space design and renovation. The results show that: (1) The decision tree of this study presents a hierarchical logic of quietness first, then accessibility and cleanliness, and finally price and vitality, which is consistent with the high frequency of use of Tapgol Park by the elderly and the diverse facilities in the surrounding area. (2) The key to improving the management and satisfaction of Tapgol Park in Seoul is the quietness of the site. (3) When the park is not quiet, users are most sensitive to bottom-line factors, such as commercial supply, evacuation safety, transportation accessibility, price perception, barrier-free, and anti-slips. (4) When the park is quiet, basic comfort factors such as smooth walking, all-day opening, sunlight, and no odor constitute the minimum condition set for entering the comfort zone. (5) Water experience, waterfront accessibility, proximity to cultural resources, and moderate business and community-oriented leisure facilities are key plus points. Methodologically, this study is among the first to apply a decision tree approach to low-income elderly using a small public open space in a historic city center, clarifying the nonlinear and hierarchical relationships among environmental factors within these low-income elderly groups. This provides empirical support and reference for the aging-friendly urban space in world heritage cities and other historical and cultural cities.",2025,2025-12-30,article,en,0,0,True,gold,Buildings,journal,Chunhong Wu; Yile Chen; F. Zhang; Liang Zheng; Jingwei Liang; Shuai Yang; Yinqi Wang,Chung-Ang University; Hangzhou City University; Kyushu University; Macau University of Science and Technology,jp; kr; mo,3,1,Urban Green Space and Health; Place Attachment and Urban Studies; Korean Urban and Social Studies,Public open space; Decision tree; Space (punctuation); Urbanization; Public space; Built environment; Key (lock); Computer science; Mental health; Tree (set theory); Public transport; Elderly people; Applied psychology; Public health; Open data; Level design; Psychology; Transport engineering; Decision tree learning; Human factors and ergonomics; Poison control; Facility management; Decision support system; Knowledge management; Vegetation (pathology); Business; Landscape architecture; Architectural engineering; Geography; Urban design; Thermal comfort; Artificial intelligence; Physical space; Physical health; Suicide prevention; Engineering; Health care,,,machine learning,1,jp,v1,2026-08-13
https://openalex.org/W7171254436,https://doi.org/10.1007/978-3-032-33384-1_39,"User Engagement and Traffic Patterns on the Click-Taiwan Website: A Time-Series, Machine Learning, and Network-Based Behavioral Analysis",,2026,2026-07-25,conference-paper,en,0,6,False,closed,Communications in computer and information science,book series,Mei Hsu; Jing-Yu Gao; I‐Hsien Ting; Kazunori Minetaki; Mu‐En Wu; Darío Liberona; Jimmy Ming‐Tai Wu,Kindai University; Kindai University Hospital; National Kaohsiung University of Science and Technology; National Taipei University of Technology; National University of Kaohsiung,jp; tw,2,1,,Visitor pattern; Bottleneck; Computer science; Metric (unit); Cluster analysis; Behavioral pattern; Traffic analysis; Segmentation; Sentiment analysis; Volume (thermodynamics); User engagement; Behavioral analysis; Data science; Quantitative analysis (chemistry); Human–computer interaction; Performance metric; World Wide Web; Travel behavior; Data mining; Airfield traffic pattern; Descriptive statistics; Network analysis; Social network analysis; Information retrieval; Machine learning; Core (optical fiber); Qualitative analysis; Big data; Artificial intelligence; Mode (computer interface); Tourism,,,machine learning,1,jp,v1,2026-08-13
https://openalex.org/W7167471250,https://doi.org/10.1007/978-3-032-29596-5_6,Embodied Interaction with Large Language Models: A Spatio-Physical Approach for Engaging Non-technical Users,,2026,2026-01-01,conference-paper,en,0,31,False,closed,Lecture notes in computer science,book series,Hiroto Fukuda; Wataru Kawabe; Yusuke Sugano,The University of Tokyo,jp,1,0,Speech and dialogue systems; Language and cultural evolution; Social Robot Interaction and HRI,Computer science; Embodied cognition; Human–computer interaction; Artificial intelligence; Multimedia; World Wide Web; Natural language; User interface; Field (mathematics); Cognitive science; Language understanding; Perspective (graphical); Key (lock),,,large language model,1,jp,v1,2026-08-13
https://openalex.org/W2979929713,https://doi.org/10.1109/iciev.2019.8858534,Invited Talk 1: Gait-based Age Analysis,"In this keynote talk, we will describe a series of our work on gait-based age analysis. First, we will introduce a former version of our gait database for gait-based age estimation and its initial performance evaluation using a standard gait features such as gait energy image (GEI) and frequency-domain feature as well as a standard regression method, i.e., Gaussian process regression [1]. We will then introduce our recent, the world largest gait databases for age estimation [3] which were collected in conjunction with long-term exhibition of intuitive video-based gait analysis demonstration in a science museum [2]. We also introduce performance evaluation results of several benchmark methods of gait-based age estimation on it. Thereafter, we introduce two recent approaches to gait-based age estimation. One is a hierarchical approach, where a gait sample is projected into a low-dimensional embedding space, then classified into one of age groups by a directed acyclic graph support vector machine, and finally fed into an age group-dependent support vector regressor to estimate its age [4]. The other one is based on a state-of-the-art deep learning architecture, i.e., DenseNet [5]. In addition to the above-mentioned gait-based age estimation, we also construct an age progression/regression model based on mean GEI of each age group and free-form deformation between the mean GEIs of adjacent age groups [6], which has potential applications to gait recognition robust against time elapse and physical gait age estimation.",2019,2019-05-01,conference-paper,en,0,6,True,gold,,,Yasushi Makihara; Mayu Okumura; Haruyuki Iwama; Chi Xu; Li Xiang; Atsuya Sakata; Gakuto Ogi; Noriko Takemura; Daigo Muramatsu; Yasushi Yagi,Nanjing University of Science and Technology; Osaka Research Institute of Industrial Science and Technology; The University of Osaka,cn; jp,2,1,Gait Recognition and Analysis; Human Pose and Action Recognition; Video Surveillance and Tracking Methods,Gait; Computer science; Artificial intelligence; Gait analysis; Support vector machine; Regression analysis; Regression; Machine learning; Kriging; Physical medicine and rehabilitation; Statistics; Mathematics; Medicine,,,deep learning,1,jp,v1,2026-08-13
https://openalex.org/W4402999868,https://doi.org/10.3897/biss.8.138060,Development of an Automated Label Data Entry System from Herbarium Specimen Images at Hyogo Herbarium (HYO),"We would like to introduce our recently developed systems for taking images of herbarium specimens and for the automatic extraction of data from specimen labels at the Herbarium of the Museum of Nature and Human Activities, Hyogo, Japan (HYO). Firstly, we designed a low-cost, but high-quality specimen imaging system for non-professional photographers to obtain images rapidly (Takano et al. 2019). Our system uses a mass-produced, mirrorless single-lens reflex (SLR) camera (SONY ILCE6300) with a zoom lens (Samyang Optics SYIO35AF-E35 mm F/2.8). We made a photo stand by ourselves to reduce costs. In addition, we have adopted an LED (light-emitting diode) lighting system with high color rendering. This imaging system has been introduced, with some improvements or adjustments for available space, to various herbaria in Japan (e.g., University of Tokyo (TI), Kyoto University (KYO)), contributing to the digitization of herbarium specimens across Japan. Next, we developed a system to extract label information from specimen images. The specimen image was uploaded to Google OCR and data were extracted in the form of text. Uploading the whole specimen image decreased the reading accuracy of the software because the plant images behaved as OCR (Optical Character Reader) noise. Therefore, the label part was cut out from the whole specimen image by using D-Lib*1 and uploaded to tesseract OCR*2 for OCR extraction of the label information (Aoki 2019, Takano et al. 2020). When installing this system for HYO, we designed it as an application accessible externally via the internet, which proved very useful during the coronavirus pandemic: part-time workers checked and conducted label data input from home. Finally, we decided to develop a system that would automatically label the text data extracted by OCR and input them into the appropriate cells of the database. Even though the text data could be extracted from specimen images, it needed a human to input them into the database. Therefore, we adopted Named Entity Recognition (NER), a system that extracts named entities such as place names, identifying proper nouns from unstructured text data. It enables information recorded in herbarium specimens to be tagged as named entities. We tried text matching at first, but the result was not satisfactory, so we started to use machine learning instead. We compared three natural language libraries for Japanese: BERT (Bidirectional Encoder Representations from Transformers), Albert (A Lite version of BERT), and SpaCy. Despite BERT and SpaCy returning similarly high f-scores (indicating good performance), we decided to use SpaCy because it runs better on ordinary PCs or servers. With sufficient machine learning after the creation of a text corpus (a specialised dataset) specific to labels on herbarium specimens, we successfully developed the application. The project files are available on GitHub*3 (Takano et al. 2024). We then examined whether this system could be applied to non-plant specimen images, i.e., fishes or birds, and found that it could efficiently extract data. Therefore, we decided to publicize this system on the cloud server and share it with other natural history museums in Japan*4. Curators can obtain a unique ID and password and upload specimen images from their collection to extract label data. The digitization of natural history collections in Japan has been long behind other countries, and this system will help to accelerate it. The system mentioned above is specialized for the natural history collections of Japan, but we believe it is possible to build similar programs in other countries, and we hope our experience will contribute to the mobilization of the world’s natural history collections.",2024,2024-09-30,article,en,0,2,True,diamond,Biodiversity Information Science and Standards,journal,Atsuko Takano; Yasuhiko Horiuchi; Hajime Konagai; Chung-Kun Lee; Hiromune Mitsuhashi,Hyogo University; Kyoto College of Medical Science; Museum of Nature and Human Activities Hyogo; Takatsuki General Hospital; University of Hyogo,jp,1,0,Handwritten Text Recognition Techniques; Image Retrieval and Classification Techniques; Advanced Computational Techniques and Applications,Herbarium; Geography; Cartography; Biology; Botany,,,machine learning,1,jp,v1,2026-08-13
https://openalex.org/W7143412657,https://doi.org/10.1108/el-05-2026-436,Editorial: Application of artificial intelligence in information services – part 3,"Building on the first two parts of the collection, this third installment of our special issue series continues the critical examination of how artificial intelligence (AI) is being integrated into the fabric of library and information work. While Part 2 presented a broadening scope of applications and challenges, this collection offers a deeper examination into three specific yet highly significant areas: the cultural dimensions of automated knowledge organization, advanced techniques for extracting structured knowledge from historical texts and the human factors that govern the acceptance of AI-driven public services. Together, these three papers move beyond demonstrating technical feasibility to interrogate the nuanced realities of implementation, accuracy and equity in AI-augmented information ecosystems.The first paper, “Chinese ethnic minority book classification by large language models within CLC,” presents a timely investigation into the promises and pitfalls of applying large language models (LLMs) to a culturally sensitive task. By systematically comparing the performance of DeepSeek-v3 and ChatGPT-4o in classifying bibliographic records of Chinese ethnic minority books, the study does more than benchmark accuracy. It reveals a critical “capability threshold” where models struggle with the fine-grained, culturally embedded knowledge required for accurate subclassification. The high rate of ethnic misclassification and the generation of fabricated codes underscore a vital lesson: technical proficiency in general domains does not guarantee cultural competency. This research serves as an essential warning and a guidepost, arguing powerfully for the development of culturally-aware AI governance frameworks and for classification systems themselves to evolve toward greater inclusivity.Turning to the foundational work of digitizing cultural heritage, the second paper, “Entity Recognition of Ancient Chinese Book based on Semantic Association and Internal Structural Features among Words,” addresses a core challenge in digital humanities. The proposed GARNET framework, which integrates a domain-specific pre-trained model (GujiRoBERTa) with word-pair relation modeling, data augmentation and ensemble learning, achieves state-of-the-art results in named entity recognition on ancient Chinese texts. Its significance lies not only in its technical performance but in its methodological approach. By modeling the relationships between words, the framework better handles the ambiguous entity boundaries and syntactic complexities of historical language. This work provides a robust, scalable model for transforming unstructured classical texts into structured knowledge, enabling new pathways for historical research and cultural preservation.The third paper, “User acceptance of AI chatbot services in public libraries,” shifts the focus squarely to the end-user. Using the unified theory of acceptance and use of technology and information gap theory, this study identifies the key factors driving the intention to use AI chatbots in public libraries. It finds that while performance and effort expectancy are important, social influence and AI literacy are the strongest predictors. Furthermore, it reveals significant disparities in acceptance based on age and education level. These findings are crucial for moving from mere implementation to successful adoption. They provide concrete evidence that marketing and literacy programs, particularly those leveraging word-of-mouth and tailored to different demographic groups, are not ancillary but central to the equitable and effective integration of AI in public service contexts.Collectively, the contributions in this issue reflect a growing maturity in the discourse. We are seeing a necessary turn from asking “can it be done?” to rigorously assessing “how well it is done, for whom, and under what conditions?” Whether it is ensuring cultural fairness in automated cataloging, achieving technical precision in heritage digitization or fostering genuine user acceptance in service design, these papers emphasize that the sustainable application of AI in Library and Information Services hinges on this more critical, context-aware and human-centered approach.The authors used AI tools to polish the language after writing the draft.",2026,2026-03-30,editorial,en,0,0,False,closed,The Electronic Library,journal,Yi Bu; Chei Sian Lee; Di Wang; Atsuyuki Morishima,Nanyang Technological University; Peking University; Renmin University of China; University of Tsukuba,cn; jp; sg,3,1,Artificial Intelligence Applications; Computational and Text Analysis Methods; Big Data and Digital Economy,Computer science; Scope (computer science); Artificial intelligence; Data science; Corporate governance; Ethnic group; Information system; Domain (mathematical analysis); Knowledge management; Applications of artificial intelligence; Language model; Public domain; Data collection; Equity (law); Cultural diversity; Benchmark (surveying); Big data; Work (physics); Information technology; Constructed language; Cataloging; Semantics (computer science); Information science; Natural language processing; World Wide Web; Information access,,,artificial intelligence; large language model,2,jp,v1,2026-08-13
https://openalex.org/W7155566892,https://doi.org/10.18848/1833-1874/cgp/a800,Community-Responsive Approaches to Fostering AI Understanding,"As artificial intelligence (AI) becomes increasingly prevalent, ensuring equitable AI understanding across diverse communities presents a critical challenge. Current engagement approaches rely on standardized designs that tend to fail to account for varying community characteristics, potentially perpetuating digital divides. Through practice, this research explores and examines a community-responsive approach, integrating participatory design with citizen science values. This approach suggests the potential for mutual benefit where researchers obtain diverse data while communities develop AI understanding. We designed and tested workshops across five distinct communities—deaf students, museum visitors, elderly members, co-working space users, and university researchers—using a gamified gaze estimation system to examine how social contexts influence technological engagement outcomes. Our findings indicate that identical technologies generate different outcomes based on community characteristics, with success rates varying significantly (participation ranging from 44% to 100%). Community managers appeared to serve as valuable cultural intermediaries, with established partnerships showing higher engagement rates. The workshops suggested that mutual value exchange could potentially occur—participants showed improvements in AI understanding while researchers collected diverse facial image data and community-specific AI ideas. However, effective community-responsive design appears to require continuous adaptation based on community feedback and longer-term relationship building rather than transactional interactions, with implementation success appearing to vary based on community contexts and prior relationships. This research contributes practical guidance for community-responsive design and demonstrates how participatory principles can potentially create inclusive educational experiences, while highlighting the importance of sustained partnership development for bridging digital divides and serving dual goals of learning and social empowerment.",2026,2026-04-24,article,en,0,0,True,hybrid,Design Principles and Practices An International Journal—Annual Review,journal,Tomomi Sayuda; Yusuke Sugano; Fumitoshi Kato; Miles Pennington,Keio University; The University of Tokyo,jp,1,0,Educational Games and Gamification; Innovative Human-Technology Interaction; Social Robot Interaction and HRI,General partnership; Citizen journalism; Sociology; Participatory action research; Knowledge management; Community engagement; Value (mathematics); Bridging (networking); Adaptation (eye); Participatory design; Citizen science; Computer science; Public relations; Engineering ethics; Digital divide; Transactional leadership; Psychology; Data science; Space (punctuation); Social learning; Capacity building; Public engagement; Big data; Computer-supported cooperative work,,,artificial intelligence,1,jp,v1,2026-08-13
https://openalex.org/W7127359871,https://doi.org/10.1108/el-02-2026-395,Guest editorial: Application of artificial intelligence in information services: part 2,"Building upon the foundations laid in Part One (Issue 43.5), which explored the initial promises and entry points of artificial intelligence (AI), this collection presents a more complex and mature phase of the discourse. The ten papers featured here move beyond asking if or what AI can do, to critically examine how it is being integrated, for whom and with what consequences. They collectively paint a picture of a field in transition, grappling with the practical, pedagogical, ethical and epistemological realities of weaving AI into the very fabric of library and information work.This special issue reflects a significant broadening of scope. The studies encompass global educational reforms, evaluations of historical knowledge, user behavior modeling, public library case studies and novel applications in classification and robotics. A unifying thread, however, is the shift from viewing AI as a set of external tools to understanding it as a transformative force that reconfigures relationships: between teachers and students, between historical and contemporary knowledge, between users and systems and between libraries and their communities.The transformation begins at the source of professional identity: education. The paper “Reconfiguring global LIS education: AI integration, pedagogical roles, and epistemic challenges” provides a sobering cross-continental analysis. It reveals that the integration of AI into library and information science (LIS) curricula is uneven, often creating a disconnect between technical skill acquisition and critical, ethical reflection. The authors warn of a worrying trend towards “role alienation,” where educators risk becoming mere “technical facilitators” and students “system operators.” This powerful analysis issues a clarion call: LIS education must evolve to cultivate not just tool operators, but “information governors” capable of auditing, critiquing and shaping the algorithmic systems that will define our future information landscape.Complementing this macro-view of knowledge dissemination is a micro-analysis of knowledge itself. “Automated learning support literature classification using large language models via different strategies” reimagines the ancient library science task of classification through a cognitive lens. By developing a learning support literature classification (LSLC) scheme and testing various large language models (LLMs) for automation, the study does more than demonstrate technical feasibility (which it does successfully). It proposes a fundamental re-orientation: classification systems should be designed not just for inventory, but to actively scaffold human learning during search processes. This bridges core information science theory with cutting-edge AI, pointing toward more cognitively resonant knowledge organization.A critical function of our field is assessment, and AI is enabling novel frameworks for assessment. “Contemporary technological value of ancient Chinese medical books: An empirical patent citation analysis using large language models” showcases this brilliantly. By using LLMs to analyze patent citations, the authors develop a method to quantify the latent technological value embedded in historical texts. This moves the evaluation of cultural heritage beyond qualitative rarity or age, offering a data-driven model to demonstrate its ongoing relevance to modern innovation. It provides librarians and archivists with a powerful new rationale for preservation and a methodology to uncover hidden connections between past knowledge and present invention.Similarly, “Do AI-related papers in top management science journals contribute greater academic influence and online attention?” uses AI-driven text analysis to examine the impact of AI research within a specific discipline. The study finds that the correlation between AI topics and scholarly influence varies across sub-disciplines and time, which highlights that the value of AI research is not monolithic. It encourages a more sophisticated, field-specific understanding of how AI integrates into and influences scholarly communication.At the heart of information services is the human user, and several papers in this issue probe the complex dynamics of human-AI interaction. “Interactive Perceptions and Persuasion: How AI-Generated Content Influences Users” uses grounded theory to unpack the cognitive processes at play. The identification of both heuristic (e.g. technical features) and systematic (e.g. content quality) cues that shape persuasion is crucial for designing trustworthy AI interfaces. It reminds us that user acceptance is a psychological process, not just a technical outcome.The question of trust is directly tackled in “AI or human? A study of university students’ awareness of library reference services agents.” It is a simplified Turing test within a library context that yields a striking finding: students struggle to distinguish AI from human agents and often attribute superior knowledge to AI for complex tasks. This challenges assumptions about the irreplaceability of human expertise in reference and underscores an urgent need for both advancing AI literacy among users and strategically defining the unique value of human librarians in an AI-augmented ecosystem.Further exploring human factors, “Enhancing Information Credibility Assessment through AI: A Personality-Aware Fake News Detection Model Using BERT” innovatively integrates psychological profiling into misinformation detection. By inferring Big Five personality traits from user comments, the model demonstrates improved accuracy. This pioneering work opens a new frontier at the intersection of AI, behavioral science and information integrity, while also raising important ethical questions about user profiling that the field must address.The translation of AI potential into on-the-ground reality is, perhaps, most vividly captured in studies of public libraries. “AI in public libraries: A systematic review of global literature and an analysis of local practices in China” juxtaposes global trends with local realities. The multi-case study reveals a gap between the promising applications found in literature (e.g. personalized recommendations, smart management) and the constraints of funding, infrastructure and staff capacity in practice, especially within China’s centralized branch system. This paper is a vital corrective to techno-optimism, emphasizing that successful integration is a sociotechnical challenge requiring context-specific strategies, staff development and equitable policies.Demonstrating a profoundly user-centered implementation, “From Automation to Cognition: A Contextual Design Approach for Enhancing Elderly Patron Services with Proactive and Memory-Aware Library Robots” presents the field study of “OREO.” This robot, designed with proactive engagement and memory-aware dialogue, shows how AI can be embodied to provide compassionate, consistent service for elderly patrons. The study moves beyond automation to cognition and social agency, suggesting a future where robots act as persistent, personalized companions in the library space, augmenting rather than replacing human staff.Finally, “From preference to purpose: A reconfigurable recommendation framework for user-centered information access” addresses a core service with a novel adaptive design. By creating a recommendation system that dynamically reconfigures its logic based on inferred user intent and behavior level, the framework shifts the paradigm from static, preference-based filtering to dynamic, purpose-driven guidance. This represents a significant step toward intelligent systems that adapt to the evolving nature of human information needs.Collectively, the contributions in this issue mark a maturation in the conversation about AI in LIS. We are moving from isolated experiments to systemic considerations; from technical fascination to critical integration; from a focus on the agent to a focus on the interaction and the context.As guest editors, we are inspired by the depth and breadth of inquiry represented in this collection. These papers do not simply report on AI applications; they engage in the essential work of steering the development and adoption of these powerful technologies toward ends that are effective, equitable and profoundly human-centered. We invite readers to explore these contributions as both a report on the state-of-the-art and a compass pointing toward the responsible and transformative future of our field.",2026,2026-02-03,editorial,en,0,0,True,bronze,The Electronic Library,journal,Yi Bu; Chei Sian Lee; Di Wang; Atsuyuki Morishima,Nanyang Technological University; Peking University; Renmin University of China; Tsukuba University of Technology; University of Tsukuba,cn; jp; sg,3,1,AI in Service Interactions; Artificial Intelligence Applications; Artificial Intelligence in Healthcare and Education,Transformative learning; CLARION; Computer science; Curriculum; Field (mathematics); Set (abstract data type); Artificial intelligence; Applications of artificial intelligence; Engineering ethics; Information science; Weaving; Human intelligence; Sociology; Data science; Documentation; Storytelling; Higher education; Big data; Library classification; Benchmark (surveying); Information system; Intelligence analysis; Paradigm shift; Epistemology; Transformation (genetics),,,artificial intelligence; large language model,2,jp,v1,2026-08-13
https://openalex.org/W7162810928,https://doi.org/10.3389/fpsyt.2026.1844363,Editorial: Enhancing the social skills and social competence for children and adolescents with autism spectrum disorder,"Autism Spectrum Disorder (ASD) is characterized by early-onset differences in social communication and interaction that frequently continue across the lifespan [1], [11]. These challenges may influence social reciprocity, pragmatic language, adaptive functioning, and overall well-being [1]. When not addressed through appropriate intervention, social difficulties can intensify over time, potentially limiting community participation and interpersonal development [11].Recent epidemiological reports indicate that ASD prevalence continues to rise. According to 2023 data from the Centers for Disease Control and Prevention (CDC), approximately 1 in 36 eight-year-old children in the United States has been identified with autism, reflecting a substantial increase compared to earlier estimates [2], [10]. Comparable data from China suggest a prevalence rate of roughly 0.7% among children aged 6 to 12 years [2], [10].This Research Topic seeks to advance understanding of how social development unfolds in individuals with ASD and to examine intervention models tailored to individual profiles [11].The included studies investigate cognitive, neural, and behavioral dimensions of autism, while also addressing contextual factors such as family engagement, sensory processing differences, and co-occurring emotional conditions including anxiety and depression [1], [11]. By connecting empirical findings with applied practice, the collection contributes to a broader conceptual framework for strengthening social competence in autistic youth.A prominent focus of this Research Topic involves structured programs designed to foster social functioning. These approaches range from structured psychosocial programs to emerging biomedical techniques, reflecting the growing diversity of intervention strategies in the field.Mairena et al. [1] conducted a randomized, waitlist-controlled pilot trial evaluating an adapted Social Adjustment Enhancement Intervention Program (SAEIP). Implemented within a university-affiliated public mental health hospital, the project aimed to demonstrate the feasibility of delivering structured, evidence-informed services within publicly funded systems.Seventy-nine autistic participants between 8 and 17 years old completed the 10-session group intervention. Social behavior changes were measured using structured observational methods, while parent-report questionnaires assessed internalizing symptoms [1].The results indicated meaningful gains in eye contact and functional communication among younger participants and those with higher verbal intelligence. In addition, reductions in internalizing symptoms were observed within the intervention group. Although statistical significance was not achieved across the entire sample, the direction of change consistently favored the intervention. These findings underscore the importance of tailoring interventions to individual developmental and cognitive profiles while also demonstrating the feasibility of implementing such programs in public service settings. [1].Barron et al. [5] examined the broader impact of therapeutic horsemanship (TH), an animal-assisted intervention, with particular attention to caregiver outcomes. While benefits for autistic children have been documented, research exploring secondary effects on caregivers remains limited.In this 16-week pilot study, 13 caregiver-child dyads participated in structured TH sessions [5]. A mixed-methods design combined quantitative assessment with qualitative interviews. Results demonstrated a statistically significant reduction in caregiver stress (p = 0.03) as measured by the DASS-21 scale. Interview data further revealed recurring themes related to service navigation challenges, financial strain, and limited support resources. Importantly, caregivers described reduced emotional burden as their children engaged in TH, suggesting that intervention benefits may extend to the entire family system and highlighting the importance of incorporating caregiver outcomes in intervention research [5].Cheng et al. [4] presented a case study exploring low-intensity transcranial focused ultrasound stimulation (tFUS) as a novel therapeutic avenue. Currently, no pharmacological treatment directly targets the core social and behavioral characteristics of ASD.In this report, tFUS was administered to the left dorsolateral prefrontal cortex of a child with ASD for 30 minutes daily across four weeks (20 sessions total) [4]. Clinical rating scales and functional near-infrared spectroscopy (fNIRS) were used to monitor outcomes. Improvements were observed in social interaction and repetitive behaviors, alongside increased functional connectivity involving the primary somatosensory cortex. While these results are preliminary and based on a single case, they suggest that modulation of cortical activity may offer a promising complementary strategy for addressing core ASD features [4].Understanding ASD requires attention to both biological substrates and contextual influences, which together shape behavioral expression.Sun et al. [10] applied a machine learning-based multi-stage feature refinement approach to identify structural brain characteristics distinguishing individuals with ASD from typically developing peers. The study included 175 autistic participants and 69 controls aged 7-18 years.Nine structural features were identified as particularly discriminative, many associated with neural circuits involved in reward processing, including hippocampal subregions [10].Alterations within these systems may contribute to differences in social motivation and engagement, offering insight into the neurobiological underpinnings of ASD.In addition to structural brain differences, environmental factors such as sleep patterns also play a critical role in shaping social and behavioral outcomes.Chen et al. [7] investigated the association between social jet lag (SJL)-a misalignment between biological rhythms and social schedules-and core autism symptoms in young children.Nearly half of the sampled children (49.8%) experienced sleep difficulties, with marked differences between weekday and weekend sleep patterns [7]. Among children aged 2-3 years, greater SJL was positively correlated with more pronounced core symptoms. These findings underscore the potential impact of circadian regulation on behavioral expression and highlight the importance of consistent sleep routines.Social functioning is closely linked to language use, especially narrative and pragmatic skills.Landau et al. [3] explored storytelling ability in autistic individuals and their first-degree relatives to examine possible associations with the Broad Autism Phenotype. Participants completed both visually supported storytelling (""First Telling"") and unsupported retell tasks.Across groups, retell narratives were generally less elaborated. Notably, patterns of narrative performance overlapped between autistic participants and their relatives, suggesting subtle familial influences. The removal of visual cues appeared to amplify pragmatic challenges, mirroring conversational demands in everyday contexts [3].Building on these findings, recent work has also explored how such communicative abilities can be reliably assessed using remote technologies.Communication (e-ABaCo). Thirty autistic adolescents (15 assessed remotely, 15 in person) were compared to typically developing controls.Results demonstrated strong equivalence between remote and face-to-face administration.Both autistic groups showed distinct pragmatic profiles relative to controls. The study supports telehealth as a valid and accessible modality for pragmatic assessment [8].Research on autism is increasingly expanding beyond clinical and behavioral domains to include environmental design and large-scale knowledge synthesis. Together, these approaches contribute to a broader understanding of how social participation can be supported across different contexts.Qian et al. [2] employed structured user-centered design models to create museum environments responsive to the needs of autistic children. Using the Kano model, Quality Function Deployment, and the PUGH matrix, the researchers identified design priorities.An interactive science and technology museum model incorporating AR/VR elements and spatial guidance yielded the highest satisfaction ratings, with approximately a 23% improvement in user satisfaction [2]. The study illustrates how systematic design processes can enhance engagement and accessibility.Complementing these applied design approaches, Qiao et al. [9] provided a broader perspective through bibliometric analysis of autistic traits research spanning 1997-2024. The review of 1,044 publications revealed steady growth in scholarly output, with significant contributions from England, the United States, and Australia.The field has expanded beyond genetic and behavioral paradigms to incorporate environmental, hormonal, and psychiatric dimensions, reflecting increased recognition of autism's heterogeneity [9]. This shift reflects a growing recognition of autism as a complex and heterogeneous condition, reinforcing the need for interdisciplinary research and practice.Fan and Ko [6] provided qualitative insight into the lived experiences of Chinese caregivers of children with ASD. Four recurring themes emerged: the enduring hope for typical development, tension between expectations and reality, progression through emotional adjustment phases, and resilience in daily caregiving.These findings highlight the cultural shaping of parental experiences and emphasize the need for context-sensitive support services. They also underscore the importance of integrating caregiver perspectives into intervention planning, policy development, and service delivery.The collective findings point toward several important directions for future research. These priorities reflect the need for more integrative, longitudinal, and context-sensitive approaches to understanding and supporting social development in autism:• Longitudinal evaluation of psychosocial and biomedical interventions [1], [4] • Greater emphasis on individualized, profile-based intervention planning [1], [11] • Further investigation of reward system alterations and social motivation [10] • Expanded family-centered outcome research [5], [6] • Cross-cultural comparative studies [6], [11] These priorities highlight the importance of advancing interdisciplinary research that bridges clinical practice, neurobiological mechanisms, and real-world contexts of care.This Research Topic illustrates the inherently multidisciplinary nature of autism research. The studies span clinical trials, neurobiological investigations, remote assessment innovations, environmental design strategies, and caregiver narratives. Together, they reinforce the understanding that enhancing social competence in ASD requires coordinated attention to biological mechanisms, environmental structures, and family well-being. By refining evidencebased practices and promoting inclusive systems, this body of work contributes meaningfully to advancing participation and quality of life for individuals on the autism spectrum.The following",2026,2026-05-29,editorial,en,0,0,True,gold,Frontiers in Psychiatry,journal,Magdalena Budisteanu,Alexion Pharma (Switzerland); National Institute of Pathology; Titu Maiorescu University; Victor (Japan),ch; in; jp; ro,4,1,Autism Spectrum Disorder Research; Family and Disability Support Research; Child Nutrition and Feeding Issues,Psychology; Social competence; Autism spectrum disorder; Social skills; Psychosocial; Social anxiety; Autism; Developmental psychology; Clinical psychology; Anxiety; Competence (human resources); Intervention (counseling); Interpersonal communication; Social relation; Interpersonal relationship; Conceptual framework; Empirical research; Social environment; Social cognitive theory; Social support; Social cognition; Psychological intervention; Social engagement; Pervasive developmental disorder; Applied psychology; Social change,,,machine learning,1,jp,v1,2026-08-13
https://openalex.org/W4416783004,https://doi.org/10.1108/el-11-2025-394,Editorial: Application of artificial intelligence in information services: part 1,"The integration of artificial intelligence (AI) into library and information services is no longer a futuristic concept; it is a present-day reality driving a profound paradigm shift. This special issue of The Electronic Library, “Artificial Intelligence in Library and Information Services” (Issue 43.5), presents a collection of groundbreaking research that captures the multifaceted nature of this transformation, from technical breakthroughs to critical human and ethical considerations.A primary theme is the automation and enhancement of core library operations. The study by Usta (2025) on “Transformer and statistical models for LCSH assignment” provides a groundbreaking comparative analysis. By leveraging a massive data set of over one million thesis titles and innovatively using synthetic data to mitigate class imbalance, the research demonstrates that transformer-based models like DeBERTa and ensemble approaches can achieve unprecedented accuracy in assigning Library of Congress Subject Headings. This work is a significant leap forward, offering a scalable, efficient solution to the labor-intensive process of subject indexing and setting a new benchmark for library automation projects.Beyond internal workflows, AI is revolutionizing user-facing services. The research by Chang and Chen (2025) on AI-enhanced reference services in the Hakka Literary Museum presents a visionary, multi-tiered framework. It illustrates how technologies like Retrieval-Augmented Generation (RAG) and GraphRAG can be deployed to provide everything from simple directive answers to complex thematic explorations, creating a deeply engaging and personalized user experience. This case study is a powerful blueprint for special libraries and cultural institutions seeking to make their unique collections more accessible and intellectually navigable through AI.However, the integration of AI is not merely a technical challenge; it is also a profound human and psychological one. The paper “Beyond the prompt: Exploring technostress, flow, and personality in generative AI behaviors” by Chong, Looi and Shahudin (2025) focuses on the user’s experience. Applying the Stimulus–Organism–Response model, it reveals the dual-edged nature of AI interactions: while they can create immersive “flow” states that encourage continuance, they can also induce “technostress” that prompts users to disengage. Crucially, the study finds that an individual’s “autotelic personality” can mitigate this stress, offering valuable insights for designing AI systems that are not only powerful but also psychologically sustainable and user-centric.Furthermore, the pervasiveness of AI demands a critical lens to address new societal threats. The research by Yu and Shang (2025) on online disinformation identification confronts this challenge head-on. By constructing a robust, multidisciplinary framework of evaluation indicators, the authors demonstrate how popular large language models could be effectively guided to identify disinformation with significantly improved accuracy. This work positions libraries and information professionals as essential frontline defenders in the fight against digital misinformation, equipping them with evidence-based tools for a critical modern task.As AI systems become more embedded in scholarly infrastructure, their ethical dimensions come to the fore. The grounded theory study by Adewojo (2025) on “Perspectives of Academic Librarians on Ethical Challenges of AI-Based Bibliometric Tools” provides a crucial perspective from the Global South. The research uncovers how librarians navigate tensions between the perceived accuracy of AI tools and their professional accountability. The resulting theory of “contextual accountability” highlights librarians’ active role as ethical stewards, demanding transparency, advocating for consent and data ownership and building trust in the use of AI for research evaluation.This evolving landscape necessitates a parallel evolution in professional education and a sober assessment of its impact on the workforce. The scoping review and syllabi analysis in “Moving towards critical AI literacy in LIS education” by Ferran Ferrer, Bridges, Lopezosa and Centelles Velilla (2025) sounds a crucial call to action. The research identifies a significant gap between the rapid advancement of AI and its integration into Library and Information Science curricula, noting a worrying disparity in global perspectives and a focus on technical skills over critical evaluation. The authors compellingly argue for the adoption of “critical AI literacy,” ensuring future information professionals are not just users of AI but also critical evaluators, ethical guides and managers of AI-mediated systems.Finally, the human cost of this transition is brought into sharp relief by the study “The double-edged sword of AI: Librarians’ perceptions of job displacement and polarization” by Oladokun, Enakrire, Okai and Owolabi (2025). This empirical investigation from Nigeria reveals that librarians perceive AI as a significant threat to job security, particularly for lower-skilled staff, and that its adoption is creating job polarization. The study underscores the inadequacy of current institutional policies in mitigating these fears and calls for strategic interventions, such as reskilling programs and inclusive workforce transition plans, to ensure sustainability.Collectively, the contributions in this special issue represent a field at a critical juncture. AI offers unmatched opportunities for improved efficiency, scalability and user engagement. Yet, these studies powerfully illustrate that this future implies not the replacement of human expertise, but its redefinition. Librarians and information scientists are poised to become architects of AI systems, curators of AI-generated content, educators in new information literacies and moral stewards of an increasingly complex information landscape. The journey forward requires a balanced focus on both the technical potential and the human realities of AI.We invite readers to engage with these studies not as final answers, but as catalysts for conversation, innovation and critical reflection. The intelligent future of libraries is being written now, and it is through this kind of rigorous, thoughtful research that we can ensure it is a future that remains steadfastly committed to the values of equity, access and truth that have always been the foundation of our profession.",2025,2025-11-28,editorial,en,0,0,True,bronze,The Electronic Library,journal,Yi Bu; Chei Sian Lee; Di Wang; Atsuyuki Morishima,Nanyang Technological University; Peking University; Peking University Shenzhen Hospital; Renmin University of China; University of Tsukuba,cn; jp; sg,3,1,AI in Service Interactions; Artificial Intelligence Applications; Artificial Intelligence in Healthcare and Education,Computer science; Blueprint; Data science; Subject (documents); Process (computing); Search engine indexing; Automation; Theme (computing); Viewpoints; Directive; Digital library; Class (philosophy); Benchmark (surveying); Library classification; World Wide Web; Artificial intelligence; Benchmarking; Set (abstract data type); Information system; Human intelligence; Applications of artificial intelligence; Big data; Documentation; Subject access; Information technology; Data integration; Interoperability; Automatic indexing; Information retrieval; Thematic map; Terminology; Information science; Information access; Inference,,,artificial intelligence; large language model,2,jp,v1,2026-08-13
https://openalex.org/W4401166993,https://doi.org/10.1162/leon_a_02565,Top-Rated LGA Abstracts 2023,"Leonardo Graduate Abstracts (LGA) is a database of PhD dissertation and MFA and MA thesis abstracts on topics at the intersections of art, science, and technology. This English-language database was established at Pomona College (Claremont, CA) by Sheila Pinkel. Each year, a peer review panel selects abstracts submitted to LGA for inclusion in the database. Abstracts considered to be of special relevance are published in the Leonardo journal and on the Leonardo website. Authors of abstracts most highly ranked by the peer review panel are invited to submit an article for publication consideration in Leonardo.The LGA Peer Reviewers for 2024 are Antonio Irre Cata lano, Mat Dalgleish, Johannes DeYoung, Eugenia Fratzeskou, Tracy Harwood, Antoinette LaFarge, Tom Leeser, Felipe Cesar Londoño, Marian Mazzone, Eryk Salvaggio, Martin Skrodzki, elin o’Hara slavick, and Carloalberto Treccani. The deadline for receipt of abstracts for review by the LGA peer review panel is 30 June each year. Abstract rankings are announced in the autumn. The aim of LGA is not to duplicate existing dissertation-thesis databases but rather to support and give visibility to interdisciplinary work, which is often challenging or complicated to retrieve from existing databases. To submit a dissertation or thesis abstract or browse those currently published in the English-language database, visit https://leonardo.info/graduate-abstracts.This PhD thesis investigates artistic practices of integration of technologically augmented everyday objects into critical, socially engaged, and tactical media artworks. It focuses on the dynamic relationships formed between material quotidian objects and other more-than-human agents throughout the “lifetime” of the artworks.Material objects are examined from an interdisciplinary perspective, as artistic, social, and technological entities. Therefore, the research intersects the fields of (a) art history and theory; (b) selected social, anthropological, and philosophical theories that explore the concepts of “object” and “thing”; and (c) media studies and computer science, with a focus on embedded, networked, and interactive media. Emphasis is placed on communities and open practices related to the appropriation, hacking, and repurposing of found objects and technologies.These research topics are examined through selected case studies, which include original media artworks by the author as well as existing artworks by other media artists. In the selected critical, socially engaged, and tactical media artworks, the author defines the networks of relationships articulated between the material objects and other entities, as well as the networks’ transformations caused by the objects’ actions and interactions with multiple, heterogeneous, human and nonhuman agents.This thesis presents the results of theoretical-practical research that focuses on the vindication of the memory contained in ancestral Andean technological interfaces made invisible by colonization and their relationship with art and science. From a decolonial perspective, I have reused two of these devices in new artistic processes related to experimental sound, New Interfaces for Musical Expression (NIMEs), and multimedia performance. For this purpose, I have analyzed the relationship between art, science, and technology from the decolonial aesthetics perspective and reviewed current references and proposals that use precolonial technologies applied to their artistic works in the field of sound.In the practical section, two tangible sound interfaces for live performance have emerged: The Electronic_ Khipu_, an instrument for interaction and experimental sound generation used by weaving knots with conductive rubber cords encoding sound compositions based on an Andean Khipu, an ancient textile computer used for the processing and transmission of information encrypted in knots and cords of cotton and wool; and the Kanchay_Yupana//, an open-source step sequencer for the generation of rhythms inspired by the Andean Yupana, a tangible board similar to an abacus with a system of carved geometric boxes used to perform arithmetic calculations. In an exercise of decolonial speculation, I aim to imagine how computer music and live coding could be created by the first textile computers and ancient technologies of the Andes.This research proposes practice-based models for examining the perceptions of 3D printing as entrepreneurial, accessible, and environmentally sustainable. It argues that these perceptions limit the potential of 3D printing and maker culture because of their overemphasis on human agency. It contends that such perceptions have arisen because of misunderstandings about the agency of the materials and technologies engaged in 3D printing networks, the failure of maker culture to make 3D printing accessible beyond the typical readership of maker magazines, and the failure to account for the environmental dangers of the plastic filament that construct 3D printed objects. By reflecting on material experiments with 3D printing that are informed by critical making, co-design, and speculative critical design within an Actor-Network Theory (ANT) framework, this research addresses the long-term implications of entrepreneurial, accessible, and environmentally sustainable practices of maker culture. Through ANT, this research argues for the importance of the more-than-human actants in maker practice networks of 3D printing and provides documentation of practice-based research projects as models. Ultimately, this research interrupts the individualism at the core of much debate in maker movement groups by reframing maker practices as material-semiotic constellations of human and more-than-human actants constantly in flux.This study explores the use and implications of sinographs (Chinese characters or Japanese kanji) in digital language art, a field that encompasses any digital works with significant literary aspects. This can include kinetic poetry, media installations, art games, etc. By examining works from artists such as Jim Andrews, Hung Keung, Tatsuya Miyamoto, and Lien-cheng Wang, it identifies how the specificities of sinographs contribute to their meaning-making processes. It also investigates how the unique affordances—potential uses or actions allowed by an object—of sinographs differ from other writing systems in the context of artistic creation. As most digital literature theories focus on letter-based scripts, this research addresses the gap in understanding the logographic nature of sinographs, which retain semantic values at subcharacter levels. A list of affordances unique to sinographs in digital language art will be produced to demonstrate how sinographs can be utilized to create meanings and unique aesthetics in different cultural contexts. This paper aims to understand the digital specificities of sinographs, their influence on artists and readers, and their unique affordances in creating digital art. The findings will contribute to the growing body of work on sinographs in digital language art and facilitate further understanding and application.This dissertation charts another path for Media Arts and Sciences (MAS) by generating institutional and creative research practices that work against logics of integration and extraction. Drawing on activist, psychoanalyst, and philosopher Félix Guattari, I use institutional analysis to model how MAS came to inherit legacies of 1970s cyberlibertarianism and digital utopianism, which disavow politics in favor of technocratic steering. A key consequence of this disavowal, I argue, is an embrace of an integrative and market-driven mode of interdisciplinarity.Responding to technocratic MAS, I argue for reconsideration of politics in MAS through an approach to research, creation, and practice informed by Guattari’s concept of diagrammatics. Diagrammatics centers subjectivity in crises of mental, social, and environmental ecology. Through creative social practice with computational media art, I work toward a notion of diagrammatic media grounded in experience.Media diagrammatics intertwines the extensive engineering of concrete machines (artmaking, systems building, event making) and the speculative engineering of abstract machines (dreaming, conceptualizing, modeling, critiquing). Diagrammatic media objects (e.g., radiophonic aberrances in the electromagnetic field, a book, an autumn leaf) are lures for thinking-feeling. Diagrammatic media proposes we stop thinking in terms of computational media systems altogether and begin thinking about diagrammatic assemblages of concrete and abstract machines.A prototype of a tangible media-rich writing system called diagrammatic points to the relationship between lateral thinking, moving, and feeling in learning and writing. I speculate on a slow network for the system that actualizes new modes of collaborative writing. Portacular Resonances, a radiophonic media installation, drives a Sci-Phi endeavor about contemporary anxiety differently: as a clue for cosmic becoming that spirals upward from emotional capitalism’s reactive affect and into a potential collectivizing force. Finally, through the Guattarian concept of the machine and a bespoke interview protocol, I ask about the conditions for transformation in gathering events such as SloMoCo, a slow conference for artist researchers.This dissertation considers interactivity in digital art practices. Emerging technologies advance so quickly that artworks using such technologies are not fully understood. Digital artworks are susceptible to unprecedented threats, including technological obsolescence, file incompatibility, and software updates that could considerably alter the artwork in a matter of months. However, immaterial characteristics such as interactivity are often overlooked in the panic of preserving physical technologies. Software and hardware might not indicate how interactive a work should be, if it involves one or many participants at once, or how exhibition space should facilitate interaction. Networks of Experience establishes a framework to quantify and prioritize the many ways in which participants interact with artworks that make use of digital technologies. It proposes a three-part typology—individual interactive experience, collective interactive experience, and distributed interactive experience—illustrated with case studies including the VR artwork The Chalkroom (2017) by Laurie Anderson and Hsin-Chien Huang, the immersive exhibition Continuity (2021–2022) by the Japanese “ultratechnologist” collective teamLab, and the social media performance Excellences & Perfections (2013) by Amalia Ulman. The project offers clarity on the nature of interactivity, with an eye to long-term preservation when digital artworks are on display, on loan, or acquired in museum collections.This dissertation is centered around a series of three artworks (Hertzian Fields) exploring Wi-Fi as a spatial and embodied sensing medium. These works use a new sensing technique developed by the author that leverages the interference of the human body with Wi-Fi signals to create highly responsive live performance and interactive systems.Hertzian Field #1 (2014) is an augmented reality immersive environment using sound to explore the materiality of WiFi communication through its interaction with space and the human body.Hertzian Field #2 (2016) is a 20–25-ft augmented reality immersive performance for solo performer, Wi-Fi fields, computer, and surround sound that conjures a phenomenology of the hertzian medium explored through sound and movement.The Water Within (Hertzian Field #3 and #3.1) is a reactive wet sauna: an intimate multisensory environment of complete immersion, combining Wi-Fi sensing fields, machine listening software, embedded 3D sound, hot steam, and architectural design. Steered by the flows and variable densities of water molecules traced in steam and bodies by (ab)using Wi-Fi, it creates a regenerative post-relational experience that celebrates interference, signal loss, and disconnecting. The piece exists in two iterations and formats: an interactive installation (2016) and a composed interactive experience (2018).The dissertation describes the author’s conceptual and technical approach in using Wi-Fi microwave signals as an artistic medium. It also examines the background, context, ideas and research processes that led to the creation of these works. In doing so, it lays the foundation for developing a better and deeper understanding of microwaves and Wi-Fi signals, investigates their artistic potential, and discusses related approaches by other artists.This thesis introduces a theoretical framework by examining authors and concepts related to the use of biology and biotechnology as artistic mediums. Pioneering artworks of the 20th century are summarised, and an in-depth categorization during the second decade of the 21st century is undertaken. These artworks are organized conceptually within a biology-art context and related thematics, created through transdisciplinary collaborations.Subsequently, the research delves into cultural movements like DIY biology, Open Science Hardware, and citizen science. Collaborative projects arising from these approaches enrich both artistic creation and scientific investigation. These movements democratize research, extending its influence across multiple contexts worldwide.The “BioCrea: Open Space for Creative Biology” project is a vital component of this research. This initiative, executed in stages between 2018 and 2020, establishes a public laboratory within the cultural center Medialab Prado in Madrid, fostering a community dedicated to transdisciplinary exploration in biology and biotechnology through Art-Based Research methodologies.Lastly, the thesis presents outcomes derived from the research. These results emphasize the development of tools and technologies for pedagogical, research, and creative applications. Notably, the COVID-19 pandemic’s unique circumstances in 2020 and 2021 influence the trajectory of the research with new experimentation and collaborations with various institutions to yield context-specific outcomes.“Scripting” in architecture is usually associated with computer-based design programming. However, this narrow usage belies a rich vein of concepts intrinsic to architecture and authorship. This thesis frames scripting as a critical mode of computation, performance, and design process. It does this through seven projects that explore relationships between technology, society, and the philosophical absurd. Works include films, performances, programs, and installations produced independently and collaboratively with experts from scientific and artistic fields. This thesis asks: How might an expanded definition of “scripting” act as a critical methodology for performative architectural design? How can this methodology mediate between, and comment on, technology and society? And what is the relationship between scripting, authorship, and agency? Computational scripting has been explored in depth by a number of practitioners and theorists; performative scripting has been examined within the context of theater and artistic practice; this study adopts an expansive definition of scripting that embraces each of these approaches while simultaneously proposing scripting as a critical design methodology. Furthermore, the thesis introduces the philosophical “absurd” as a framework for critiquing emergent technologies and their impact on society. In chapter 1, two projects (Ant Ballet, Godot Machine) are discussed as modes of diagramming absurd theatrical scripts. The “framing” of these projects provides direction for further work within the thesis. Chapter 2 introduces two dance pieces (Nybble, Scriptych) which represent scripted performances and a novel computer-scripted feedback mechanism. Both are diagrammatic modes of presenting contemporary computing mechanisms. Chapter 3 then discusses two experimental computationally-scripted absurd films exploring the practices and impact of contemporary technology companies (86400, 24fps Psycho). Chapter 4 introduces a film (Network/Intersect) created through a novel design process imposing strict rules on the creation of work. It concludes by naming this practice “reflexive scripted design,” proposing it as the thesis’ main original contribution to knowledge.The rapid intensification and development of both scientific and technological progress are shaping our world at an unprecedented speed. Our time asks us to re-relate to each other and the others we share our space with. “The human” can no longer be seen as the center but as part of a comprehensive and complex system. This thesis is a practice-based exploration of the encounters between humans and nonhumans via sensing technologies in my art practice. Through the lens of agential realism and the methodology of diffraction, I look back on four of my works: (1) RHIZA, an interspecies connector between fungi and humans; (2) ZIEN, a collaborative public art project between ministry officials, citizens, and a robot arm; (3) FadingColours, real-time data sculptures that connect ocean data on coral bleaching and the living conditions of algae; (4) ZOE, a temporary coexistence between reishi mushrooms and a custom-made robotic system. I am questioning whether the philosophy of critical posthumanism and new materialism come to practice in my process of creating media art installations. The research concludes that the practice of responsibility and care creates the possibility for interspecies encounters within the process and outcome of media art.This research considers oversight and [counter]intelligibility in order to rethink questions of surveillance and militarism, through media theory and critical art practices. At the center of this work are two media art projects, Operational Character Rendition and Unburning (a collaboration with Margaret Laurena Kemp). Through the creation of these projects, I how and institutional contexts into media related to surveillance and its This work both of as and but also the failure to The of and not a of surveillance and media art. This work from media art to its in and and if or I and this media and as of through technologies of but also as of and These are explored through case studies that technologies and cultural practices of through interfaces and of and also by artists work and these research is established at an of computational and processes in a The of my artistic practice is through a theoretical and analysis of the of a and its aesthetics and within in the of their their and the of the the analysis is developed through of the affordances of the tools and their through critical data and From art to the points between the and of are of development and integration of machine learning systems on a social, and can be through the artistic of these of and and in the projects and theoretical concepts will be to and the importance of human agency in the of The between the and context to responsibility and so as to better understand not the technologies but also the with the that of practices can new concepts of philosopher performative approach and media media my dissertation examines the to as media. This critical and creative work media and studies with speculative field and artworks to create a that as media. This for the ways that a and has how are and how are The dissertation proposes that practices are a toward new use the concept of what is the of the theory of The between the of of ancient and and the that should be to work as It is for that the the By the most of my work the of how has come to the as a of",2024,2024-07-31,article,en,0,0,False,closed,Leonardo,journal,Yiannis Colakides; Mary Anne Staniszewski; Caterina Antonopoulou; Laddy Patricia Cadavid Hinojosa; Matthew W. Harkness; Yue-Jin Ho; Garrett Laroy Johnson; Emily Lawhead; Stelios Manousakis; Hamilton Mestizo; Noor Stenfert Kroese; Oliver Palmer; Abram Stern; Kristina Tica; Elia Vargas,"City University of Hong Kong; Garrett Technologies (United States); Harley-Davidson (United States); Hospital Santa Caterina; Interface (United States); Mansfield University; Nippon Steel (Japan); Nvidia (United Kingdom); Orbits Lightwave (United States); Universidad Complutense de Madrid; University College London; University of Arts and Industrial Design Linz; University of California, Santa Cruz; Yangon University of Economics; Zentrum für Kinderheilkunde",at; de; es; gb; hk; jp; mm; us,8,1,"Art, Technology, and Culture; Nanotechnology research and applications; Artistic and Creative Research",Computer science,,,machine learning,1,jp,v1,2026-08-13
