openalex_id,doi,title,abstract,publication_year,publication_date,type,language,cited_by_count,referenced_works_count,is_oa,oa_status,source,source_type,authors,institutions,countries,n_countries,es_colaboracion_intl,topics,concepts,grants,funders,terminos_ia_hallados,n_terminos_ia,pais_consulta,version_query,fecha_descarga
https://openalex.org/W3121927947,https://doi.org/10.3390/app11020870,Human-Centered Artificial Intelligence for Designing Accessible Cultural Heritage,"This paper reviews the literature concerning technology used for creating and delivering accessible museum and cultural heritage sites experiences. It highlights the importance of the delivery suited for everyone from different areas of expertise, namely interaction design, pedagogical and participatory design, and it presents how recent and future artificial intelligence (AI) developments can be used for this aim, i.e.,improving and widening online and in situ accessibility. From the literature review analysis, we articulate a conceptual framework that incorporates key elements that constitute museum and cultural heritage online experiences and how these elements are related to each other. Concrete opportunities for future directions empirical research for accessibility of cultural heritage contents are suggested and further discussed.",2021,2021-01-19,article,en,175,144,True,gold,Applied Sciences,journal,Galena Pisoni; Natalia Díaz-Rodríguez; Hannie Gijlers; Linda Tonolli,Institut national de recherche en sciences et technologies du numérique; University of Trento; University of Twente; Université Côte d'Azur; École Nationale Supérieure de Techniques Avancées,fr; it; nl,3,1,Multimodal Machine Learning Applications; Visual Attention and Saliency Detection; Human Pose and Action Recognition,Cultural heritage; Citizen journalism; Engineering; Engineering ethics; Sociology; Computer science; World Wide Web; Geography; Archaeology,,,artificial intelligence,1,fr,v1,2026-08-13
https://openalex.org/W3042730173,https://doi.org/10.1145/3386392.3399276,Accessible Cultural Heritage through Explainable Artificial Intelligence,"Ethics Guidelines for Trustworthy AI advocate for AI technology that is, among other things, more inclusive. Explainable AI (XAI) aims at making state of the art opaque models more transparent, and defends AI-based outcomes endorsed with a rationale explanation, i.e., an explanation that has as target the non-technical users. XAI and Responsible AI principles defend the fact that the audience expertise should be included in the evaluation of explainable AI systems. However, AI has not yet reached all public and audiences, some of which may need it the most. One example of domain where accessibility has not much been influenced by the latest AI advances is cultural heritage. We propose including minorities as special user and evaluator of the latest XAI techniques. In order to define catalytic scenarios for collaboration and improved user experience, we pose some challenges and research questions yet to address by the latest AI models likely to be involved in such synergy.",2020,2020-07-13,conference-paper,en,56,56,True,green,,,Natalia Díaz-Rodríguez; Galena Pisoni,Institut national de recherche en sciences et technologies du numérique; Observatoire de la Côte d’Azur; Université Côte d'Azur,fr,1,0,Explainable Artificial Intelligence (XAI); Adversarial Robustness in Machine Learning; Artificial Intelligence in Healthcare and Education,Trustworthiness; Computer science; Cultural heritage; Domain (mathematical analysis); Order (exchange); Public domain; Data science; Political science; Internet privacy; History; Law; Economics; Mathematics; Mathematical analysis; Archaeology; Finance,,,artificial intelligence,1,fr,v1,2026-08-13
https://openalex.org/W3033643367,https://doi.org/10.1108/jeim-02-2020-0059,A machine learning framework for enhancing digital experiences in cultural heritage,"Purpose Digital tools have been used to document cultural heritage with high-quality imaging and metadata. However, some of the historical assets are totally or partially unlabeled and some are physically damaged, which decreases their attractiveness and induces loss of value. This paper introduces a new framework that aims at tackling the cultural data enrichment challenge using machine learning. Design/methodology/approach This framework focuses on the automatic annotation and metadata completion through new deep learning classification and annotation methods. It also addresses issues related to physically damaged heritage objects through a new image reconstruction approach based on supervised and unsupervised learning. Findings The authors evaluate approaches on a data set of cultural objects collected from various cultural institutions around the world. For annotation and classification part of this study, the authors proposed and implemented a hierarchical multimodal classifier that improves the quality of annotation and increases the accuracy of the model, thanks to the introduction of multitask multimodal learning. Regarding cultural data visual reconstruction, the proposed clustering-based method, which combines supervised and unsupervised learning is found to yield better quality completion than existing inpainting frameworks. Originality/value This research work is original in sense that it proposes new approaches for the cultural data enrichment, and to the authors’ knowledge, none of the existing enrichment approaches focus on providing an integrated framework based on machine learning to solve current challenges in cultural heritage. These challenges, which are identified by the authors are related to metadata annotation and visual reconstruction.",2020,2020-06-06,article,en,59,28,False,closed,Journal of Enterprise Information Management,journal,Abdelhak Belhi; Abdelaziz Bouras; Abdulaziz Al‐Ali; Sebti Foufou,"Décision et Information pour les Systèmes de Production; Laboratoire d’Électronique, Informatique et Image; Qatar University; Université de Bourgogne",fr; qa,2,1,3D Surveying and Cultural Heritage; Conservation Techniques and Studies; Archaeological Research and Protection,Metadata; Computer science; Cultural heritage; Annotation; Artificial intelligence; Originality; Supervised learning; Machine learning; Data science; World Wide Web; Creativity; Artificial neural network; Archaeology; Law; Political science; History,,,machine learning; deep learning,2,fr,v1,2026-08-13
https://openalex.org/W4381996016,https://doi.org/10.5194/isprs-archives-xlviii-m-2-2023-453-2023,NEURAL RADIANCE FIELDS (NERF): REVIEW AND POTENTIAL APPLICATIONS TO DIGITAL CULTURAL HERITAGE,"Abstract. Neural Radiance Fields (NeRF or NeRFs) are to date emerging as a novel method for synthesizing novel views of complex 3D scenes, leveraging an artificial neural network to optimize a volumetric scene function using a set of input views. We conduct a preliminary critical review of the scientific and technical literature on NeRFs, and we highlight possible applications of the latter in the Cultural Heritage domain, for the image-based reconstruction of 3D models of real, multi-scale objects, even in combination with the more well-established photogrammetric techniques. A comparison is made between NeRFs and photogrammetry in terms of operating procedures and outputs (volumetric renderings vs. point clouds or meshes). It is demonstrated that NeRFs could be conveniently used for rendering objects (sculptures, archaeological remains, sites, paintings etc.) that are challenging for photogrammetry, typically: i) metallic, translucent, and/or transparent surfaces; ii) objects that present homogeneous textures; iii) occlusions, vegetation, and elements of very fine detail.",2023,2023-06-24,article,en,51,47,True,diamond,"The international archives of the photogrammetry, remote sensing and spatial information sciences/International archives of the photogrammetry, remote sensing and spatial information sciences",journal,Valeria Croce; Gabriella Caroti; Livio De Luca; Andrea Piemonte; P. Véron,Centre National de la Recherche Scientifique; Délégation Provence et Corse; Laboratoire d’Ingénierie des Systèmes Physiques et Numériques; University of Pisa,fr; it,2,1,3D Surveying and Cultural Heritage; Computer Graphics and Visualization Techniques; Advanced Vision and Imaging,Photogrammetry; Computer science; Cultural heritage; Point cloud; Rendering (computer graphics); Radiance; Computer vision; Artificial intelligence; Computer graphics (images); Geology; Remote sensing; Geography; Archaeology,,,neural network,1,fr,v1,2026-08-13
https://openalex.org/W2894913056,https://doi.org/10.3390/app8101768,Leveraging Known Data for Missing Label Prediction in Cultural Heritage Context,"Cultural heritage represents a reliable medium for history and knowledge transfer. Cultural heritage assets are often exhibited in museums and heritage sites all over the world. However, many assets are poorly labeled, which decreases their historical value. If an asset’s history is lost, its historical value is also lost. The classification and annotation of overlooked or incomplete cultural assets increase their historical value and allows the discovery of various types of historical links. In this paper, we tackle the challenge of automatically classifying and annotating cultural heritage assets using their visual features as well as the metadata available at hand. Traditional approaches mainly rely only on image data and machine-learning-based techniques to predict missing labels. Often, visual data are not the only information available at hand. In this paper, we present a novel multimodal classification approach for cultural heritage assets that relies on a multitask neural network where a convolutional neural network (CNN) is designed for visual feature learning and a regular neural network is used for textual feature learning. These networks are merged and trained using a shared loss. The combined networks rely on both image and textual features to achieve better asset classification. Initial tests related to painting assets showed that our approach performs better than traditional CNNs that only rely on images as input.",2018,2018-09-30,article,en,45,40,True,gold,Applied Sciences,journal,Abdelhak Belhi; Abdelaziz Bouras; Sebti Foufou,Qatar University; Université Lumière Lyon 2; Université de Bourgogne,fr; qa,2,1,Advanced Image and Video Retrieval Techniques; 3D Surveying and Cultural Heritage; Conservation Techniques and Studies,Computer science; Metadata; Convolutional neural network; Cultural heritage; Artificial intelligence; Context (archaeology); Asset (computer security); Value (mathematics); Deep learning; Machine learning; Data science; Annotation; Feature (linguistics); Artificial neural network; World Wide Web; Geography; Archaeology; Computer security; Linguistics; Philosophy,,,neural network; convolutional,2,fr,v1,2026-08-13
https://openalex.org/W3001106031,https://doi.org/10.1016/j.culher.2020.01.002,"Machine learning for rapid mapping of archaeological structures made of dry stones – Example of burial monuments from the Khirgisuur culture, Mongolia –",,2020,2020-01-22,article,en,28,54,True,bronze,Journal of Cultural Heritage,journal,Fabrice Monna; Jérôme Magail; Tanguy Rolland; Nicolas Navarro; Josef Wilczek; Jamiyan-Ombo Gantulga; Yury Esin; Ludovic Granjon; Anne-Caroline Allard; Carmela Chateau‐Smith,"Archéologie, Terre, Histoire, Sociétés; Biogéosciences; Centre André-Chastel; Centre National de la Recherche Scientifique; Centre Pluridisciplinaire Textes et Cultures; Institut Agro Dijon; Institut national d'histoire de l'art; Khakass Institute of Business; Laboratoire d’Archéologie Moléculaire et Structurale; Masaryk University; Mongolian Academy of Sciences; Scientific Centre of Monaco; Sorbonne Université; Université Paris Sciences et Lettres; Université de Bourgogne; École Pratique des Hautes Études",cz; fr; mc; mn; ru,5,1,Archaeological Research and Protection; Remote-Sensing Image Classification; Advanced Image and Video Retrieval Techniques,Artificial intelligence; Support vector machine; Computer science; Naive Bayes classifier; Pattern recognition (psychology); RGB color model; Centroid; Raster graphics; Artificial neural network; Cartography; Geography,,,machine learning,1,fr,v1,2026-08-13
https://openalex.org/W3206150780,https://doi.org/10.1016/j.inffus.2021.09.022,EXplainable Neural-Symbolic Learning (X-NeSyL) methodology to fuse deep learning representations with expert knowledge graphs: The MonuMAI cultural heritage use case,,2021,2021-10-13,preprint,en,104,131,True,green,arXiv (Cornell University),repository,"Cruz, P; Montes, R; Herrera, F; Díaz-Rodríguez, N; Lamas, A; Sanchez, J; Franchi, G; Ivan Donadello; Tabik, S; Filliat, D",Free University of Bozen-Bolzano; Institut national de recherche en sciences et technologies du numérique; Instituto Andaluz de Ciencias de la Tierra; King Abdulaziz University; Universidad de Granada; École Nationale Supérieure de Techniques Avancées,es; fr; it; sa,4,1,Explainable Artificial Intelligence (XAI); Advanced Neural Network Applications; Multimodal Machine Learning Applications,Computer science; Artificial intelligence; Debugging; Domain knowledge; Machine learning; Inference; Deep learning; Expert system; Classifier (UML); Process (computing); Domain (mathematical analysis); Programming language; Mathematical analysis; Mathematics,,,deep learning; knowledge graph,2,fr,v1,2026-08-13
https://openalex.org/W2946468346,https://doi.org/10.1109/jeeit.2019.8717470,Towards an Inpainting Framework for Visual Cultural Heritage,"Cultural heritage takes an important part in defining the identity and the history of a civilization or a nation. Valuing and preserving this heritage is thus a top priority for governments and heritage institutions. Through this paper, we present an image completion (inpainting) approach adapted for the curation and the completion of damaged artwork. Our approach uses a set of machine learning techniques such as Generative Adversarial Networks which are among the most powerful generative models that can be trained to generate realistic data samples. As we are focusing mostly on visual cultural heritage, the pipeline of our framework has many optimizations such as the use of clustering to optimize the training of the generative part to ensure a better performance across a variety of cultural data categories. The experimental results of our framework are promising and were validated on a dataset of paintings.",2019,2019-04-01,conference-paper,en,30,24,False,closed,2019 IEEE Jordan International Joint Conference on Electrical Engineering and Information Technology (JEEIT),conference,Nesreen Hamdallah Jboor; Abdelhak Belhi; Abdulaziz Al‐Ali; Abdelaziz Bouras; Ali Jaoua,Décision et Information pour les Systèmes de Production; Institut National des Sciences Appliquées de Lyon; Qatar University; Vinci (France),fr; qa,2,1,Generative Adversarial Networks and Image Synthesis; Aesthetic Perception and Analysis; Computer Graphics and Visualization Techniques,Inpainting; Cultural heritage; Pipeline (software); Generative grammar; Variety (cybernetics); Computer science; Set (abstract data type); Identity (music); Artificial intelligence; Adversarial system; Painting; Image (mathematics); Cluster analysis; Data science; Aesthetics; Visual arts; Art; History; Archaeology; Programming language,,,machine learning; generative model,2,fr,v1,2026-08-13
https://openalex.org/W3162589486,https://doi.org/10.1016/j.jasrep.2021.103027,Objective comparison of relief visualization techniques with deep CNN for archaeology,"Archaeology has been profoundly transformed by the advent of airborne laser scanning (ALS) technology (a.k.a airborne LiDAR). High-resolution and high-precision synoptic views of earth’s topography are now available, even in densely forested environments, to identify and characterize landform patterns resulting from past human occupation. ALS-based archaeological prospection relies on digital terrain model (DTM) visualization techniques (VTs) that highlight subtle topographical changes perceived and interpreted by archaeologists. An increasing number of VTs have been developed, and they have been evaluated to date mainly based on subjective human perception. This study developed a new approach based on state-of-the-art computer-vision algorithms to benchmark VTs using objective metrics. Thirteen VTs were applied to a ALS-derived DTM, and a deep convolution neural network (deep CNN) was implemented and trained to automatically detect and segment archaeological structures from these images. Visual interpretation of the images showed that the most informative VT was e2MSTP, which combined a multiscale topographic analysis (MSTP) with a morphologically explicit image and a slope-invariant relief detrending technique. The deep CNN approach confirmed these results and provided objective performance metrics. This study indicates that the computer vision approach opens new perspectives in the objective selection of the most suitable VT for archaeological prospection.",2021,2021-05-08,article,en,30,45,True,hybrid,Journal of Archaeological Science Reports,journal,Alexandre Guyot; Marc Lennon; Laurence Hubert‐Moy,"Littoral, Environnement, Télédétection, Géomatique; Université Rennes 2",fr,1,0,Archaeological Research and Protection; 3D Surveying and Cultural Heritage; Remote Sensing and LiDAR Applications,Convolutional neural network; Visualization; Terrain; Digital elevation model; Artificial intelligence; Geology; Deep learning; Computer science; Benchmark (surveying); Landform; Remote sensing; Prospection; Lidar; Archaeology; Computer vision; Cartography; Geomorphology; Geography; Geodesy,,,neural network; computer vision,2,fr,v1,2026-08-13
https://openalex.org/W2910690835,https://doi.org/10.1109/aiccsa.2018.8612815,Towards a Hierarchical Multitask Classification Framework for Cultural Heritage,"Digital technologies such as 3D imaging, data analytics and computer vision opened the door to a large set of applications in cultural heritage. Digital acquisition of a cultural assets takes nowadays a couple of seconds thanks to the achievements in 2D and 3D acquisition technologies. However, enriching these cultural assets with labels and relevant metadata is still not fully automatized especially due to their nature and specificities. With the recent publication of several cultural heritage datasets, many researchers are tackling the challenge of effectively classifying and annotating digital heritage. The challenges that are often addressed are related to visual recognition and image classification. In this paper, we present a novel approach of hierarchical classification for cultural heritage assets. The metadata structural differences that exist between cultural assets motivated us to design a classification framework that can efficiently perform the classification of multiple types of assets. Our approach relies on several deep learning classifiers, each of them is assigned the task of classifying a certain type of assets. The classification framework starts the labeling process by first determining the asset type. The asset is then assigned to a specific classifier in order to be annotated with data fields related to its type. As a preliminary step, we successfully designed a general cultural type classifier and a specific type classifier for paintings. Our approach is currently achieving interesting results and is set to be improved by the integration of more asset types.",2018,2018-10-01,conference-paper,en,22,35,False,closed,,,Abdelhak Belhi; Abdelaziz Bouras; Sebti Foufou,"Décision et Information pour les Systèmes de Production; Institut National des Sciences Appliquées de Lyon; Laboratoire d’Électronique, Informatique et Image; Qatar University; Université de Bourgogne; Vinci (France)",fr; qa,2,1,3D Surveying and Cultural Heritage; Conservation Techniques and Studies; Advanced Image and Video Retrieval Techniques,Metadata; Computer science; Cultural heritage; Classifier (UML); Data science; Artificial intelligence; Asset (computer security); Machine learning; Analytics; Contextual image classification; World Wide Web; Image (mathematics); History; Archaeology; Computer security,,,deep learning; computer vision,2,fr,v1,2026-08-13
https://openalex.org/W2900224610,https://doi.org/10.1371/journal.pone.0205649,"Semi-supervised machine learning approaches for predicting the chronology of archaeological sites: A case study of temples from medieval Angkor, Cambodia","Archaeologists often need to date and group artifact types to discern typologies, chronologies, and classifications. For over a century, statisticians have been using classification and clustering techniques to infer patterns in data that can be defined by algorithms. In the case of archaeology, linear regression algorithms are often used to chronologically date features and sites, and pattern recognition is used to develop typologies and classifications. However, archaeological data is often expensive to collect, and analyses are often limited by poor sample sizes and datasets. Here we show that recent advances in computation allow archaeologists to use machine learning based on much of the same statistical theory to address more complex problems using increased computing power and larger and incomplete datasets. This paper approaches the problem of predicting the chronology of archaeological sites through a case study of medieval temples in Angkor, Cambodia. For this study, we have a large dataset of temples with known architectural elements and artifacts; however, less than ten percent of the sample of temples have known dates, and much of the attribute data is incomplete. Our results suggest that the algorithms can predict dates for temples from 821-1150 CE with a 49-66-year average absolute error. We find that this method surpasses traditional supervised and unsupervised statistical approaches for under-specified portions of the dataset and is a promising new method for anthropological inquiry.",2018,2018-11-05,article,en,36,25,True,gold,PLoS ONE,journal,Sarah Klassen; Jonathan Weed; Damian Evans,Arizona State University; Massachusetts Institute of Technology; École Française d'Extrême-Orient,fr; us,2,1,Archaeological Research and Protection; Image Processing and 3D Reconstruction; Archaeology and ancient environmental studies,Artifact (error); Archaeology; Cluster analysis; Chronology; Computer science; Sample (material); Artificial intelligence; Machine learning; History; Chromatography; Chemistry,,,machine learning,1,fr,v1,2026-08-13
https://openalex.org/W4392180260,https://doi.org/10.11141/ia.67.8,"Debating AI in Archaeology: applications, implications, and ethical considerations","Artificial Intelligence (AI) is not a recent development. However, with increasing computational capabilities, AI has developed into Natural Language Processing and Machine Learning, technologies particularly good at detecting correlations and patterns, and categorising, predicting, or extracting information. Within archaeology, AI can process big data accumulated over decades of research and deposited in archives. By combining these capabilities, AI offers new insights and exciting opportunities to create knowledge from archaeological archives for contemporary and future research. However, the ethical implications and human costs are not yet fully understood. Therefore, we question whether AI in archaeology is a blessing or a curse.",2024,2024-02-26,article,en,15,31,True,gold,Internet Archaeology,journal,Martina Tenzer; Giada Pistilli; Alex Bransden; Alex Shenfield,Leiden University; Sheffield Hallam University; Sorbonne Université; University of York,fr; gb; nl,3,1,Image Processing and 3D Reconstruction; Archaeological Research and Protection; Ethics and Social Impacts of AI,Archaeology; History; Engineering ethics; Engineering,,,artificial intelligence; machine learning; natural language processing,3,fr,v1,2026-08-13
https://openalex.org/W2758837557,https://doi.org/10.3390/geosciences7040093,Ontology-Based Photogrammetry Survey for Medieval Archaeology: Toward a 3D Geographic Information System (GIS),"This paper presents certain reflections concerning an interdisciplinary project between medieval archaeologists from the University of Florence (Italy) and computer science researchers from CNRS, National Center for Scientific Research, (France), aiming towards a connection between 3D spatial representation and archaeological knowledge. We try to develop an integrated system for archaeological 3D survey and all other types of archaeological data and knowledge by incorporating observable (material) and non-graphic (interpretive) data. Survey plays a central role, since it is both a metric representation of the archaeological site and, to a wider extent, an interpretation of it (being also a common basis for communication between the two teams). More specifically, 3D survey is crucial, allowing archaeologists to connect actual spatial assets to the stratigraphic formation processes (i.e., to the archaeological time) and to translate spatial observations into historical interpretation of the site. It is well known that laser scanner, photogrammetry and computer vision are very useful tools for archaeologists, although the integration of the representation of space, as well as archaeological time has not yet found a methodological standard of reference. We propose a common formalism for describing photogrammetric survey and archaeological knowledge stemming from ontologies: indeed, ontologies are fully used to model and store 3D data and archaeological knowledge. We equip this formalism with a qualitative representation of time, starting from archaeological stratigraphy. Stratigraphic analyses (both of excavated deposits and of upstanding structures) are closely related to Edward Cecil Harris’s theory of the “Unit of Stratigraphication” (referred to as “US”, while a stratigraphic unit of an upstanding structure Unita Stratigrafica Murale, in Italian, will be referred to as “USM”). Every US is connected to the others by geometric, topological and, eventually, temporal links, and these are recorded by the 3D photogrammetric survey. However, the limitations of the Harris matrix approach led us to use another formalism for representing stratigraphic relationships, namely Qualitative Constraints Networks (QCN), which was successfully used in the domain of knowledge representation and reasoning in artificial intelligence for representing temporal relations.",2017,2017-09-26,article,en,25,65,True,gold,Geosciences,journal,Pierre Drap; Odile Papini; Elisa Pruno; Micchele Nucciotti; Guido Vannini,Aix-Marseille Université; Arts et Métiers; Centre National de la Recherche Scientifique; University of Florence; Université de Toulon; École Nationale Supérieure d'Architecture Montpellier,fr; it,2,1,3D Surveying and Cultural Heritage; Advanced Image and Video Retrieval Techniques; Image Retrieval and Classification Techniques,Archaeology; Photogrammetry; Ontology; Representation (politics); Archaeological record; Interpretation (philosophy); Geography; Computer science; History; Remote sensing; Epistemology; Politics; Political science; Law; Programming language; Philosophy,,,artificial intelligence; computer vision,2,fr,v1,2026-08-13
https://openalex.org/W2012833311,https://doi.org/10.5194/isprsarchives-xl-5-w4-299-2015,A versatile and low-cost 3D acquisition and processing pipeline for collecting mass of archaeological findings on the field,"Abstract. In recent years, advances in the fields of photogrammetry and computer vision have produced several solutions for generating 3D reconstruction starting from simple images. Even if the potentialities of the image-based 3D reconstruction approach are nowadays very well-known in terms of reliability, accuracy and flexibility, there is still a lack of low-cost, open-source and automated solutions for collecting mass of archaeological findings, specially if one consider the real (and non theoretical) contextual aspects of a digitization campaign on the field (number of objects to acquire, available time, lighting conditions, equipment transport, budget, etc...) as well as the accuracy requirements for an in-depth shape analysis and classification purpose. In this paper we present a prototype system (integrating hardware and software) for the 3D acquisition, geometric reconstruction, documentation and archiving of large collections of archaeological findings. All the aspects of our approach are based on high-end image-based modeling techniques and designed basing on an accurate analysis of the typical field conditions of an archaeological campaign, as well as on the specific requirements of archaeological finding documentation and analysis. This paper presents all the aspects integrated into the prototype: - a hardware development of a transportable photobooth for the automated image acquisition consisting of a turntable and three DSLR controlled by a microcontroller; - an automatic image processing pipeline (based on Apero/Micmac) including mask generation, tie-point extraction, bundle adjustment, multi-view stereo correlation, point cloud generation, surface reconstruction; - a versatile (off-line/on-line) portable database for associating descriptive attributes (archaeological description) to the 3D digitizations on site; - a platform for data-gathering, archiving and sharing collections of 3D digitizations on the Web. The presentation and the assessment of this prototype is based on an interdisciplinary experience carried out on the study of the Tholos in Delphi within the framework of the CNRS's Eloquentia project and the EFA's archaeological program.",2015,2015-02-18,article,en,24,13,True,diamond,"The international archives of the photogrammetry, remote sensing and spatial information sciences/International archives of the photogrammetry, remote sensing and spatial information sciences",journal,Eloi Gattet; Jonathan Devogelaere; Romain Raffin; L. Bergerot; Marc Daniel; Ph. Jockey; Livio De Luca,Aix-Marseille Université; Centre Camille Jullian; Centre National de la Recherche Scientifique,fr,1,0,3D Surveying and Cultural Heritage; Advanced Vision and Imaging; Robotics and Sensor-Based Localization,Photogrammetry; Pipeline (software); Computer science; Point cloud; Documentation; Digitization; Cultural heritage; Field (mathematics); Flexibility (engineering); Software; 3D reconstruction; Point (geometry); Artificial intelligence; Automation; Excavator; Computer vision; Computer graphics (images); Archaeology; Engineering; Geography; Programming language; Geometry; Statistics; Pure mathematics; Mechanical engineering; Mathematics,,,computer vision,1,fr,v1,2026-08-13
https://openalex.org/W2558563813,https://doi.org/10.3847/1538-4365/abbee3,"The K2 Galactic Archaeology Program Data Release 2: Asteroseismic Results from Campaigns 4, 6, and 7","Abstract Studies of Galactic structure and evolution have benefited enormously from Gaia kinematic information, though additional, intrinsic stellar parameters like age are required to best constrain Galactic models. Asteroseismology is the most precise method of providing such information for field star populations en masse, but existing samples for the most part have been limited to a few narrow fields of view by the CoRoT and Kepler missions. In an effort to provide well-characterized stellar parameters across a wide range in Galactic position, we present the second data release of red giant asteroseismic parameters for the K2 Galactic Archaeology Program (GAP). We provide <mml:math xmlns:mml=""http://www.w3.org/1998/Math/MathML"" overflow=""scroll""> <mml:msub> <mml:mrow> <mml:mi>ν</mml:mi> </mml:mrow> <mml:mrow> <mml:mi>max</mml:mi> </mml:mrow> </mml:msub> </mml:math> and <mml:math xmlns:mml=""http://www.w3.org/1998/Math/MathML"" overflow=""scroll""> <mml:mi mathvariant=""normal"">Δ</mml:mi> <mml:mi>ν</mml:mi> </mml:math> based on six independent pipeline analyses; first-ascent red giant branch (RGB) and red clump (RC) evolutionary state classifications from machine learning; and ready-to-use radius and mass coefficients, κ R and κ M , which, when appropriately multiplied by a solar-scaled effective temperature factor, yield physical stellar radii and masses. In total, we report 4395 radius and mass coefficients, with typical uncertainties of 3.3% (stat.) ± 1% (syst.) for κ R and 7.7% (stat.) ± 2% (syst.) for κ M among RGB stars, and 5.0% (stat.) ± 1% (syst.) for κ R and 10.5% (stat.) ± 2% (syst.) for κ M among RC stars. We verify that the sample is nearly complete—except for a dearth of stars with <mml:math xmlns:mml=""http://www.w3.org/1998/Math/MathML"" overflow=""scroll""> <mml:msub> <mml:mrow> <mml:mi>ν</mml:mi> </mml:mrow> <mml:mrow> <mml:mi>max</mml:mi> </mml:mrow> </mml:msub> <mml:mo>≲</mml:mo> <mml:mn>10</mml:mn> <mml:mo>–</mml:mo> <mml:mn>20</mml:mn> <mml:mspace width=""0.25em""/> <mml:mi>μ</mml:mi> <mml:mi>Hz</mml:mi> </mml:math> —by comparing to Galactic models and visual inspection. Our asteroseismic radii agree with radii derived from Gaia Data Release 2 parallaxes to within 2.2% ± 0.3% for RGB stars and 2.0% ± 0.6% for RC stars.",2020,2020-12-01,article,en,28,68,True,bronze,The Astrophysical Journal Supplement Series,journal,Joel C. Zinn; Dennis Stello; Yvonne Elsworth; Rafael A. García; Thomas Kallinger; Savita Mathur; Benoît Mosser; Lisa Bugnet; Caitlin Jones; Marc Hon; Sanjib Sharma; Ralph Schönrich; Jack T. Warfield; Rodrigo Luger; Marc H. Pinsonneault; Jennifer A. Johnson; Daniel Huber; Victor Silva Aguirre; William J. Chaplin; Guy R. Davies; Andrea Miglio,"ARC Centre of Excellence for All-sky Astrophysics; ASTRO-3D; Aarhus University; American Museum of Natural History; Astrophysique, Instrumentation et Modélisation; CEA Paris-Saclay; Centre National de la Recherche Scientifique; Commissariat à l'Énergie Atomique et aux Énergies Alternatives; Délégation Paris 7; Flatiron Health (United States); Flatiron Institute; Institut de Recherche sur les Lois Fondamentales de l'Univers; Instituto de Astrofísica de Canarias; Laboratoire d’études spatiales et d’instrumentation en astrophysique; Observatoire de Paris; Planetary Science Institute; Sorbonne Paris Cité; Sorbonne Université; Space Science Institute; The Ohio State University; The University of Sydney; UNSW Sydney; Universidad de La Laguna; University College London; University of Birmingham; University of Hawaii System; University of Vienna; University of Washington; Université Paris Cité; Université Paris Sciences et Lettres; Université Paris-Saclay",at; au; dk; es; fr; gb; us,7,1,"Stellar, planetary, and galactic studies; Astronomy and Astrophysical Research; Educational Leadership and Practices",Asteroseismology; RADIUS; Red clump; Astrophysics; Astronomy; Physics; Milky Way; Red giant; Field (mathematics); Range (aeronautics); Stars; Pipeline (software); Stellar evolution; Red-giant branch; Kepler; Stellar mass,,,machine learning,1,fr,v1,2026-08-13
https://openalex.org/W3210886768,https://doi.org/10.1016/j.culher.2021.10.004,"Deep learning to detect built cultural heritage from satellite imagery. - Spatial distribution and size of vernacular houses in Sumba, Indonesia -",,2021,2021-10-31,article,en,39,79,True,bronze,Journal of Cultural Heritage,journal,Fabrice Monna; Tanguy Rolland; Anthony Denaire; Nicolas Navarro; Ludovic Granjon; Rémi Barbé; Carmela Chateau‐Smith,"Archéologie, Terre, Histoire, Sociétés; Biogéosciences; Centre National de la Recherche Scientifique; Maison des Sciences sociales et des Humanités de Dijon; Université Bourgogne Franche-Comté; Université Paris Sciences et Lettres; Université de Bourgogne; École Pratique des Hautes Études",fr,1,0,Archaeological Research and Protection; Remote-Sensing Image Classification; Cultural Heritage Management and Preservation,Cultural heritage; Deep learning; Vernacular; Convolutional neural network; Artificial intelligence; Computer science; Satellite imagery; Workflow; Classifier (UML); Architecture; Geography; Cartography; Remote sensing; Archaeology; Database; Art; Literature,,,deep learning,1,fr,v1,2026-08-13
https://openalex.org/W3169633134,https://doi.org/10.1021/acs.accounts.1c00063,Deciphering the Chemistry of Cultural Heritage: Targeting Material Properties by Coupling Spectral Imaging with Image Analysis,"The chemical study of materials from natural history and cultural heritage, which provide information for art history, archeology, or paleontology, presents a series of specific challenges. The complexity of these ancient and historical materials, which are chemically heterogeneous, the product of alteration processes, and inherently not reproducible, is a major obstacle to a thorough understanding of their making and long-term behavior (e.g., fossilization). These challenges required the development of methodologies and instruments coupling imaging and data processing approaches that are optimized for the specific properties of the materials. This Account discusses how these characteristics not only constrain their study but also open up specific innovative avenues for providing key historical information. Synchrotron methods have extensively been used since the late 1990s to study heritage objects, in particular for their potential to provide speciation information from excitation spectroscopies and to image complex heritage objects and samples in two and three dimensions at high resolution. We examine in practice how the identification of key intrinsic chemical specificities has offered fertile ground for the development of novel synchrotron approaches allowing a better stochastic description of the properties of ancient and historical materials. These developments encompass three main aspects: (1) The multiscale heterogeneity of these materials can provide an essential source of information in the development of probes targeting their multiple scales of homogeneity. (2) Chemical alteration can be described in many ways, e.g., by segmenting datasets in a semiquantitative way to jointly inform morphological and chemical transformation pathways. (3) The intrinsic individuality of chemical signatures in artifacts triggers the development of specific strategies, such as those focusing on weak signal detection. We propose a rereading of the advent of these new methodologies for analysis and characterization and examine how they have led to innovative strategies combining materials science, instrument development, history, and data science. In particular, we show that spectral imaging and the search for correlations in image datasets have provided a powerful way to address what archeologists have called the uncertainty and ambiguity of the material record. This approach has implications beyond synchrotron techniques and extends in particular to a series of rapidly developing approaches that couple spectral and spatial information, as in hyperspectral imaging and spatially resolved mass spectrometry. The preeminence of correlations holds promise for the future development of machine learning methods for processing data on historical objects. Beyond heritage, these developments are an original source of inspiration for the study of materials in many related fields, such as environmental, geochemical, or life sciences, which deal with systems whose alteration and heterogeneity cannot be neglected.",2021,2021-06-18,article,en,24,60,True,green,Accounts of Chemical Research,journal,Loïc Bertrand; Mathieu Thoury; Pierre Guériau; Étienne Anheim; Serge X. Cohen,Centre National de la Recherche Scientifique; Institut photonique d'analyse non-destructive européen des matériaux anciens; University of Lausanne; Université Paris-Saclay; Université de Versailles Saint-Quentin-en-Yvelines; École des hautes études en sciences sociales,ch; fr,2,1,Cultural Heritage Materials Analysis; Building materials and conservation; Conservation Techniques and Studies,Chemistry; Cultural heritage; Coupling (piping); Nanotechnology; Materials science; Archaeology; History; Metallurgy,,,machine learning,1,fr,v1,2026-08-13
https://openalex.org/W3004902131,https://doi.org/10.1109/skima47702.2019.8982520,Deep Learning and Cultural Heritage: The CEPROQHA Project Case Study,"Cultural heritage takes an important part of the history of humankind as it is one of the most powerful tools for the transfer and preservation of moral identity. As a result, these cultural assets are considered highly valuable and sometimes priceless. Digital technologies provided multiple tools that address challenges related to the promotion and information access in the cultural context. However, the large data collections of cultural information have more potential to add value and address current challenges in this context with the recent progress in artificial intelligence (AI) with deep learning and data mining tools. Through the present paper, we investigate several approaches that are used or can potentially be used to promote, curate, preserve and value cultural heritage through new and evolutionary techniques based on deep learning tools. The deep learning approaches entirely developed by our team are intended to classify and annotate cultural data, complete missing data, or map existing data schemes and information to standardized schemes with language processing tools.",2019,2019-08-01,conference-paper,en,15,28,False,closed,,,Abdelhak Belhi; Houssem Gasmi; Abdulaziz Al‐Ali; Abdelaziz Bouras; Sebti Foufou; Xi Yu; Hai-Qing Zhang,"Chengdu University; Chengdu University of Information Technology; Laboratoire d’Électronique, Informatique et Image; Qatar University; Université de Bourgogne",cn; fr; qa,3,1,3D Surveying and Cultural Heritage; Archaeological Research and Protection; Advanced Image and Video Retrieval Techniques,Cultural heritage; Computer science; Data science; Deep learning; Context (archaeology); Value (mathematics); Artificial intelligence; World Wide Web; Machine learning; Geography; Archaeology,,,artificial intelligence; deep learning,2,fr,v1,2026-08-13
https://openalex.org/W4319080653,https://doi.org/10.1039/d2ja00389a,Artificial neural network for high-throughput spectral data processing in LIBS imaging: application to archaeological mortar,"With the development of micro-LIBS imaging, the ever-increasing size of datasets (sometimes &gt;1 million spectra) makes the processing of spectral data difficult and time consuming.",2023,2023-01-01,article,en,19,34,True,hybrid,Journal of Analytical Atomic Spectrometry,journal,Nicolas Herreyre; Adèle Cormier; Sylvain Hermelin; Christine Oberlin; Anne Schmitt; Valérie Thirion-Merle; Aldo Borlenghi; D Prigent; Catherine Coquidé; A. J. Valois; Christophe Dujardin; Philippe Dugourd; Ludovic Duponchel; Clothilde Comby‐Zerbino; Vincent Motto‐Ros,"Archéologie et Archéométrie; Archéorient; Centre National de la Recherche Scientifique; Institut Lumière Matière; Institut National de Recherches Archéologiques Préventives; Laboratoire de Spectroscopie pour les Interactions, la Réactivité et l'Environnement; Lyon 1 Université; Université de Lille",fr,1,0,Laser-induced spectroscopy and plasma; Cultural Heritage Materials Analysis; Building materials and conservation,Mortar; Throughput; Artificial neural network; Data processing; Computer science; Spectral imaging; Artificial intelligence; Remote sensing; Pattern recognition (psychology); Materials science; Geology; Telecommunications; Composite material; Database; Wireless,,,neural network,1,fr,v1,2026-08-13
https://openalex.org/W4206436614,https://doi.org/10.5334/jcaa.78,Implementing State-of-the-Art Deep Learning Approaches for Archaeological Object Detection in Remotely-Sensed Data: The Results of Cross-Domain Collaboration,"The ever-increasing amount of remotely-sensed data pertaining to archaeology renders human-based analysis unfeasible, especially considering the expert knowledge required to correctly identify structures and objects in these type of data. Therefore, robust and reliable computer-based object detectors are needed, which can deal with the unique challenges of not only remotely-sensed data, but also of the archaeological detection task. In this research – across-domain collaboration between archaeology and computer science — the latest developments in object detection and Deep Learning — for both natural and satellite imagery — are used to develop an object detection approach, based on the YOLOv4 framework, and modified to the specific task of detecting archaeology in remotely-sensed LiDAR data from theVeluwe(the Netherlands). Experiments show that a general version of the YOLOv4 architecture outperforms current object detection workflows used in archaeology, while the modified version of YOLOv4, geared towards the archaeological task, reaches even higher performance. The research shows the potential and benefit of cross-domain collaboration, where expert knowledge from different research fields is used to create a more reliable detector.",2021,2021-01-01,article,en,23,48,True,gold,Journal of Computer Applications in Archaeology,journal,Martin S. Olivier; Wouter Verschoof‐van der Vaart,ESIEA University; Leiden University,fr; nl,2,1,Archaeological Research and Protection; 3D Surveying and Cultural Heritage; Conservation Techniques and Studies,Computer science; Domain (mathematical analysis); Workflow; Task (project management); Object detection; Object (grammar); Deep learning; Artificial intelligence; Archaeology; Data science; Remote sensing; Geography; Systems engineering; Pattern recognition (psychology); Database; Engineering; Mathematical analysis; Mathematics,,,deep learning,1,fr,v1,2026-08-13
https://openalex.org/W4285231048,https://doi.org/10.1109/tap.2022.3189553,Artificial Intelligence-Based Low-Terahertz Imaging for Archaeological Shards’ Classification,"In order to map the migration and introduction of farming into Europe during the seventh and sixth millennia Before Common Era, archeologists have made a connection between the study of pottery and farming migration. We are interested here in the classification of pottery into coiling and spiral types based on their manufacturing techniques. To distinguish between these two techniques, we look for the lines formed by air bubbles embedded in the pottery samples. Current methods make use of bulky systems, such as computerized tomography scanners or synchrotrons. Microwave acquisition and processing offer an interesting alternative, due to the possibility to have compact and portable systems. In this article, we investigate the classification of pottery based on low-terahertz measurements in the D-band. We process the measurements with 3-D fast Fourier transform. The resulting matrix is classified with an artificial neural network, multilayer perceptron, which is optimized with the gray wolf optimizer, a bioinspired algorithm. The first results show that the accuracy reaches up to 99% using all the acquired spatial and frequency measurements. Then, we optimize the millimeter-wave (mm-Wave) measurement system with a critical criterion on accuracy in two different scenarios. In the first scenario, we reduce the spatial acquisition but maintain the wideband operation and the results show that the accuracy is between 85% and 96%. In the second one, we reduce the spatial acquisition and use a single frequency. For this second scenario, we achieve a classification accuracy, which is between 77% and 100%.",2022,2022-07-08,article,en,11,57,False,closed,IEEE Transactions on Antennas and Propagation,journal,Flora Zidane; Vanna Lisa Coli; Jérôme Lanteri; Julien Marot; Laurent Brochier; Didier Binder; Claire Migliaccio,"Centre National de la Recherche Scientifique; Cultures et Environnements. Préhistoire, Antiquité, Moyen Âge; Institut Fresnel",fr,1,0,Terahertz technology and applications; Soil Moisture and Remote Sensing; Ultrasonics and Acoustic Wave Propagation,Computer science; Pottery; Terahertz radiation; Artificial intelligence; Artificial neural network; Wideband; Bandwidth (computing); Remote sensing; Pattern recognition (psychology); Archaeology; Geology; Optics; Telecommunications; Physics; Geography,,,artificial intelligence; neural network,2,fr,v1,2026-08-13
https://openalex.org/W3125109599,https://doi.org/10.1016/j.jas.2020.105311,Machine learning ATR-FTIR spectroscopy data for the screening of collagen for ZooMS analysis and mtDNA in archaeological bone,,2021,2021-01-18,article,en,16,156,True,bronze,Journal of Archaeological Science,journal,Manasij Pal Chowdhury; Kaustabh Datta Choudhury; Geneviève Bouchard; Julien Riel‐Salvatore; Fabio Negrino; Stefano Benazzi; Ludovic Slimak; Brenna Frasier; V.E. Szabo; Ramona Harrison; George Hambrecht; Andrew C. Kitchener; Roy A. Wogelius; Michael Buckley,"Centre National de la Recherche Scientifique; National Museums Scotland; Saint Mary's University; Travaux et Recherches Archéologiques sur les Cultures, les Espaces et les Sociétés; University of Bergen; University of Bologna; University of Genoa; University of Manchester; University of Maryland, College Park; Université de Montréal; Western Carolina University",ca; fr; gb; it; no; us,6,1,Forensic Anthropology and Bioarchaeology Studies; Archaeology and ancient environmental studies; Forensic and Genetic Research,Zooarchaeology; Ancient DNA; Archaeology; Holocene; Identification (biology); Fauna; Archaeological record; Archaeological science; Evolutionary biology; Ecology; Biology; Geography; Sociology; Demography; Population,,,machine learning,1,fr,v1,2026-08-13
https://openalex.org/W4390190003,https://doi.org/10.1109/iccvw60793.2023.00184,Semantic Segmentation using Foundation Models for Cultural Heritage: an Experimental Study on Notre-Dame de Paris,"The zero-shot performance of foundation models has captured a lot of attention. Specifically, the Segment Anything Model (SAM) has gained popularity in computer vision due to its label-free segmentation capabilities. Our study proposes using SAM on cultural heritage data, specifically images of Notre-Dame de Paris, with a controlled vocabulary. SAM can successfully identify objects within the cathedral. To further improve segmentation, we utilized Grounding DINO to detect objects and CLIP to automatically add labels from the segmentation masks generated by SAM. Our study demonstrates the usefulness of foundation models for zero-shot semantic segmentation of cultural heritage data.",2023,2023-10-02,conference-paper,en,20,74,True,green,,,Kévin Réby; Anaïs Guilhelm; Livio De Luca,"Centre National de la Recherche Scientifique; Laboratoire de Mécanique, Modélisation & Procédés Propres",fr,1,0,Advanced Neural Network Applications; Advanced Image and Video Retrieval Techniques; Multimodal Machine Learning Applications,Segmentation; Foundation (evidence); Popularity; Computer science; Cultural heritage; Artificial intelligence; Vocabulary; Image segmentation; Computer vision; Natural language processing; Information retrieval; Linguistics; Geography; Archaeology; Social psychology; Philosophy; Psychology,,,computer vision,1,fr,v1,2026-08-13
https://openalex.org/W2921792503,https://doi.org/10.1007/978-3-030-03635-5_9,Deepwater Archaeological Survey: An Interdisciplinary and Complex Process,"This chapter introduces several state of the art techniques that could help to make deep underwater archaeological photogrammetric surveys easier, faster, more accurate, and to provide more visually appealing representations in 2D and 3D for both experts and public. We detail how the 3D captured data is analysed and then represented using ontologies, and how this facilitates interdisciplinary interpretation and cooperation. Towards more automation, we present a new method that adopts a deep learning approach for the detection and the recognition of objects of interest, amphorae for example. In order to provide more readable, direct and clearer illustrations, we describe several techniques that generate different styles of sketches out of orthophotos developed using neural networks. In the same direction, we present the Non-Photorealistic Rendering (NPR) technique, which converts a 3D model into a more readable 2D representation that is more useful to communicate and simplifies the identification of objects of interest. Regarding public dissemination, we demonstrate how recent advances in virtual reality to provide an accurate, high resolution, amusing and appropriate visualization tool that offers the public the possibility to ‘visit’ an unreachable archaeological site. Finally, we conclude by introducing the plenoptic approach, a new promising technology that can change the future of the photogrammetry by making it easier and less time consuming and that allows a user to create a 3D model using only one camera shot. Here, we introduce the concepts, the developing process, and some results, which we obtained with underwater imaging.",2019,2019-01-01,book-chapter,en,7,92,True,hybrid,Coastal research library,book series,Pierre Drap; Odile Papini; Djamal Merad; Jérôme Pasquet; Jean‐Philip Royer; Mohamad Motasem Nawaf; Mauro Saccone; Mohamed Ben Ellefi; Bertrand Chemisky; Julien Seinturier; Jean-Christophe Sourisseau; Timmy Gambin; Filipe Castro,Centre Camille Jullian; Centre National de la Recherche Scientifique; Compagnie Maritime d'Expertises (France); Laboratoire d’Informatique et Systèmes; Ministère de la Culture; Texas A&M University; University of Malta; Université de Toulon,fr; mt; us,3,1,3D Surveying and Cultural Heritage; Advanced Image and Video Retrieval Techniques; Robotics and Sensor-Based Localization,Computer science; Rendering (computer graphics); Process (computing); Photogrammetry; Visualization; Orthophoto; Automation; Representation (politics); Artificial intelligence; Virtual reality; Data science; Identification (biology); Human–computer interaction; Computer graphics (images); Engineering; Law; Political science; Biology; Botany; Mechanical engineering; Politics; Operating system,,,deep learning; neural network,2,fr,v1,2026-08-13
https://openalex.org/W4389989018,https://doi.org/10.1109/ictai59109.2023.00012,IArch: An AI Tool for Digging Deeper into Archaeological Data,"The use of Artificial Intelligence (AI), notably Machine Learning (ML), is gaining momentum in archaeology, opening up new possibilities such as artifact classification, site location prediction, and remains analysis. One of the major challenges in this regard is the lack of qualified archaeologists who are experts in machine learning. In this study, we introduce IArch, a tool that enables eXplainable Artificial Intelligence (XAI) data analytics for archaeologists without requiring specific programming skills. It specifically allows data analysis performed to either validate existing data-supported hypotheses or generate new ones. The tool covers the entire workflow for applying ML, from data processing to explaining the final results. The tool allows the use of supervised and unsupervised ML algorithms, as well as the SHapley Additive exPlanations (SHAP) technique to provide archaeologists with global and individual explanations for the predictions. We demonstrate its use on data from a Xiongnu cemetery (100 BC/AD 100) in the Mongolian steppes.",2023,2023-11-06,conference-paper,en,8,21,True,green,,,Chahrazed Labba; Ameline Alcouffe; Éric Crubézy; Anne Boyer,Centre National de la Recherche Scientifique; Centre d'Anthropobiologie et de Génomique de Toulouse; Laboratoire Lorrain de Recherche en Informatique et ses Applications; Université Toulouse III - Paul Sabatier; Université de Lorraine,fr,1,0,Image Processing and 3D Reconstruction; Archaeological Research and Protection; Geochemistry and Geologic Mapping,Digging; Workflow; Computer science; Artificial intelligence; Artifact (error); Analytics; Data science; Machine learning; Archaeology; Database; History,,,artificial intelligence; machine learning,2,fr,v1,2026-08-13
https://openalex.org/W4378603064,https://doi.org/10.31235/osf.io/r2j7h,"Debating AI in archaeology: applications, implications, and ethical considerations","“Artificial Intelligence” (AI) is not a recent development. However, with increasing computational capabilities, AI has developed into Natural Language Processing and Machine Learning, technologies particularly good at detecting correlations and patterns, and categorising, predicting, or extracting information. Within archaeology, AI can process “big data” accumulated over decades of research and deposited in archives. By combining these capabilities, AI offers new insights and exciting opportunities to create knowledge from archaeological archives for contemporary and future research. However, ethical implications and human costs are not yet fully understood. Therefore, we question whether AI in archaeology is a blessing or a curse?",2023,2023-05-27,preprint,en,6,27,True,gold,,,Martina Tenzer; Giada Pistilli; Alex Brandsen; Alex Shenfield,Leiden University; Sheffield Hallam University; Sorbonne Université; Université Paris 1 Panthéon-Sorbonne,fr; gb; nl,3,1,Archaeological Research and Protection; Image Processing and 3D Reconstruction; Archaeology and ancient environmental studies,Curse; Blessing; Process (computing); Archaeology; Computer science; Data science; Artificial intelligence; History; Sociology; Anthropology; Operating system,,,artificial intelligence; machine learning; natural language processing,3,fr,v1,2026-08-13
https://openalex.org/W2936745615,https://doi.org/10.5194/isprs-archives-xlii-2-w10-31-2019,ONTOLOGY-BASED WEB TOOLS FOR RETRIEVING PHOTOGRAMMETRIC CULTURAL HERITAGE MODELS,"Abstract. A key challenge in cultural heritage (CH) sites visualization is to provide models and tools that effectively integrate the content of a CH data with domain-specific knowledge so that the users can query, interpret and consume the visualized information. Moreover, it is important that the intelligent visualization systems are interoperable in the semantic web environment and thus, capable of establishing a methodology to acquire, integrate, analyze, generate and share numeric contents and associated knowledge in human and machine-readable Web. In this paper, we present a model, a methodology and a software Web-tools that support the coupling of the 2D/3D Web representation with the knowledge graph database of Xlendi shipwreck. The Web visualization tools and the knowledge-based techniques are married into a photogrammetry driven ontological model while at the same time, user-friendly web tools for querying and semantic consumption of the shipwreck information are introduced.",2019,2019-04-17,article,en,10,17,True,diamond,"The international archives of the photogrammetry, remote sensing and spatial information sciences/International archives of the photogrammetry, remote sensing and spatial information sciences",journal,Mohamed Ben Ellefi; Pierre Drap; Odile Papini; Djamal Merad; Jean‐Philip Royer; M. M. Nawaf; Erica Nocerino; Kari Hyttinen; Jean-Christophe Sourisseau; Timmy Gambin; Filipe Castro,Aix-Marseille Université; Arts et Métiers; Centre Camille Jullian; Centre National de la Recherche Scientifique; Laboratoire d’Informatique et Systèmes; Texas A&M University; Texas A&M University System; University of Dundee; University of Malta; Université de Toulon,fr; gb; mt; us,4,1,3D Surveying and Cultural Heritage; Advanced Image and Video Retrieval Techniques; Semantic Web and Ontologies,Computer science; Visualization; Cultural heritage; Ontology; World Wide Web; Semantic Web; Information retrieval; Photogrammetry; Web modeling; Knowledge representation and reasoning; Interoperability; Web application; Social Semantic Web; Data science; The Internet; Data mining; Artificial intelligence; History; Archaeology; Philosophy; Epistemology,,,knowledge graph,1,fr,v1,2026-08-13
https://openalex.org/W4307921974,https://doi.org/10.1145/3569092,Wiki Loves Monuments: Crowdsourcing the Collective Image of the Worldwide Built Heritage,"The wide adoption of digital technologies in the cultural heritage sector has promoted the emergence of new, distributed ways of working, communicating, and investigating cultural products and services. In particular, collaborative online platforms and crowdsourcing mechanisms have been widely adopted in the effort to solicit input from the community and promote engagement. In this work, we provide an extensive analysis of the Wiki Loves Monuments initiative, an annual, international photography contest in which volunteers are invited to take pictures of the built cultural heritage and upload them to Wikimedia Commons. We explore the geographical, temporal, and topical dimensions across the 2010–2021 editions. We first adopt a set of CNN-based artificial systems that allow the learning of deep scene features for various scene recognition tasks, exploring cross-country (dis)similarities. To overcome the rigidity of the framework based on scene descriptors, we train a deep convolutional neural network model to label a photo with its country of origin. The resulting model captures the best representation of a heritage site uploaded in a country, and it allows the domain experts to explore the complexity of cross-national architectural styles. Finally, as a validation step, we explore the link between architectural heritage and intangible cultural values, operationalized using the framework developed within the World Value Survey research program. We observe that cross-country cultural similarities match to a fair extent the interrelations emerging in the architectural domain. We think this study contributes to highlighting the richness and the potential of the Wikimedia data and tools ecosystem to act as a scientific object for art historians, iconologists, and archaeologists.",2022,2022-11-02,article,en,15,59,True,hybrid,Journal on Computing and Cultural Heritage,journal,Narges Azizifard; Lodewijk Gelauff; Jean-Olivier Gransard-Desmond; Мириам Реди; Rossano Schifanella,Arkema (France); Institute for Scientific Interchange; Stanford University; University of Turin; Wikimedia Foundation,fr; it; us,3,1,Advanced Image and Video Retrieval Techniques; Multimodal Machine Learning Applications; Domain Adaptation and Few-Shot Learning,Crowdsourcing; Operationalization; Cultural heritage; Upload; Data science; Computer science; CONTEST; Commons; World Wide Web; Geography; Political science; Law; Epistemology; Philosophy; Archaeology,,,neural network; convolutional,2,fr,v1,2026-08-13
https://openalex.org/W4387821381,https://doi.org/10.1038/s41598-023-44875-0,Bayesian regression versus machine learning for rapid age estimation of archaeological features identified with lidar at Angkor,"Lidar (light-detection and ranging) has revolutionized archaeology. We are now able to produce high-resolution maps of archaeological surface features over vast areas, allowing us to see ancient land-use and anthropogenic landscape modification at previously un-imagined scales. In the tropics, this has enabled documentation of previously archaeologically unrecorded cities in various tropical regions, igniting scientific and popular interest in ancient tropical urbanism. An emerging challenge, however, is to add temporal depth to this torrent of new spatial data because traditional archaeological investigations are time consuming and inherently destructive. So far, we are aware of only one attempt to apply statistics and machine learning to remotely-sensed data in order to add time-depth to spatial data. Using temples at the well-known massive urban complex of Angkor in Cambodia as a case study, a predictive model was developed combining standard regression with novel machine learning methods to estimate temple foundation dates for undated Angkorian temples identified with remote sensing, including lidar. The model's predictions were used to produce an historical population curve for Angkor and study urban expansion at this important ancient tropical urban centre. The approach, however, has certain limitations. Importantly, its handling of uncertainties leaves room for improvement, and like many machine learning approaches it is opaque regarding which predictor variables are most relevant. Here we describe a new study in which we investigated an alternative Bayesian regression approach applied to the same case study. We compare the two models in terms of their inner workings, results, and interpretive utility. We also use an updated database of Angkorian temples as the training dataset, allowing us to produce the most current estimate for temple foundations and historic spatiotemporal urban growth patterns at Angkor. Our results demonstrate that, in principle, predictive statistical and machine learning methods could be used to rapidly add chronological information to large lidar datasets and a Bayesian paradigm makes it possible to incorporate important uncertainties-especially chronological-into modelled temporal estimates.",2023,2023-10-20,article,en,9,46,True,gold,Scientific Reports,journal,W. Christopher Carleton; Sarah Klassen; Jonathan Niles‐Weed; Damian Evans; Patrick Roberts; Huw S. Groucutt,Courant Institute of Mathematical Sciences; Max Planck Institute for Biogeochemistry; Max Planck Institute for the Science of Human History; Max Planck Institute of Geoanthropology; New York University; University of Cologne; University of Malta; University of Toronto; École Française d'Extrême-Orient,ca; de; fr; mt; us,5,1,Archaeological Research and Protection; Remote Sensing and LiDAR Applications; Conservation Techniques and Studies,Lidar; Documentation; Population; Bayesian probability; Regression; Geography; Archaeology; Artificial intelligence; Machine learning; Computer science; Physical geography; Remote sensing; Cartography; Statistics; Mathematics; Demography; Sociology; Programming language,,,machine learning,1,fr,v1,2026-08-13
https://openalex.org/W2202082993,https://doi.org/10.1109/ipta.2015.7367133,Automatic pattern recognition on archaeological ceramic by 2D and 3D image analysis: A feasibility study,The ARCADIA project aims at developing automatic image analysis and machine learning methods to facilitate the interpretation and promotion of an archaeological ceramic heritage. It consists in implementing a 3D digitalization chain of the discovered shards to extract the decoration imprinted by the potters using a carved wood wheel. The characterization of the hollow pattern from a binary map given by the 3D image then allows the automatic classification of these patterns. We propose here a feasibility study by comparing the results of automatic classification from the manual inkings made by archaeologists and those from 3D digitalizations of the same corpus of shards.,2015,2015-11-01,conference-paper,en,7,23,False,closed,,,Teddy Debroutelle; Romain Janvier; Aladine Chetouani; Sylvie Treuillet; Matthieu Exbrayat; Martin Lionel; Sébastien Jesset,"Centre hospitalier universitaire d'Orléans; Laboratoire Pluridisciplinaire de Recherche en Ingénierie des Systèmes, Mécanique et Energétique; Université d'Orléans",fr,1,0,Image Processing and 3D Reconstruction; 3D Surveying and Cultural Heritage; Cultural Heritage Materials Analysis,Computer science; Artificial intelligence; Arcadia; Interpretation (philosophy); Archaeology; Computer vision; Pattern recognition (psychology); Geography; Art; Art history; Programming language,,,machine learning,1,fr,v1,2026-08-13
https://openalex.org/W4327814815,https://doi.org/10.1145/3588443,TTProfiler: Types and Terms Profile Building for Online Cultural Heritage Knowledge Graphs,"As more and more knowledge graphs (KGs) are published on the Web, there is a need for tools that show their content. This implies showing the schema-level patterns instantiated in the graph, but also the terms used to qualify its entities. In this article, we present a new profiling tool that we call TTprofiler. It shows the predicates that relate types in the KG, and also the terms present in this KG, because of their paramount importance in most KGs, especially in the Cultural Heritage (CH) domain. We recall the role of terminologies and how they are implemented and used on the Web, we give the algorithm for building a TT profile from an online KG’s endpoint, and we report on experiments performed over a set of Cultural Heritage Web KGs. A tool for visualizing TT profiles is also provided.",2023,2023-03-18,article,en,8,18,True,bronze,Journal on Computing and Cultural Heritage,journal,Lamine Diop; Béatrice Markhoff; Arnaud Soulet,"CItés, Territoires, Environnement et Sociétés; Laboratoire d'Informatique Fondamentale et Appliquée de Tours; Université de Tours; École Pour l'Informatique et les Techniques Avancées",fr,1,0,Semantic Web and Ontologies; Advanced Graph Neural Networks; Topic Modeling,Cultural heritage; Schema (genetic algorithms); Computer science; World Wide Web; Profiling (computer programming); Knowledge graph; Information retrieval; Data science; Geography; Programming language; Archaeology,,,knowledge graph,1,fr,v1,2026-08-13
https://openalex.org/W4413619940,https://doi.org/10.3390/su17177657,Sustainable Design on Intangible Cultural Heritage: Miao Embroidery Pattern Generation and Application Based on Diffusion Models,"Miao embroidery holds significant cultural, economic, and aesthetic value. However, its transmission faces numerous challenges: a high learning threshold, a lack of interest among younger generations, and low production efficiency. These factors have created obstacles to its sustainable development. In the age of artificial intelligence (AI), generative AI is expected to improve the efficiency of pattern innovation and the adaptability of the embroidery industry. Therefore, this study proposes a Miao embroidery pattern generation and application method based on Stable Diffusion and low-rank adaptation (LoRA) fine-tuning. The process includes image preprocessing, data labeling, model training, pattern generation, and embroidery production. Combining objective indicators with subjective expert review, supplemented by feedback from local artisans, we systematically evaluated five representative Miao embroidery styles, focusing on generation quality and their social and business impact. The results demonstrate that the proposed model outperforms the original diffusion model in terms of pattern quality and style consistency, with optimal results obtained under a LoRA scale of 0.8–1.2 and diffusion steps of 20–40. Generated patterns were parameterized and successfully implemented in digital embroidery. This method uses AI technology to lower the skill threshold for embroidery training. Combined with digital embroidery machines, it reduces production costs, significantly improving productivity and increasing the income of embroiderers. This promotes broader participation in embroidery practice and supports the sustainable inheritance of Miao embroidery. It also provides a replicable technical path for the intelligent generation and sustainable design of intangible cultural heritage (ICH).",2025,2025-08-25,article,en,11,41,True,gold,Sustainability,journal,Qiyue Yu; Xuyuan Tao; Jianping Wang,Donghua University; Sanda University; École Nationale Supérieure des Arts et Industries Textiles,cn; fr,2,1,Digital Media and Visual Art; Cultural Heritage Management and Preservation; Cultural Industries and Urban Development,Intangible cultural heritage; Cultural heritage; Business; Sustainable design; Diffusion; Architectural engineering; Sustainability; Aesthetics; Geography; Engineering; Art; Archaeology; Biology; Thermodynamics; Ecology; Physics,,,artificial intelligence,1,fr,v1,2026-08-13
https://openalex.org/W2590721952,https://doi.org/10.5194/isprs-archives-xlii-2-w3-267-2017,SURVEYING MEDIEVAL ARCHAEOLOGY: A NEW FORM FOR HARRIS PARADIGMLINKING PHOTOGRAMMETRY AND TEMPORAL RELATIONS,"Abstract. The paper presents some reflexions concerning an interdisciplinary project between Medieval Archaeologists from the University of Florence (Italy) and ICT researchers from CNRS LSIS of Marseille (France), aiming towards a connection between 3D spatial representation and archaeological knowledge. It is well known that Laser Scanner, Photogrammetry and Computer Vision are very attractive tools for archaeologists, although the integration of representation of space and representation of archaeological time has not yet found a methodological standard of reference. We try to develop an integrated system for archaeological 3D survey and all other types of archaeological data and knowledge through integrating observable (material) and non-graphic (interpretive) data. Survey plays a central role, since it is both a metric representation of the archaeological site and, to a wider extent, an interpretation of it (being also a common basis for communication between the 2 teams). More specifically 3D survey is crucial, allowing archaeologists to connect actual spatial assets to the stratigraphic formation processes (i.e. to the archaeological time) and to translate spatial observations into historical interpretation of the site. We propose a common formalism for describing photogrammetrical survey and archaeological knowledge stemming from ontologies: Indeed, ontologies are fully used to model and store 3D data and archaeological knowledge. Xe equip this formalism with a qualitative representation of time. Stratigraphic analyses (both of excavated deposits and of upstanding structures) are closely related to E. C. Harris theory of “Stratigraphic Unit” (“US” from now on). Every US is connected to the others by geometric, topological and, eventually, temporal links, and are recorded by the 3D photogrammetric survey. However, the limitations of the Harris Matrix approach lead to use another representation formalism for stratigraphic relationships, namely Qualitative Constraints Networks (QCN) successfully used in the domain of knowledge representation and reasoning in artificial intelligence for representing temporal relations.",2017,2017-02-23,article,en,6,40,True,diamond,"The international archives of the photogrammetry, remote sensing and spatial information sciences/International archives of the photogrammetry, remote sensing and spatial information sciences",journal,Pierre Drap; Odile Papini; Elisa Pruno; Michele Nucciotti; Guido Vannini,Aix-Marseille Université; Arts et Métiers; Centre National de la Recherche Scientifique; University of Florence; Université de Toulon; École Nationale Supérieure d'Architecture Montpellier,fr; it,2,1,Constraint Satisfaction and Optimization; Data Management and Algorithms; 3D Surveying and Cultural Heritage,Archaeology; Representation (politics); Photogrammetry; Interpretation (philosophy); Archaeological record; Computer science; History; Artificial intelligence; Politics; Programming language; Political science; Law,,,artificial intelligence; computer vision,2,fr,v1,2026-08-13
https://openalex.org/W4411616844,https://doi.org/10.1177/27523543251344976,Douyin and the Digital Spread of Intangible Cultural Heritage: Transforming Cultural Dissemination in the Short Videos Age,"Since 2019, Douyin (known as TikTok in the West) has shown a growing interest in culture and intangible cultural heritage (ICH), assuming an increasingly significant role in its promotion, aligned with the directives of the Chinese Communist Party. Based on a novel field study (22 interviews), this article analyzes the strategies for developing content offerings related to ICH, hypothesizing that the short video market is being shaped by the professionalization of its creators, supported by key values of the cultural industries, and driven by artificial intelligence–powered algorithms. Our study reveals the growing importance of this professionalization and the crucial role of Multi-Channel Network agencies in coordinating and disseminating content, aiming to optimize results while minimizing risks. This raises the question of the transformation of the social media giant into a cultural industry. Douyin has successfully launched campaigns such as “Intangible Heritage on Douyin,” collaborated with local governments to showcase traditional crafts, and supported content creators specializing in cultural transmission.",2025,2025-06-01,article,en,7,20,True,diamond,Emerging Media,journal,Françoise Paquienséguy; Guo Qian,Sciences Po Lyon; Southern University of Science and Technology,cn; fr,2,1,Digital Games and Media; Cinema and Media Studies; Cultural Industries and Urban Development,Intangible cultural heritage; Cultural heritage; Internet privacy; History; Computer science; Archaeology,,,artificial intelligence,1,fr,v1,2026-08-13
https://openalex.org/W4313472701,https://doi.org/10.3390/jimaging9010009,Computer Vision and Robotics for Cultural Heritage: Theory and Applications,Computer vision and robotics are more and more involved in cultural heritage [...].,2022,2022-12-30,article,en,4,7,True,gold,Journal of Imaging,journal,Guillaume Caron; Olga Regina Pereira Bellon; Ilan Shimshoni,National Institute of Advanced Industrial Science and Technology; Universidade Federal do Paraná; University of Haifa; Université de Picardie Jules Verne,br; fr; il; jp,4,1,3D Surveying and Cultural Heritage; Robotics and Sensor-Based Localization; Advanced Image and Video Retrieval Techniques,Robotics; Artificial intelligence; Cultural heritage; Computer science; Computer vision; Cognitive science; Human–computer interaction; Robot; Psychology; History; Archaeology,,,computer vision,1,fr,v1,2026-08-13
https://openalex.org/W4205095046,https://doi.org/10.1109/ism52913.2021.00039,Combining Linked Open Data and Multimedia Knowledge Base for Digital Cultural Heritage Robotic Applications,"The current trends in society evolution are showing rapid changes in our habitual environments and consequently affecting human interactions with them. Among the key factors of this process we can certainly cite the growth of BigData favored by the knowledge digitalization, the dissemination of sensors in environments and the advancements of connectivity capabilities. At the same time, the progress in artificial intelligence and cognitive robotics has lead to the production of sophisticated humanoid robots, which are progressively spreading to a wide public. In this way, research efforts are needed for a proper knowledge management and knowledge acquisition by machines, in order to have more natural and friendly human-robot interactions in daily tasks, usually performed by human beings. In this paper we show an approach related to a human-robot interaction in cultural heritage context, simulating a digital ecosystem where a robot plays the role of a guide for tourists and it is able to proactively interact with its interlocutors by combining both semantic and visual information. The proposed approach, its implementation and experimental results on a real robotic platform are shown and discussed.",2021,2021-11-01,conference-paper,en,7,34,False,closed,,,Kurosh Madani; Antonio M. Rinaldi; Cristiano Russo,Paris-Est Sup; University of Naples Federico II; Université Paris-Est Créteil,fr; it,2,1,Robotics and Automated Systems; Semantic Web and Ontologies; 3D Surveying and Cultural Heritage,Computer science; Robot; Humanoid robot; Cultural heritage; Context (archaeology); Human–computer interaction; Artificial intelligence; Big data; Robotics; Process (computing); Knowledge base; Human–robot interaction; Data science; Key (lock); Multimedia; Computer security; Paleontology; History; Archaeology; Operating system; Biology,,,artificial intelligence,1,fr,v1,2026-08-13
https://openalex.org/W4402264004,https://doi.org/10.1109/eeite61750.2024.10654401,Segment Anything Model for Scan-to-Structural Analysis in Cultural Heritage,"Segment anything model (SAM) proposed by META Artificial Intelligence (AI) has disrupted the space of Deep Learning (DL) and Machine Learning (ML) and claims performance that outrivals conventional Convolutional Neural Networks (CNNs). The well recognized success of foundation models paved the way towards Natural Language Processing (NLP), which in computer vision domain, rests upon the concept of vision transformers (ViT). The claimed scalability and zero-shot predictability of the proposed mode has spurred extensive research among different fields. In this sense, this paper aims to investigate Segment Anything Model (SAM) potential in cultural heritage (CH) inclined scenarios. This is part of an ongoing project that seeks to implement scan-to-structural analysis at stone level. Based on the findings of this research, SAM zero-shot segmentation ability is quite promising for complex scene understanding. In addition, its tendency to favor small objects may provide a unique opportunity for damage detection and defects classification. Finally, even without any pre-training, SAM exhibits remarkable performance in edge detection and masking, without sacrificing generalizability and its accuracy in segmentation correlates to spatial resolution and background separation.",2024,2024-05-29,conference-paper,en,4,45,False,closed,,,Demitrios Galanakis; Stuardo Lucho; Emmanuel Maravelakis; Nikolaos Bolanakis; Antonios Konstantaras; Nectarios Vidakis; Markos Petousis; Sylvie Treuillet; Xavier Desquesnes; Xavier Brunetaud,"Hellenic Mediterranean University; Laboratoire Pluridisciplinaire de Recherche en Ingénierie des Systèmes, Mécanique et Energétique",fr; gr,2,1,3D Surveying and Cultural Heritage; BIM and Construction Integration; Conservation Techniques and Studies,Computer science; Cultural heritage; History; Archaeology,,,artificial intelligence; machine learning; deep learning; neural network; computer vision; natural language processing; convolutional,7,fr,v1,2026-08-13
https://openalex.org/W4399389988,https://doi.org/10.1007/s00521-024-10010-x,Cultural heritage digital twin: modeling and representing the visual narrative in Leonardo Da Vinci’s Mona Lisa,"Abstract In this paper, Artificial Intelligence/Knowledge Representation methods are used for the digital modeling of cultural heritage elements. Accordingly, the new concept of digital cultural heritage twin is presented as composed of a physical component and an immaterial component of the cultural entity. The former concerns the physical aspects, i.e. style, name of the artist, execution time, dimension, etc. The latter represents the emotional and intangible aspects transmitted by the entity, i.e. emotions, thoughts, opinions. In order to digitally model the physical and immaterial components of the twin, the Narrative Knowledge Representation Language has been formally introduced and described. It is particularly suitable for representing the immaterial aspects of the cultural entity, as it is capable of modeling in a simple but rigorous and efficient way complex situations and events, behaviours, attitudes, etc. As an experiment, NKRL has been adopted for representing some of the most relevant intangible items of the visual narrative underlying the hidden painting that lies beneath the Mona Lisa (La Gioconda) image painted by Leonardo Da Vinci on the same poplar panel. Real-time application of the resulting knowledge base opens up novel possibilities for the development of virtual objects, chatbots and expert systems, as well as the definition of semantic search platforms related to cultural heritage.",2024,2024-06-06,article,en,7,16,True,hybrid,Neural Computing and Applications,journal,Alessia Amelio; Gian Piero Zarri,"Sens, Texte, Informatique, Histoire; Sorbonne Paris Cité; Sorbonne Université; University of Chieti-Pescara",fr; it,2,1,3D Surveying and Cultural Heritage; Image Processing and 3D Reconstruction; Manufacturing Process and Optimization,Narrative; Art; Cultural heritage; Art history; Computer graphics (images); Computer science; Literature; History; Archaeology,,,artificial intelligence,1,fr,v1,2026-08-13
https://openalex.org/W4399201376,https://doi.org/10.1107/s1600576724003704,Neural networks for rapid phase quantification of cultural heritage X-ray powder diffraction data,"Recent developments in synchrotron radiation facilities have increased the amount of data generated during acquisitions considerably, requiring fast and efficient data processing techniques. Here, the application of dense neural networks (DNNs) to data treatment of X-ray diffraction computed tomography (XRD-CT) experiments is presented. Processing involves mapping the phases in a tomographic slice by predicting the phase fraction in each individual pixel. DNNs were trained on sets of calculated XRD patterns generated using a Python algorithm developed in-house. An initial Rietveld refinement of the tomographic slice sum pattern provides additional information (peak widths and integrated intensities for each phase) to improve the generation of simulated patterns and make them closer to real data. A grid search was used to optimize the network architecture and demonstrated that a single fully connected dense layer was sufficient to accurately determine phase proportions. This DNN was used on the XRD-CT acquisition of a mock-up and a historical sample of highly heterogeneous multi-layered decoration of a late medieval statue, called `applied brocade'. The phase maps predicted by the DNN were in good agreement with other methods, such as non-negative matrix factorization and serial Rietveld refinements performed with TOPAS , and outperformed them in terms of speed and efficiency. The method was evaluated by regenerating experimental patterns from predictions and using the R -weighted profile as the agreement factor. This assessment allowed us to confirm the accuracy of the results.",2024,2024-05-31,article,en,6,38,True,hybrid,Journal of Applied Crystallography,journal,Victor Poline; Ravi Raj Purohit Purushottam Raj Purohit; P. Bordet; Nils Blanc; Pauline Martinetto,CEA Grenoble; Centre National de la Recherche Scientifique; Commissariat à l'Énergie Atomique et aux Énergies Alternatives; Institut Néel; Institut polytechnique de Grenoble; Université Grenoble Alpes,fr,1,0,X-ray Diffraction in Crystallography; Cultural Heritage Materials Analysis; Nuclear Physics and Applications,Python (programming language); Rietveld refinement; Computer science; Phase (matter); Materials science; Artificial neural network; Synchrotron radiation; Diffraction; Optics; Algorithm; Artificial intelligence; Physics; Quantum mechanics; Operating system,,,neural network,1,fr,v1,2026-08-13
https://openalex.org/W3049763724,https://doi.org/10.5194/isprs-archives-xliii-b2-2020-1347-2020,AUTOMATIC IDENTIFICATION OF ARCHAEOLOGICAL ARTIFACTS ON THE EXCAVATION SITE,"Abstract. Archaeological data is processed to ensure that it can be easily accessed and used. The integration of the documentation into GIS tools is carried out in the post-excavation phase. The final documents are completed on the basis of intermediate documents made on the excavation site. Time during the excavation is precious and any action that takes time is questioned to allow to devote a maximum of resources to the most important tasks. Many tasks are associated with a traditional paper entry. The aim of this study is to experiment with the use of means of automating the management of archaeological documents in order to minimize the repetition of recording acts of different kind. The integration of computer technology in the field is gradually being achieved through the use of tablets, but their use on the excavation site remains a strong constraint. The first task of this automation lies in the possibility of identifying objects of interest during the excavation. In order to make this recognition of archaeological entities possible it is necessary to ask when they are easily identifiable: in the excavation report. The hypothesis formulated here is that excavation reports can be used as a source for creating learning data sets of neural networks dedicated to the recognition of archaeological objects on site. Two important steps in automating the integration of archaeological data are presented here, the extraction of images and their semantics from excavation reports and the learning process of a neural network for the recognition of archaeological entities at the site of their discovery. The extraction of images and the identification of what they contain allows to enrich neural network learning datasets. Tests have been made to validate the ability of such tools to reliably identify particular objects. We chose CNN to test the ability to recognize archaeological objects in an excavation context. It is an image-based network. What is sought here is the ability to recognize an object for a neural network.",2020,2020-08-14,article,en,2,16,True,diamond,"The international archives of the photogrammetry, remote sensing and spatial information sciences/International archives of the photogrammetry, remote sensing and spatial information sciences",journal,Emmanuel Alby; V. Desbiolles; M. Lecocq,Institut National des Sciences Appliquées de Strasbourg,fr,1,0,Image Processing and 3D Reconstruction; 3D Surveying and Cultural Heritage; Archaeological Research and Protection,Excavation; Documentation; Identification (biology); Computer science; Task (project management); Process (computing); Automation; Archaeology; Engineering; History; Programming language; Systems engineering; Biology; Mechanical engineering; Botany,,,neural network,1,fr,v1,2026-08-13
https://openalex.org/W4410719146,https://doi.org/10.1007/978-3-031-81485-3_3,An Examination of Visitors’ Experiential Learning from North African Ethnic Exhibits in Moroccan Museums Using Large Language Model-Based Artificial Intelligence: A Case Study of Berber Cultural Heritage,,2025,2025-01-01,book-chapter,en,4,90,False,closed,World sustainability series,book series,Abdellah Saoualih; Larbi Safaa; Shiwei Shen; Marc Bidan; Myriam Odile Blin,Brussels Management School; Cadi Ayyad University; IMT Atlantique; Laboratoire d'informatique de Nantes Atlantique; Ningbo University; Université Bordeaux Montaigne; Université Paul-Valéry Montpellier,be; cn; fr; ma,4,1,Diverse Aspects of Tourism Research; Religious Tourism and Spaces; Sport and Mega-Event Impacts,Experiential learning; Ethnic group; Cultural heritage; Psychology; Anthropology; Sociology; Geography; Pedagogy; Archaeology,,,artificial intelligence; large language model,2,fr,v1,2026-08-13
https://openalex.org/W4309896670,https://doi.org/10.21203/rs.3.rs-1708875/v1,Multimodal Metadata Assignment for Cultural Heritage Artifacts,"<title>Abstract</title> We develop a multimodal classifier for the cultural heritage domain using a late fusion approach and introduce a novel dataset. The three modalities are Image, Text, and Tabular data. We based the image classifier on a ResNet convolutional neural network architecture and the text classifier on a multilingual transformer architecture (XML-Roberta). Both are trained as multitask classifiers and use the focal loss to handle class imbalance. Tabular data and late fusion are handled by Gradient Tree Boosting. We also show how we leveraged specific data models and taxonomy in a Knowledge Graph to create the dataset and to store classification results. All individual classifiers accurately predict missing propertiesin the digitized silk artifacts, with the multimodal approach providing the best results.",2022,2022-11-24,preprint,en,2,70,True,green,Research Square,repository,Luis Rei; Dunja Mladenić; Mareike Dorozynski; Franz Rottensteiner; Thomas Schleider; Raphaël Troncy; Jorge Sebastián Lozano; Mar Gaitán,EURECOM; Jožef Stefan Institute; Leibniz University Hannover; Universitat de València,de; es; fr; si,4,1,Natural Language Processing Techniques; Topic Modeling; Handwritten Text Recognition Techniques,Computer science; Metadata; Artificial intelligence; Classifier (UML); Convolutional neural network; Boosting (machine learning); Architecture; XML; Transformer; Machine learning; Pattern recognition (psychology); World Wide Web; Visual arts; Quantum mechanics; Art; Voltage; Physics,,,neural network; knowledge graph; convolutional,3,fr,v1,2026-08-13
https://openalex.org/W4386278435,https://doi.org/10.1002/oa.3255,Predictive use of modern reference osteological collections for disentangling the shape of Eurasian equid cheek teeth and metapodials in archaeological material,"Abstract Equids have shaped past Eurasian societies in many ways. This applies in particular to domestic horses, donkeys, and their hybrids. Key to documenting modes of exploitation and cultural trajectories in past societies is the correct taxonomic classification of tooth and bone specimens found in archaeological sites. However, close osteomorphological resemblance of wild and domestic equids and their economically valuable hybrids, that is, mules and hinnies, complicates the identification of intentionally fragmented or naturally damaged archaeological specimens. Here, we apply geometric morphometrics (GM) to mandibular teeth and metapodials, two skeletal elements commonly found in archaeological collections and known for their diagnostic properties using traditional morphometric methods. We registered a statistically representative set of 2D and 3D coordinates on mandibular teeth (P3, P4, M1, and M2) and metapodials of 92 domestic horses ( Equus caballus Linnaeus, 1758), 70 domestic donkeys ( Equus asinus Linnaeus, 1758), 30 hybrids, and 63 Asiatic wild asses ( Equus hemionus Pallas, 1775). Taxonomic classification of these 255 specimens considered both shape and form , applying linear discriminant analysis, k‐nearest neighbors algorithm, and artificial neural networks to seven combinations of taxa. We obtained correct classifications in over 87% and 80%, respectively, of the premolars and molars and in over 93% and 89%, respectively, of the metacarpals and metatarsals. This modern dataset was then used to classify equid specimens from three archaeological sites in the Middle East already analyzed morphologically. Taking into account the past zoogeography of wild equids and the historical distribution of their domesticated descendants and hybrids, the GM approach presented in this study offers the possibility to morphologically classify archaeological equids with far greater certainty than has been the case so far.",2023,2023-08-30,article,en,5,73,True,hybrid,International Journal of Osteoarchaeology,journal,Azadeh Fatemeh Mohaseb; Raphaël Cornette; Michaela I. Zimmermann; Hossein Davoudi; Rémi Berthon; Claude Guintard; Thomas Cucchi; Pauline Hanot; Elmira Mohandesan; Véra Eisenmann; Joris Peters; Marjan Mashkour,"Archéozoologie et Archéobotanique; Bavarian State Collection of Zoology; Centre National de la Recherche Scientifique; Institut de Systématique, Évolution, Biodiversité; LMU Klinikum; Ludwig-Maximilians-Universität München; Muséum national d'Histoire naturelle; Mécanismes Adaptatifs et Evolution; Oniris; University of Tehran; University of Vienna",at; de; fr; ir,4,1,Morphological variations and asymmetry; Genetic and phenotypic traits in livestock; Wildlife Ecology and Conservation,Osteology; Equus; Cheek teeth; Hybrid; Equus asinus; Archaeology; Equidae; Domestication; Taxon; Biology; Morphometrics; Zoology; Ancient DNA; Geography; Donkey; Anatomy; Paleontology; Ecology; Botany; Demography; Population; Sociology,,,neural network,1,fr,v1,2026-08-13
https://openalex.org/W4413358247,https://doi.org/10.1007/978-3-032-02049-9_6,Towards Automating RDF Extraction for Archaeological Knowledge Graphs with LLMs,,2025,2025-08-18,conference-paper,en,2,7,True,green,Lecture notes in computer science,book series,Ali Hariri; Stéphane Jean; Mickaël Baron,Laboratoire d'Informatique et d'Automatique pour les Systèmes; Université de Poitiers; École Nationale Supérieure de Mécanique et d'Aérotechnique,fr,1,0,Semantic Web and Ontologies; Natural Language Processing Techniques; Image Processing and 3D Reconstruction,RDF; Computer science; Extraction (chemistry); Information retrieval; Archaeology; Artificial intelligence; Semantic Web; History; Chemistry; Chromatography,,,knowledge graph,1,fr,v1,2026-08-13
https://openalex.org/W2891367124,https://doi.org/10.1109/icip.2018.8451546,An Interactive Content-Based 3D Shape Retrieval System for on-Site Cultural Heritage Analysis,"In this paper, we analyse the process of designing a Content-Based 3D shape Retrieval (CB3DR) adapted for non-experts. Our CB3DR solution aims at scanning an object on the fly with a low-cost 3D sensor and retrieve similar shapes from a database using the 3D point cloud acquired. Our system should meet the requirements of archaeologists who would like to be able to acquire artefacts without prior expertise in scanning, then query easily from the field knowledge bases for Cultural Heritage, and thus retrieve artefacts (i.e. objects or parts of objects) with similar shape without carrying or even moving the artefact found on the site. This context is definitely a retrieval context rather than a classification one since the found artefact may be unknown. At the era of Deep Learning techniques, we investigate in this paper how to design a system which could benefit from the latest advances in 3D object recognition. We thus design a classic CBR workflow starting with a similarity search step followed by an interactive learning SVM which requires very simple positive-negative annotations from the users to refine the ranking provided by the similarity search. The 3D shapes are first described using data representations. We compare first the “old fashion” hand-crafted 3D descriptors (which do not require to be learnt or trained) with PointNet, one of the most recent 3D object deep representation. We evaluate our retrieval baseline against recent Deep Learning approaches on ModelNet10 and explore the potential of deep representations in our interactive learning framework.",2018,2018-09-07,conference-paper,en,4,32,True,green,,,Lirone Samoun; Thomas Fisichella; Diane Lingrand; Lucas Malleus; Fŕed́eric Precioso,Centre National de la Recherche Scientifique; Observatoire de la Côte d’Azur; Université Côte d'Azur,fr,1,0,Image Processing and 3D Reconstruction; 3D Surveying and Cultural Heritage; 3D Shape Modeling and Analysis,Cultural heritage; Computer science; Information retrieval; Content (measure theory); Archaeology; Geography; Mathematics; Mathematical analysis,,,deep learning,1,fr,v1,2026-08-13
https://openalex.org/W4409037583,https://doi.org/10.7494/csci.2025.26.1.5288,Automatic indexation of Cultural Heritage 3D object,"There has been significant evolution in the fields of 3D digitization thanks to the development of 3D reconstruction and geometry processing. The results of digitization researches have been widely applied in many fields, especially in Cultural Heritage and Archaeology. Reconstruction, characterization and annotation of components forming 3D objects have become an effective tool for research, conservation and promotion of archaeological relics. The aim of this paper is to propose a process of 3D model reconstruction, segmentation and annotation on the basis of a enhanced corresponding 2D dataset. A machine learning method is used for the semantic segmentation of 2D images, thereby label, annotate and reconstruct a 3D model based upon links between distinctive invariant features, orientation of images, and depth map of images.The initial result as a data basis for research, reconstruction and identification of parts in 3D objects is applied in the reconstruction of archaeological relics, object identification, 3D printing, etc. Our work uses the datacollected from the Museum of Cham Sculpture – DaNang and the Myson QuangNam sanctuary in VietNam, to carry out the proposed method.",2025,2025-04-01,article,en,1,0,True,diamond,Computer Science,journal,Mau Le Tien; Khoi Nguyen Tan; Romain Raffin,University of Da Nang; University of Science and Technology; Université de Bourgogne,fr; vn; ye,3,1,Image Processing and 3D Reconstruction; Advanced Image and Video Retrieval Techniques; 3D Shape Modeling and Analysis,Computer science; Indexation; Cultural heritage; Object (grammar); Computer vision; Artificial intelligence; Archaeology; History; Economics; Monetary policy; Monetary economics,,,machine learning,1,fr,v1,2026-08-13
https://openalex.org/W3129921002,https://doi.org/10.1007/978-3-030-68787-8_17,Stone-by-Stone Segmentation for Monitoring Large Historical Monuments Using Deep Neural Networks,,2021,2021-01-01,conference-paper,en,8,28,False,closed,Lecture notes in computer science,book series,Koubouratou Idjaton; Xavier Desquesnes; Sylvie Treuillet; Xavier Brunetaud,"Institut National des Sciences Appliquées Centre Val de Loire; Laboratoire Pluridisciplinaire de Recherche en Ingénierie des Systèmes, Mécanique et Energétique; Laboratoire de Mécanique Gabriel Lamé; Université d'Orléans",fr,1,0,3D Surveying and Cultural Heritage; Conservation Techniques and Studies; Infrastructure Maintenance and Monitoring,Computer science; Segmentation; Thresholding; Cultural heritage; Style (visual arts); The Renaissance; Artificial intelligence; Convolutional neural network; Task (project management); Artificial neural network; Archaeology; Image segmentation; Image (mathematics); Art history; History; Engineering; Systems engineering,,,neural network,1,fr,v1,2026-08-13
https://openalex.org/W2793222099,https://doi.org/10.3390/rs10020225,Detecting Neolithic Burial Mounds from LiDAR-Derived Elevation Data Using a Multi-Scale Approach and Machine Learning Techniques,"Airborne LiDAR technology is widely used in archaeology and over the past decade has emerged as an accurate tool to describe anthropomorphic landforms. Archaeological features are traditionally emphasised on a LiDAR-derived Digital Terrain Model (DTM) using multiple Visualisation Techniques (VTs), and occasionally aided by automated feature detection or classification techniques. Such an approach offers limited results when applied to heterogeneous structures (different sizes, morphologies), which is often the case for archaeological remains that have been altered throughout the ages. This study proposes to overcome these limitations by developing a multi-scale analysis of topographic position combined with supervised machine learning algorithms (Random Forest). Rather than highlighting individual topographic anomalies, the multi-scalar approach allows archaeological features to be examined not only as individual objects, but within their broader spatial context. This innovative and straightforward method provides two levels of results: a composite image of topographic surface structure and a probability map of the presence of archaeological structures. The method was developed to detect and characterise megalithic funeral structures in the region of Carnac, the Bay of Quiberon, and the Gulf of Morbihan (France), which is currently considered for inclusion on the UNESCO World Heritage List. As a result, known archaeological sites have successfully been geo-referenced with a greater accuracy than before (even when located under dense vegetation) and a ground-check confirmed the identification of a previously unknown Neolithic burial mound in the commune of Carnac.",2018,2018-02-01,article,en,111,33,True,gold,Remote Sensing,journal,Alexandre Guyot; Laurence Hubert‐Moy; Thierry Lorho,"Centre National de la Recherche Scientifique; Centre de Recherche en Archéologie, Archéosciences, Histoire; Littoral, Environnement, Télédétection, Géomatique; Université de Rennes",fr,1,0,Archaeological Research and Protection; 3D Surveying and Cultural Heritage; Conservation Techniques and Studies,Digital elevation model; Landform; Lidar; Archaeology; Geology; Scale (ratio); Terrain; Remote sensing; Context (archaeology); Geography; Cartography; Geomorphology,,,machine learning,1,fr,v1,2026-08-13
https://openalex.org/W4293091646,https://doi.org/10.3897/rio.8.e93815,From Green Deal to Cultural Heritage: FAIR Digital Objects and European Common Data Spaces,"This talk outlines a vision for Common European Data Spaces, proposed by the European Commission, where FAIR principles (Wilkinson et al. 2016) and FAIR Digital Objects (FDOs) (De Smedt et al. 2020, Schwardmann 2020) can play a role in bringing together research infrastructures, data aggregators and other stakeholders working with curated objects in museums, herbaria, libraries and archives. The organisations and stakeholders involved represent a wide range of disciplines and data types including biodiversity, ecology, anthropology, archaeology, cultural history, digital storytelling, art conservation, and history of science among others (ICEDIG 2020, Ortolja-Baird and Nyhan 2021). The context and the history of the curated objects also span the natural sciences and cultural heritage domains (Nadim 2021, Weber 2021). Despite this heterogeneity, various common themes in the area of digital curation, open access, and data usage (Tasovac et al. 2020) appear where FDOs and Common European Data Spaces can be a useful venue for supporting the European Strategy for Data. In particular, FDOs, as an abstraction mechanism to structure and describe digital artefacts from a specific domain yet at the same time provide interoperability (De Smedt et al. 2020), can help realise the vision behind a common data space to “bring together relevant data infrastructures and governance frameworks in order to facilitate data pooling and sharing” (European Commission 2022:2). A May 2022 report on the challenges and opportunities of European Common Data Spaces highlights the following points: Open data holders have extensive experience in data publishing, metadata management, data quality, dataset discovery, data federation, as well as tried-and-tested standards (e.g. DCAT) and technologies. There seems to be very little knowledge/technology transfer from the open data community to the data spaces community, which is a missed opportunity. Data space implementations should not reinvent wheels that the open data community has already developed, tested, and used extensively. Whether the data is private, shared, or open, using data from multiple sources requires interoperability at several levels, from identifiers to vocabularies. The question of which data intermediaries will act as neutral agents to ensure interoperability is underexplored in the data space context. Public administrations, building on their experience of publishing open data, are best placed to take on such roles Open data holders have extensive experience in data publishing, metadata management, data quality, dataset discovery, data federation, as well as tried-and-tested standards (e.g. DCAT) and technologies. There seems to be very little knowledge/technology transfer from the open data community to the data spaces community, which is a missed opportunity. Data space implementations should not reinvent wheels that the open data community has already developed, tested, and used extensively. Whether the data is private, shared, or open, using data from multiple sources requires interoperability at several levels, from identifiers to vocabularies. The question of which data intermediaries will act as neutral agents to ensure interoperability is underexplored in the data space context. Public administrations, building on their experience of publishing open data, are best placed to take on such roles Building on previous conversations facilitated by DiSSCo, DARIAH, Europeana, and Archives Portal Europe Foundation, (Europeana Conference 2021, DARIAH Annual Event 2022), this talk will address the above points from the perspective of bringing together the domains of natural history museums, cultural heritage, and digital humanities. Within our collaboration, we have identified several common areas such as data discoverability, linking, and providing contextual information, which align with the goal of FDO implementation. DiSSCo and DARIAH as European infrastructures, on the one hand, and Europeana and Archives Portal as data aggregators, on the other hand, are involved in improving access to data and the researchers' capacity to work with heterogeneous data sources. One of the biggest shared challenges across the diverse workflows in the arts and humanities and natural history domains is that the data curation processes form a natural continuum between a range of different actors working either in cultural heritage institutions or in academia. In reality, these different layers of curation, enrichment and analysis are separated by legal, institutional, infrastructural and even funding silos (as in many countries, these institutions belong to different ministries, and fall under different legislative frameworks). How can this continuum, from a scholarly point of view, be supported within common data space and FDO framework? At the same time, implementing a common data space requires not just interoperability but stewardship and strategy for sharing resources (Keller 2021). The data infrastructure and FAIR related activities explored in our collaboration are of strategic importance to help Europe and the rest of the world deal with important societal issues. Therefore, bringing this collaboration within the context of FDO provides an ideal avenue to explore potential data, policy, and implementation matters, in order to address the two gaps outlined above for Common Data Spaces. Furthermore, the ideas expressed in Common European Data Space for Cultural Heritage (with Europeana as the core stakeholder) and Green Deal Data Spaces need further clarification concerning implementation planning and most importantly, how multiple commons would work together. With DARIAH coming from the humanities and DiSSCo from the natural sciences side, such collaborations and synergy should align with the Common Data Spaces vision. The philosophy and ideas behind data and digital commons are not new (Fuchs 2020, Kashwan et al. 2021). However, it is crucial to contextualise the implementation strategy and benefits within data intensive, multidisciplinary research and FAIR principles. Given that curated objects are informational resources for the researchers, but can also provide contexts, and make visible the relationships between artefacts, people, publications, organisations, provenance, and events, it is important to think of them as much more than just records in a database. Additionally, FDOs as the digital representations of the curated objects have the potential of fostering cross-disciplinary collaborations (such as between biology, history, art or anthropology) and of providing a wider lens for understanding materiality and the role of data (Ribes 2019). As interdisciplinarity and data-driven foci are gaining traction via applications of artificial intelligence and machine learning, it is vital to understand what FDO adoption and implementation can contribute to common data spaces. We believe FDOs can be a successful foundation for Common European Data Spaces because they can can connect multiple commons -- from Green Deal to Cultural Heritage -- in order to drive forward the vision for interdisciplinary collaboration.",2022,2022-08-25,article,en,3,12,True,gold,Research Ideas and Outcomes,journal,Sharif Islam; Andreas Weber; Erzsébet Tóth-Czifra,Digital Research Infrastructure for the Arts and Humanities; Institute for the Humanities and Information Technologies; Naturalis Biodiversity Center; University of Twente,fr; nl; ru,3,1,Research Data Management Practices; Scientific Computing and Data Management; Archaeological Research and Protection,Metadata; Cultural heritage; Digital curation; Linked data; Citizen science; Data sharing; Context (archaeology); Data curation; Interoperability; World Wide Web; Data science; Data governance; Open data; Computer science; Data quality; Semantic Web; Geography; Archaeology; Business; Service (business); Biology; Botany; Pathology; Medicine; Alternative medicine; Marketing,,,artificial intelligence; machine learning,2,fr,v1,2026-08-13
https://openalex.org/W2578556035,https://doi.org/10.63317/4vbvcxnr2p45,Automatic Classification of Tweets for Analyzing Communication Behavior of Museums,"In this paper, we present a study on tweet classification which aims to define the communication behavior of the 103 French museums that participated in 2014 in the Twitter operation: MuseumWeek.The tweets were automatically classified in four communication categories: sharing experience, promoting participation, interacting with the community, and promoting-informing about the institution.Our classification is multi-class.It combines Support Vector Machines and Naive Bayes methods and is supported by a selection of eighteen subtypes of features of four different kinds: metadata information, punctuation marks, tweet-specific and lexical features.It was tested against a corpus of 1,095 tweets manually annotated by two experts in Natural Language Processing and Information Communication and twelve Community Managers of French museums.We obtained an state-of-the-art result of F1-score of 72% by 10-fold crossvalidation.This result is very encouraging since is even better than some state-of-the-art results found in the tweet classification literature.",2016,2016-05-01,conference-paper,en,11,24,True,gold,,,Nicolas Foucault; Antoine Courtin,Institut national d'histoire de l'art; Laboratoire d'Informatique pour la Mécanique et les Sciences de l'Ingénieur; Université Paris-Sud,fr,1,0,Advanced Text Analysis Techniques; Digital Marketing and Social Media; Web Data Mining and Analysis,Punctuation; Computer science; Metadata; Naive Bayes classifier; Support vector machine; Class (philosophy); Selection (genetic algorithm); Artificial intelligence; Natural language processing; State (computer science); World Wide Web; Information retrieval; Algorithm,,,natural language processing,1,fr,v1,2026-08-13
https://openalex.org/W4281690643,,Image Processing for Cultural Heritage Accessibility: Digitizing the Bayeux Tapestry,"This work showcases image processing and computer vision algorithms, in the light of accessibility to cultural heritage artifacts. We emphasize the potential of multimodal 2D image registration and fine-scale 3D-reconstruction techniques, with the aim to ease the work of historians and museum curators, as well as to make artifacts more accessible to the general public or to visually impaired people. This study focuses on the Bayeux Tapestry, a world-famous medieval wool embroidery included in UNESCO's Memory of the World register, and of fundamental importance for both the scientific community and the general public. This exceptional testimony on the society at the eleventh century is both a singular artwork and a historical source on a major event in the history of medieval Europe. Developing state-of-the-art image processing tools for its digitization will ease not only its access, but also its analysis, inspection and reproduction.",2022,2022-06-01,preprint,en,1,0,False,closed,HAL (Le Centre pour la Communication Scientifique Directe),repository,Matthieu Pizenberg; Abderrahim Elmoataz; Yvain Quéau,GREYC,fr,1,0,3D Surveying and Cultural Heritage; Conservation Techniques and Studies,Cultural heritage; Visual arts; Computer graphics (images); Computer science; History; Art; Archaeology,,,computer vision,1,fr,v1,2026-08-13
https://openalex.org/W4200039190,https://doi.org/10.1109/clei53233.2021.9639989,ODROM: Object Detection and Recognition supported by Ontologies and applied to Museums,"In robotics, object detection in images or videos, obtained in real-time from sensors of robots can be used to support the implementation of service robot tasks (e.g., navigation, model its social behavior, recognize objects in a specific domain), usually accomplished in indoor environments. However, traditional deep learning based object detection techniques present limitations in such indoor environments, specifically related to the detection of small objects and the management of high density of multiple objects. Coupled with these limitations, for specific domains (e.g., hospitals, museums), it is important that the robot, apart from detecting objects, extracts and knows information of the targeted objects. Ontologies, as a part of the Semantic Web, are presented as a feasible option to formally represent the information related to the objects of a particular domain. In this context, this work proposes an object detection and recognition process based on a Deep Learning algorithm, object descriptors, and an ontology. ODROM, an Object Detection and Recognition algorithm supported by Ontologies and applied to Museums, is an implementation to validate the proposal. Experiments show that the usage of ontologies is a good way of desambiguating the detection, obtained with a and$\mathbf{mAP}{@}0.5=0.88$and a$\mathbf{mAP}{@}[0.5:0.95]=61\%$.",2021,2021-10-25,conference-paper,en,7,44,True,green,,,Alejandro Tejada-Mesias; Irvin Dongo; Yudith Cardinale; José Díaz-Amado,Simón Bolívar University; Universidad Católica San Pablo; Universidade Federal da Bahia; École Supérieure des Technologies Industrielles Avancées,br; fr; pe; ve,4,1,Advanced Image and Video Retrieval Techniques; Advanced Neural Network Applications; Multimodal Machine Learning Applications,Computer science; Object detection; Object (grammar); Domain (mathematical analysis); Ontology; Artificial intelligence; Context (archaeology); Robot; Cognitive neuroscience of visual object recognition; Information retrieval; Computer vision; Pattern recognition (psychology); Mathematics; Biology; Mathematical analysis; Philosophy; Paleontology; Epistemology,,,deep learning,1,fr,v1,2026-08-13
https://openalex.org/W4395669824,https://doi.org/10.3390/s24092749,GWO-Based Joint Optimization of Millimeter-Wave System and Multilayer Perceptron for Archaeological Application,"Recently, low THz radar-based measurement and classification for archaeology emerged as a new imaging modality. In this paper, we investigate the classification of pottery shards, a key enabler to understand how the agriculture was introduced from the Fertile Crescent to Europe. Our purpose is to jointly design the measuring radar system and the classification neural network, seeking the maximal compactness and the minimal cost, both directly related to the number of sensors. We aim to select the least possible number of sensors and place them adequately, while minimizing the false recognition rate. For this, we propose a novel version of the Binary Grey Wolf Optimizer, designed to reduce the number of sensors, and a Ternary Grey Wolf Optimizer. Together with the Continuous Grey Wolf Optimizer, they yield the CBTGWO (Continuous Binary Ternary Grey Wolf Optimizer). Working with 7 frequencies and starting with 37 sensors, the CBTGWO selects a single sensor and yields a 0-valued false recognition rate. In a single-frequency scenario, starting with 217 sensors, the CBTGWO selects 2 sensors. The false recognition rate is 2%. The acquisition time is 3.2 s, outperforming the GWO and adaptive mixed GWO, which yield 86.4 and 396.6 s.",2024,2024-04-25,article,en,1,44,True,gold,Sensors,journal,Julien Marot; Flora Zidane; Maha El-Abed; Jérôme Lanteri; Jean‐Yves Dauvignac; Claire Migliaccio,"Aix-Marseille Université; Centrale Marseille; Centre National de la Recherche Scientifique; Institut Fresnel; Laboratoire d'Électronique, Antennes et Télécommunications; Université Côte d'Azur",fr,1,0,Terahertz technology and applications; Geophysical Methods and Applications; Image and Object Detection Techniques,Radar; Perceptron; Ternary operation; Binary number; Pattern recognition (psychology); Computer science; Artificial intelligence; Word error rate; Artificial neural network; Data mining; Engineering; Mathematics; Telecommunications; Arithmetic; Programming language,,,neural network,1,fr,v1,2026-08-13
https://openalex.org/W3158835907,https://doi.org/10.1016/j.inffus.2021.09.022,EXplainable Neural-Symbolic Learning (X-NeSyL) methodology to fuse deep learning representations with expert knowledge graphs: The MonuMAI cultural heritage use case,"The latest Deep Learning (DL) models for detection and classification have achieved an unprecedented performance over classical machine learning algorithms. However, DL models are black-box methods hard to debug, interpret, and certify. DL alone cannot provide explanations that can be validated by a non technical audience such as end-users or domain experts. In contrast, symbolic AI systems that convert concepts into rules or symbols – such as knowledge graphs – are easier to explain. However, they present lower generalization and scaling capabilities. A very important challenge is to fuse DL representations with expert knowledge. One way to address this challenge, as well as the performance-explainability trade-off is by leveraging the best of both streams without obviating domain expert knowledge. In this paper, we tackle such problem by considering the symbolic knowledge is expressed in form of a domain expert knowledge graph. We present the eXplainable Neural-symbolic learning (X-NeSyL) methodology, designed to learn both symbolic and deep representations, together with an explainability metric to assess the level of alignment of machine and human expert explanations. The ultimate objective is to fuse DL representations with expert domain knowledge during the learning process so it serves as a sound basis for explainability. In particular, X-NeSyL methodology involves the concrete use of two notions of explanation, both at inference and training time respectively: (1) EXPLANet: Expert-aligned eXplainable Part-based cLAssifier NETwork Architecture, a compositional convolutional neural network that makes use of symbolic representations, and (2) SHAP-Backprop, an explainable AI-informed training procedure that corrects and guides the DL process to align with such symbolic representations in form of knowledge graphs. We showcase X-NeSyL methodology using MonuMAI dataset for monument facade image classification, and demonstrate that with our approach, it is possible to improve explainability at the same time as performance.",2021,2021-10-14,article,en,3,142,True,hybrid,Information Fusion,journal,Natalia Díaz-Rodríguez; A. Lamas; Jules Sanchez; Gianni Franchi; Ivan Donadello; Siham Tabik; David Filliat; Policarpo Cruz; Rosana Montes; Francisco Herrera,Free University of Bozen-Bolzano; Institut national de recherche en sciences et technologies du numérique; Instituto Andaluz de Ciencias de la Tierra; King Abdulaziz University; Universidad de Granada; École Nationale Supérieure de Techniques Avancées,es; fr; it; sa,4,1,Explainable Artificial Intelligence (XAI); Advanced Neural Network Applications; Multimodal Machine Learning Applications,Computer science; Artificial intelligence; Debugging; Domain knowledge; Inference; Machine learning; Deep learning; Expert system; Classifier (UML); Process (computing); Natural language processing; Programming language,,,machine learning; deep learning; neural network; knowledge graph; convolutional,5,fr,v1,2026-08-13
https://openalex.org/W4408362887,https://doi.org/10.1186/s13071-025-06715-0,Capillariid diversity in archaeological material from the New and the Old World: clustering and artificial intelligence approaches,"BACKGROUND: Capillariid nematode eggs have been reported in archaeological material in both the New and the Old World, mainly in Europe and South America. They have been found in various types of samples, as coprolites, sediments from latrines, pits, or burial. Modern parasitological records show that around 300 species of capillariids have been described in all vertebrate taxa, including humans, making it a very diversified group. The main proposal of this work is to characterize and identify capillariid eggs found in archaeological sites from Europe and Brazil. METHODS: A total of 39 samples of archeological sites from Europe, deposited in the paleoparasitological collection of the University Marie & Louis Pasteur, Besançon, France was analyzed. In addition, 80 coprolites from the pre-Colombian archaeological site Gruta do Gentio II, Brazil, deposited in the Paleogenetic Laboratory at Oswaldo Cruz Institute, Oswaldo Cruz Foundation, Rio de Janeiro, were evaluated. Samples were treated according to the protocols of each laboratory and then analyzed under light microscopy. Capillariid eggs were classified according to length, width, plugs, and eggshell sizes, and statistical analysis of the morphometric dataset was performed. Using a reference dataset of specimens provided by both Institutional Collections, three approaches to species identification were applied: discriminant analysis, hierarchical clustering, and artificial intelligence/machine learning. RESULTS: A total of 10 samples from Europe and 4 from Brazil were positive for capillariid eggs, showing 13 different morphotypes. As European samples were mainly collected from latrines and pits, parasite-host information was absent, and consequently, species identification was impaired. In contrast, the availability of host information rendered the identification of capillariid species for the Brazilian coprolites. The new methodology indicates capillariid species identified on various samples, resulting in the presence of Capillaria exigua (Dujardin, 1845) in feline coprolite, Baruscapillaria resecta (Dujardin, 1845) in opossum, and Aonchotheca bovis (Schnyder, 1906) in bovid, in the Brazilian site, while in European sites, Capillaria venusta (Freitas e Mendonça, 1958), Aonchotheca myoxinitelae (Diesing, 1851), Eucoleus madjerdae (Bernard, 1964), and Baruscapillaria spiculata (Freitas, 1933) were found. CONCLUSIONS: The study provides new results by applying innovative methodologies for parasite identification and gaining insights into the past host (human or animal)/parasite relationships.",2025,2025-03-12,article,en,1,45,True,gold,Parasites & Vectors,journal,Victor Hugo Borba; Ludmila Gurjão; Coralie Martin; Benjamin Dufour; Matthieu Le Bailly; Alena Mayo Iñiguez,Centre National de la Recherche Scientifique; Fundação Oswaldo Cruz; Laboratoire Chrono-Environnement; Molécules de Communication et Adaptation des Micro-organismes; Sorbonne Université; Université Marie et Louis Pasteur,br; fr,2,1,Paleopathology and ancient diseases; Parasite Biology and Host Interactions; Mollusks and Parasites Studies,Archaeology; Taxon; Biology; Identification (biology); Entomology; Zoology; Geography; Ecology,,,artificial intelligence; machine learning,2,fr,v1,2026-08-13
https://openalex.org/W4414026901,https://doi.org/10.1002/arp.70006,Artificial Intelligence in Archaeological Geophysics: Testing ChatGPT‐4o on Magnetometer Data From Sapallitepa (Uzbekistan),"ABSTRACT Archaeogeophysical prospection methods have become essential for the preparation and implementation of archaeological projects. This study evaluates the potential of ChatGPT‐4o, a large language model (LLM), to process grid‐based magnetometer data collected near the Late Bronze Age site of Sapallitepa in Uzbekistan (ca. 1600–1200 bce ). The aim was to assess whether natural language interaction could serve as a viable alternative to traditional software pipelines such as Geoplot 4.0. Both approaches—Geoplot and ChatGPT—were used to process the same field dataset, resulting in detailed magnetic anomaly maps that revealed subsurface archaeological features. While Geoplot required expert operation and domain‐specific configuration, ChatGPT processed the data based solely on textual prompts. In this study, ChatGPT‐4o is treated as a natural language interface for applying standard geophysical processing steps. Our findings indicate that ChatGPT, when guided by well‐formulated instructions, can deliver results comparable to those of specialized geophysical software. While domain expertise remains essential for meaningful interpretation, such tools could lower the barrier to entry for archaeological data processing. These results suggest a promising future for integrating AI‐driven methodologies into archaeogeophysical workflows, improving both accessibility and automation in data analysis.",2025,2025-09-04,article,en,1,19,False,closed,Archaeological Prospection,journal,Azamat Zakirov; Ilyas Yanbukhtin; Andreas Stele; Ulugbek Musaev; Jörg W. E. Faßbinder,Conseil international des monuments et des sites; Ludwig-Maximilians-Universität München; Tashkent University of Information Technology,de; fr; uz,3,1,Image Processing and 3D Reconstruction; Archaeological Research and Protection; Forensic Anthropology and Bioarchaeology Studies,Magnetometer; Geophysics; Geology; Archaeology; Remote sensing; Geography; Magnetic field; Physics; Quantum mechanics,,,artificial intelligence; large language model,2,fr,v1,2026-08-13
https://openalex.org/W4412956236,https://doi.org/10.1016/j.ijar.2025.109534,Domain-informed and neural-optimized belief assignments: A framework applied to cultural heritage,"Identifying pigments in Cultural Heritage artifacts is key to uncovering their origin and guiding conservation strategies. Although recent advances in non-invasive imaging have enabled the collection of rich multimodal data, existing methods often fall short in dealing with uncertain, ambiguous, or noisy information. This paper introduces a versatile fusion framework grounded in Belief Function Theory, combining domain-informed evidence modeling with neural optimization. Specifically, we propose a general strategy for assigning mass functions by leveraging expert knowledge encoded in parametric Evidence Mapping Functions, which are further refined through task-specific training using constrained neural networks. When applied to pigment classification, our method demonstrates robustness against source variability and class ambiguity. Experiments conducted on both synthetic and mock-up datasets validate its effectiveness and suggest promising potential for broader applications.",2025,2025-08-05,article,en,1,82,True,hybrid,International Journal of Approximate Reasoning,journal,Sofiane Sid Ali DAIMELLAH; Sylvie Le Hégarat‐Mascle; Clotilde Boust,CentraleSupélec; Centre de recherche et de restauration des musées de France; Institut des Sciences du Vivant Frédéric Joliot; Université Paris-Saclay,fr,1,0,Advanced Image and Video Retrieval Techniques; Domain Adaptation and Few-Shot Learning; Multimodal Machine Learning Applications,Domain (mathematical analysis); Cultural heritage; Computer science; Artificial intelligence; Psychology; Epistemology; History; Mathematics; Philosophy; Archaeology; Mathematical analysis,,,neural network,1,fr,v1,2026-08-13
https://openalex.org/W4417527139,https://doi.org/10.1108/978-1-80592-425-820251013,Smart Technology in Tunisian Tourism Management Through Virtual Spaces Design in Archaeological Sites: Sustainability and Enhancing Visitor Experience,"Abstract Tunisia is a leading tourist destination, renowned for its rich cultural and architectural heritage. This provides architects and space designers with the opportunity to redesign interior spaces that authentically reflect the country’s identity. This chapter focuses on integrating smart technology into the design of tourist facilities, aiming to preserve architectural heritage and enhance the visitor experience. It highlights Tunisia’s architectural diversity, focusing on landmarks such as the Old Medina and Carthage, emphasizing their importance in attracting international tourists. It also discusses the role of technologies like virtual reality and artificial intelligence in creating interactive experiences that deepen visitors’ connection to local culture. The chapter emphasizes the role of space designers in crafting environments that merge traditional elements with modern technology, achieving a balance between aesthetics and functionality. Examples of successful projects that blend heritage with contemporary design are presented, showing how these initiatives enhance the appeal of tourist facilities and support the local economy. The conclusion stresses the importance of sustainability in preserving heritage and highlights the role of designers in enriching tourist experiences through collaboration with local communities. Ultimately, the chapter asserts that digital transformation in interior space design is essential for improving visitor experiences and safeguarding cultural heritage.",2025,2025-11-28,book-chapter,en,1,2,False,closed,,,Wissem Ben Chikha; Léo‐Paul Dana,Dalhousie University; HESAM Université,ca; fr,2,1,Cultural Heritage Management and Preservation; 3D Surveying and Cultural Heritage; Architecture and Cultural Influences,Visitor pattern; Tourism; Architectural engineering; Sustainability; Safeguarding; Cultural heritage; Engineering; Appeal; Architecture; Space (punctuation); Merge (version control); Industrial heritage; Emerging technologies; Sustainable design; Co-creation; Virtual reality; Cultural heritage management; Agency (philosophy); Placemaking; Sociology; Cultural tourism,,,artificial intelligence,1,fr,v1,2026-08-13
https://openalex.org/W4401333128,https://doi.org/10.1007/978-3-031-62963-1_30,Evaluation of Annotation Ambiguity in Common Supervised Machine Learning Classification Approaches for Cultural Heritage,,2024,2024-01-01,book-chapter,en,1,8,False,closed,"Digital innovations in architecture, engineering and construction",journal,Valeria Croce; Valeria Cera,Arts et Métiers; HESAM Université; Laboratoire d’Ingénierie des Systèmes Physiques et Numériques; University of Naples Federico II,fr; it,2,1,3D Surveying and Cultural Heritage; Image Processing and 3D Reconstruction; Conservation Techniques and Studies,Ambiguity; Annotation; Artificial intelligence; Computer science; Cultural heritage; Machine learning; Natural language processing; Geography; Archaeology; Programming language,,,machine learning,1,fr,v1,2026-08-13
https://openalex.org/W4221025151,https://doi.org/10.1145/3485844,Learning and Reasoning for Cultural Metadata Quality: Coupling Symbolic AI and Machine Learning over a Semantic Web Knowledge Graph to Support Museum Curators in Improving the Quality of Cultural Metadata and Information Retrieval,"This work combines semantic reasoning and machine learning to create tools that allow curators of the visual art collections to identify and correct the annotations of the artwork as well as to improve the relevance of the content-based search results in these collections. The research is based on the Joconde database maintained by the French Ministry of Culture that contains illustrated artwork records from main French public and private museums representing archeological objects, decorative arts, fine arts, historical and scientific documents, etc. The Joconde database includes semantic metadata that describes properties of the artworks and their content. The developed methods create a data pipeline that processes metadata, trains a Convolutional Neural Network image classification model, makes prediction for the entire collection and expands the metadata to be the base for the SPARQL search queries. We developed a set of such queries to identify noise and silence in the human annotations and to search image content with results ranked according to the relevance of the objects quantified by the prediction score provided by the deep learning model. We also developed methods to discover new contextual relationships between the concepts in the metadata by analyzing the contrast between the concepts’ similarities in the Joconde's semantic model and other vocabularies and we tried to improve the model prediction scores based on the semantic relations. Our results show that cross-fertilization between symbolic AI and machine learning can indeed provide the tools to address the challenges of the museum curators work describing the artwork pieces and searching for the relevant images.",2022,2022-03-07,article,en,22,48,False,closed,Journal on Computing and Cultural Heritage,journal,Anna Bobasheva; Fabien Gandon; Fŕed́eric Precioso,Centre National de la Recherche Scientifique; Institut national de recherche en sciences et technologies du numérique; Université Côte d'Azur,fr,1,0,Image Retrieval and Classification Techniques; Advanced Image and Video Retrieval Techniques; Aesthetic Perception and Analysis,Metadata; Computer science; Information retrieval; Image retrieval; Cultural heritage; Relevance (law); World Wide Web; Artificial intelligence; Law; History; Political science; Image (mathematics); Archaeology,,,machine learning; deep learning; neural network; knowledge graph; convolutional,5,fr,v1,2026-08-13
https://openalex.org/W2773340612,https://doi.org/10.1109/roman.2017.8172381,Readability of the gaze and expressions of a robot museum visitor: Impact of the low level sensory-motor control,"In this paper we propose a neural network allowing a mobile robot to learn artwork appreciation. The learning is based on the social referencing approach. The robot acquires its knowledge (artificial taste) from the interaction with humans. We present and analyze specifically the visual system, its impact on the robot behavior, and at the end, we analyze the readability of our robot behavior according to visitors comments. We show that the low level spatial competition between the values associated to areas of interest in the image are important for the coherence of the robot's object evaluation and the readability of its behavior.",2017,2017-08-01,conference-paper,en,8,15,True,green,,,Aliaa Moualla; Ali Karaouzene; Sofiane Boucenna; Denis Vidal; Philippe Gaussier,CY Cergy Paris Université; Equipes Traitement de l'Information et Systèmes; Institut de Recherche pour le Développement; Physiopathologie et pharmacologie de la douleur et de la migraine; Unite de recherche migrations et sociétés; Université Paris Cité; École Nationale Supérieure de l'Électronique et de ses Applications,fr,1,0,Visual Attention and Saliency Detection; Multimodal Machine Learning Applications; Human Pose and Action Recognition,Readability; Computer science; Social robot; Robot; Human–computer interaction; Gaze; Artificial intelligence; Mobile robot; Eye tracking; Robot control; Computer vision; Programming language,,,neural network,1,fr,v1,2026-08-13
https://openalex.org/W3128185159,https://doi.org/10.5334/jcaa.64,Combined Detection and Segmentation of Archeological Structures from LiDAR Data Using a Deep Learning Approach,"Until recently, archeological prospection using LiDAR data was based mainly on expert-based and time-consuming visual analyses. Currently, deep learning convolutional neural networks (deep CNN) are showing potential for automatic detection of objects in many fields of application, including cultural heritage. However, these computer-vision based algorithms remain strongly restricted by the large number of samples required to train models and the need to define target classes before using the models. Moreover, the methods used to date for archaeological prospection are limited to detecting objects and cannot (semi-)automatically characterize the structures of interest. In this study, we assess the contribution of deep learning methods for detecting and characterizing archeological structures by performing object segmentation using a deep CNN approach with transfer learning. The approach was applied to a terrain visualization image derived from airborne LiDAR data within a 200 km<sup>2</sup> area in Brittany, France. Our study reveals that the approach can accurately (semi-)automatically detect, delineate, and characterize topographic anomalies, and thus provides an effective tool to inventory many archaeological structures. These results provide new perspectives for large-scale archaeological mapping.",2021,2021-02-03,article,en,54,49,True,gold,Journal of Computer Applications in Archaeology,journal,Alexandre Guyot; Marc Lennon; Thierry Lorho; Laurence Hubert‐Moy,"Centre de Recherche en Archéologie, Archéosciences, Histoire; Hytech (Czechia); Littoral, Environnement, Télédétection, Géomatique; Services déconcentrés d'appui à la recherche Val de Loire; Université Rennes 2",cz; fr,2,1,Archaeological Research and Protection; 3D Surveying and Cultural Heritage; Conservation Techniques and Studies,Lidar; Deep learning; Prospection; Artificial intelligence; Convolutional neural network; Computer science; Segmentation; Terrain; Visualization; Object detection; Transfer of learning; Archaeology; Remote sensing; Geology; Cartography; Geography,,,deep learning; neural network; convolutional,3,fr,v1,2026-08-13
https://openalex.org/W4414781670,https://doi.org/10.1007/978-3-662-72243-5_20,Preserving the World Heritage: Post-earthquake Monitoring Based on Structural Break Testing with Deep Temporal Convolutional Features,,2025,2025-10-03,conference-paper,en,1,24,False,closed,Lecture notes in computer science,book series,F. Dente; Andy Combey; Alix Lhéritier; Rodrigo Acuña-Agost; Diego Mercerat,Centre National de la Recherche Scientifique; EURECOM; Fondation Sophia Antipolis; Institut de Recherche pour le Développement; Observatoire de la Côte d’Azur,fr,1,0,Structural Health Monitoring Techniques; 3D Surveying and Cultural Heritage; Seismic Waves and Analysis,Computer science; Convolutional neural network; Artificial intelligence; Deep learning; Warning system; Key (lock); Vulnerability (computing); Machine learning; Duration (music); Support vector machine; Event (particle physics); Ridge; Variation (astronomy); Natural disaster; Pattern recognition (psychology); Masonry; Natural (archaeology); Artificial neural network; Feature extraction; Early warning system; Feature (linguistics); Feature engineering,,,convolutional,1,fr,v1,2026-08-13
https://openalex.org/W2903594700,https://doi.org/10.1515/pjbr-2018-0025,Is it useful for a robot to visit a museum?,"Abstract In this work, we study how learning in a special environment such as a museum can influence the behavior of robots. More specifically, we show that online learning based on interaction with people at a museum leads the robots to develop individual preferences. We first developed a humanoid robot (Berenson) that has the ability to head toward its preferred object and to make a facial expression that corresponds to its attitude toward said object. The robot is programmed with a biologically-inspired neural network sensory-motor architecture. This architecture allows Berenson to learn and to evaluate objects. During experiments, museum visitors’ emotional responses to artworks were recorded and used to build a database for training. A similar database was created in the laboratory with laboratory objects. We use those databases to train two simulated populations of robots. Each simulated robot emulates the Berenson sensory-motor architecture. Firstly, the results show the good performance of our architecture in artwork recognition in the museum. Secondly, they demonstrate the effect of training variability on preference diversity. The response of the two populations in a new unknown environment is different; the museum population of robots shows a greater variance in preferences than the population of robots that have been trained only on laboratory objects. The obtained diversity increases the chances of success in an unknown environment and could favor an accidental discovery.",2018,2018-12-01,article,en,2,27,True,gold,Paladyn Journal of Behavioral Robotics,journal,Aliaa Moualla; Sofiane Boucenna; Ali Karaouzene; Denis Vidal; Philippe Gaussier,CY Cergy Paris Université; Centre National de la Recherche Scientifique; Délégation Paris 7; Equipes Traitement de l'Information et Systèmes; Institut de Recherche pour le Développement; Université Paris Cité; École Nationale Supérieure de l'Électronique et de ses Applications; École des hautes études en sciences sociales,fr,1,0,Domain Adaptation and Few-Shot Learning; Neural dynamics and brain function; Reinforcement Learning in Robotics,Robot; Humanoid robot; Computer science; Artificial intelligence; Human–computer interaction; Object (grammar); Population; Architecture; Preference; Visual arts; Art; Microeconomics; Demography; Economics; Sociology,,,neural network,1,fr,v1,2026-08-13
https://openalex.org/W3199480048,https://doi.org/10.1007/978-3-030-78733-2_13,"TRACES—In 2030, Artificial Intelligences Will Visit Museums?","Abstract Within the SISCODE project, the science and society association TRACES , based in Paris, addresses the issue of making algorithms and artificial intelligence intelligible to their users. The project intends to raise awareness of algorithmic decision making in the citizen’s daily life through co-creation activities involving research, education, civic right organisations and policymaking. Within general cultural activities in an art-science, provocative approach, the issue has been addressed through an inversion of perspective, by analysing people’s relationship with AI when considering them as the target group of cultural productions.",2021,2021-09-16,book-chapter,en,1,3,True,hybrid,Springer series in design and innovation,book series,Matteo Merzagora; Aude Ghilbert; Axel Meunier,"Centre National de la Recherche Scientifique; Traces; Travaux et Recherches Archéologiques sur les Cultures, les Espaces et les Sociétés",fr,1,0,Museums and Cultural Heritage,Perspective (graphical); Sociology; Computer science; Political science; Engineering ethics; Artificial intelligence; Engineering,,,artificial intelligence,1,fr,v1,2026-08-13
https://openalex.org/W4378907710,https://doi.org/10.1016/j.jas.2023.105777,Accelerating the discovery of new Nasca geoglyphs using deep learning,"We discuss an archaeological research of employing deep learning (DL) based object detection on high-resolution aerial photographs to discover Nasca geoglyphs, which have been designated as a UNESCO World Heritage Site. Owing to extremely limited archaeological ground truth data and their differences in scale and design, it is difficult to detect new geoglyphs merely training DL on the known geoglyphs. Therefore, we developed a pipeline of DL to mine such data and address the challenges unique to archaeology. With this approach, we identified four new geoglyphs in the northern area of the Nasca Pampa, namely: a humanoid, a pair of legs, a fish, and a bird. The geoglyphs got verified through on-site surveys. We could identify new geoglyph's candidates approximately 21 times faster than with the naked eye alone. The approach would be beneficial for the future of archaeology in a new paradigm of combining field survey and AI.",2023,2023-05-31,article,en,7,38,True,hybrid,Journal of Archaeological Science,journal,Masato Sakai; Yiru Lai; Jorge Olano Canales; Masao Hayashi; Kohhei Nomura,Archéologie des Amériques; IBM Research - Tokyo; Université Paris 1 Panthéon-Sorbonne; Yamagata University,fr; jp,2,1,Archaeological Research and Protection; Archaeology and ancient environmental studies; Forensic Anthropology and Bioarchaeology Studies,Archaeology; Pipeline (software); Ground truth; Deep learning; Object (grammar); Field (mathematics); World heritage; Computer science; Artificial intelligence; Geology; Geography; Mathematics; Pure mathematics; Programming language; Tourism,,,deep learning,1,fr,v1,2026-08-13
https://openalex.org/W4410204055,https://doi.org/10.1109/thms.2025.3562438,Infrastructure-Free Indoor Localization for Cultural Heritage Sites,"Indoor positioning systems are crucial for preserving and promoting cultural heritage sites by providing visitors with accurate location information and real-time exhibit details. These systems also offer valuable insights into visitor behavior for museums and cultural institutions to optimize their offerings and enhance the overall visitor experience. Their importance lies in driving engagement, fostering deeper connections with visitors, and providing data for future decision-making. This study proposes a magnetic field-based pedestrian localization algorithm as a solution to the challenge of providing accurate location information for visitors in indoor environments during virtual tours. The proposed approach uses magnetic field sequences to identify unique landmarks and a deep neural network (VGG-16) to analyze magnetic signal features and determine the visitor's location based on the nearest landmark. The study's results indicate that this magnetic field-based approach can be reliable for providing location information in indoor environments.",2025,2025-05-08,article,en,0,26,False,closed,IEEE Transactions on Human-Machine Systems,journal,Mohamed Amin Benatia; Souleyman Sahnoun; Mourad Messaadia,Atos (France); University of Bahrain; École Supérieure d'Ingénieurs en Génie Électrique,bh; fr,2,1,Indoor and Outdoor Localization Technologies; Robotics and Sensor-Based Localization; 3D Surveying and Cultural Heritage,Cultural heritage; Environmental planning; Geography; Architectural engineering; Archaeology; Engineering,,,neural network,1,fr,v1,2026-08-13
https://openalex.org/W4321789561,https://doi.org/10.3390/s23052497,H-BIM and Artificial Intelligence: Classification of Architectural Heritage for Semi-Automatic Scan-to-BIM Reconstruction,"We propose a semi-automatic Scan-to-BIM reconstruction approach, making the most of Artificial Intelligence (AI) techniques, for the classification of digital architectural heritage data. Nowadays, Heritage- or Historic-Building Information Modeling (H-BIM) reconstruction from laser scanning or photogrammetric surveys is a manual, time-consuming, overly subjective process, but the emergence of AI techniques, applied to the realm of existing architectural heritage, is offering new ways to interpret, process and elaborate raw digital surveying data, as point clouds. The proposed methodological approach for higher-level automation in Scan-to-BIM reconstruction is threaded as follows: (i) semantic segmentation via Random Forest and import of annotated data in 3D modeling environment, broken down class by class; (ii) reconstruction of template geometries of classes of architectural elements; (iii) propagation of template reconstructed geometries to all elements belonging to a typological class. Visual Programming Languages (VPLs) and reference to architectural treatises are leveraged for the Scan-to-BIM reconstruction. The approach is tested on several significant heritage sites in the Tuscan territory, including charterhouses and museums. The results suggest the replicability of the approach to other case studies, built in different periods, with different construction techniques or under different states of conservation.",2023,2023-02-23,article,en,94,80,True,gold,Sensors,journal,Valeria Croce; Gabriella Caroti; Andrea Piemonte; Livio De Luca; P. Véron,Arts et Métiers; Centre National de la Recherche Scientifique; Délégation Provence et Corse; Laboratoire d’Ingénierie des Systèmes Physiques et Numériques; University of Pisa,fr; it,2,1,3D Surveying and Cultural Heritage; Archaeological Research and Protection; Remote Sensing and LiDAR Applications,Building information modeling; Point cloud; Cultural heritage; Class (philosophy); Computer science; Artificial intelligence; Process (computing); Segmentation; Sphinx; Engineering drawing; Architectural engineering; Engineering; Archaeology; Geography; Programming language; Chemical engineering; Compatibility (geochemistry),,,artificial intelligence,1,fr,v1,2026-08-13
https://openalex.org/W4411235995,https://doi.org/10.1145/3708319.3733686,BIRD: A Museum Open Dataset Combining Behavior Patterns and Identity Types to Better Model Visitors' Experience,"Lack of data is a recurring problem in Artificial Intelligence, as it is essential for training and validating models.This is particularly true in the field of cultural heritage, where the number of open datasets is relatively limited and where the data collected does not always allow for holistic modeling of visitors' experience due to the fact that data are ad hoc (i.e.restricted to the sole characteristics required for the evaluation of a specific model).To overcome this lack, we conducted a study between February and March 2019 aimed at obtaining comprehensive and detailed information about visitors, their visit experience and their feedback.We equipped 51 participants with eye-tracking glasses, leaving them free to explore the 3 floors of the museum for an average of 57 minutes, and to discover an exhibition of more than 400 artworks.On this basis, we built an open dataset combining contextual data (demographic data, preferences, visiting habits, motivations, social context. . .), behavioral data (spatiotemporal trajectories, gaze data) and feedback (satisfaction, fatigue, liked artworks, verbatim. . .).Our analysis made it possible to re-enact visitor identities combining the majority of characteristics found in the literature [3, 8-10, 16, 19] and to reproduce the Veron and Levasseur profiles [17].This dataset will ultimately make it possible to improve the quality of recommended paths in museums by personalizing the number of points of interest (POIs), the time spent at these different POIs, and the amount of information to be provided to each visitor based on their level of interest.",2025,2025-06-12,conference-paper,en,1,15,True,gold,,,Worm Alexanne; Florian Marchal; Sylvain Castagnos,Centre National de la Recherche Scientifique; Laboratoire Lorrain de Recherche en Informatique et ses Applications; Université de Lorraine,fr,1,0,Museums and Cultural Heritage; Aesthetic Perception and Analysis; Innovative Human-Technology Interaction,Computer science; Identity (music); Artificial intelligence; Art; Aesthetics,,,artificial intelligence,1,fr,v1,2026-08-13
https://openalex.org/W3191468734,https://doi.org/10.29311/mas.v19i2.3638,Radical Intangibles: Materializing the Ephemeral,"New materialism considers that the world and its histories are produced by a range of material forces that extend from the physical and the biological to the psychological, social and cultural. In recognizing that heritage is not held in objects alone, new materialism discourses echo definitions of intangible cultural heritage (ICH) enshrined in the 2003 UNESCO Convention for the Safeguarding of the Intangible Cultural Heritage. While museums understand the weight of responsibility when engaging with communities of practice, many still restrict the representation of archived ICH material to oral histories, object biographies, video and audio recordings of songs and performing arts. The technical complexities of archiving the ‘live’ perpetuate nineteenth-century museum display conventions, such as fixed-point perspectives and linear approaches to representation. To address this gap, we introduce ‘computational museology’, which brings a systems thinking approach to 'whole of environment' encoding. Such a framework unites, for instance, artificial intelligence with data curation, and ontology with visualization, as well as embodied participation through immersive and interactive interfaces. The implications of such a framework has yet to be fully theorized but it is evident that a new paradigm of materiality comprising ‘radical intangibles’ is taking shape in museums, which signals a break with both Western historiographic orthodoxies and hypothetical paradigms of tangible and intangible heritage. This article foregrounds the emergence of radical intangibles as crucial new digital materialities that are transforming reenacted and embodied practices, which we demonstrate in the discussion of two longitudinal curatorial projects based in China and Hong Kong: the first, 'Hong Kong Martial Arts Living Archive' (HKMALA) in collaboration with the International Goushou Association in Hong Kong, and the second, ‘Remaking Confucian Rites’ (RCR), undertaken in conjunction with Tsinghua University in Beijing. Both of these projects are significant for having taken up ‘technologies of corporeality’ – digital paradigms at the forefront of computer graphics, spatial and temporal modelling, and virtual reality. The powerful tools being developed across the two instances have begun to revolutionize ICH as a practice, a mode of transmission, and an object of study.",2021,2021-07-30,article,en,13,112,True,diamond,Museum and Society,journal,Sarah Kenderdine; Lily Hibberd; Jeffrey Shaw,City University of Hong Kong; Université Paris Cité; École Polytechnique Fédérale de Lausanne,ch; fr; hk,3,1,Museums and Cultural Heritage; Cultural Heritage Management and Preservation; 3D Surveying and Cultural Heritage,Materiality (auditing); Materialism; Intangible cultural heritage; Museology; Cultural heritage; Embodied cognition; Sociology; Aesthetics; The arts; Visual arts; History; Media studies; Epistemology; Art; Archaeology; Philosophy,,,artificial intelligence,1,fr,v1,2026-08-13
https://openalex.org/W2920372440,https://doi.org/10.1177/0309133318825284,From features to fingerprints: A general diagnostic framework for anthropogenic geomorphology,"Human societies have been reshaping the geomorphology of landscapes for thousands of years, producing anthropogenic geomorphic features ranging from earthworks and reservoirs to settlements, roads, canals, ditches and plough furrows that have distinct characteristics compared with landforms produced by natural processes. Physical geographers have long recognized the widespread importance of these features in altering landforms and geomorphic processes, including hydrologic flows and stores, to processes of soil erosion and deposition. In many of the same landscapes, archaeologists have also utilized anthropogenic geomorphic features to detect and analyse human societal activities, including symbolic formations, agricultural systems, settlement patterns and trade networks. This paper provides a general framework aimed at integrating geophysical and archaeological approaches to observing, identifying and interpreting the full range of anthropogenic geomorphic features based on their structure and functioning, both individually and as components of landscape-scale management strategies by different societies, or “sociocultural fingerprints”. We then couple this framework with new algorithms developed to detect anthropogenic geomorphic features using precisely detailed three-dimensional reconstructions of landscape surface structure derived from LiDAR and computer vision photogrammetry. Human societies are now transforming the geomorphology of landscapes at increasing rates and scales across the globe. To understand the causes and consequences of these transformations and contribute to building sustainable futures, the science of physical geography must advance towards empirical and theoretical frameworks that integrate the natural and sociocultural forces that are now the main shapers of Earth’s surface processes.",2019,2019-02-01,article,en,119,254,True,bronze,Progress in Physical Geography Earth and Environment,journal,Paolo Tarolli; Wenfang Cao; Giulia Sofia; Damian Evans; Erle C. Ellis,"University of Connecticut; University of Maryland, Baltimore County; University of Padua; École Française d'Extrême-Orient",fr; it; us,3,1,Archaeological Research and Protection; 3D Surveying and Cultural Heritage; Remote Sensing and LiDAR Applications,Landform; Human settlement; Natural (archaeology); Beach morphodynamics; Photogrammetry; Geography; Sociocultural evolution; Environmental resource management; Coastal geography; Earth science; Geology; Physical geography; Remote sensing; Geomorphology; Archaeology; Environmental science; Sediment transport; Shore; Sediment; Anthropology; Sociology; Oceanography,,,computer vision,1,fr,v1,2026-08-13
https://openalex.org/W2998875450,https://doi.org/10.1109/tip.2019.2963378,Deepzzle: Solving Visual Jigsaw Puzzles With Deep Learning and Shortest Path Optimization,"We tackle the image reassembly problem with wide space between the fragments, in such a way that the patterns and colors continuity is mostly unusable. The spacing emulates the erosion of which the archaeological fragments suffer. We crop-square the fragments borders to compel our algorithm to learn from the content of the fragments. We also complicate the image reassembly by removing fragments and adding pieces from other sources. We use a two-step method to obtain the reassemblies: 1) a neural network predicts the positions of the fragments despite the gaps between them; 2) a graph that leads to the best reassemblies is made from these predictions. In this paper, we notably investigate the effect of branch-cut in the graph of reassemblies. We also provide a comparison with the literature, solve complex images reassemblies, explore at length the dataset, and propose a new metric that suits its specificities.",2020,2020-01-01,article,en,68,34,True,green,IEEE Transactions on Image Processing,journal,Marie-Morgane Paumard; David Picard; Hedi Tabia,"CY Cergy Paris Université; Centre National de la Recherche Scientifique; Equipes Traitement de l'Information et Systèmes; Informatique, BioInformatique, Systèmes Complexes; Laboratoire d'Informatique Gaspard-Monge; Université Gustave Eiffel; Université Paris-Saclay; Université Paris-Seine; Université d'Évry Val-d'Essonne; École nationale des ponts et chaussées",fr,1,0,Image Processing and 3D Reconstruction; Archaeological Research and Protection; 3D Surveying and Cultural Heritage,Jigsaw; Computer science; Shortest path problem; Artificial intelligence; Deep learning; Artificial neural network; Graph; Algorithm; Pattern recognition (psychology); Theoretical computer science; Mathematics; Mathematics education,,,deep learning; neural network,2,fr,v1,2026-08-13
https://openalex.org/W2750307898,https://doi.org/10.1145/3095713.3095730,Connoisseur,"The automatic description of multimedia content was mainly developed for classification tasks, retrieval systems and massive ordering of data. Preservation of cultural heritage is a field of high importance for application to this method. Our problem is classification of architectural styles of buildings in digital photographs of Mexican cultural heritage. The selection of relevant content in the scene for training classification models allows them to be more precise in the classification task. Here we use a saliency-driven approach to predict visual attention in images and use it to train a Convolutional Neural Network to identify the architectural style of Mexican buildings. Also, we present an analysis of the behavior of the models trained under the traditional cropped image and the prominence maps. In this sense, we show that the performance of the saliency-based CNNs is better than the traditional training reaching a classification rate of 97% in validation dataset. It is considered that style identification with this technique can make a wide contribution in video description tasks, specifically in the automatic documentation of Mexican cultural heritage.",2017,2017-06-19,conference-paper,en,33,18,False,closed,,,Abraham Montoya Obeso; Mireya Saraí García Vázquez; Alejandro Acosta; Jenny Benois‐Pineau,Instituto Politécnico Nacional; Mira Dx (United States); Université de Bordeaux,fr; mx; us,3,1,Advanced Image and Video Retrieval Techniques; Video Surveillance and Tracking Methods; Advanced Vision and Imaging,Computer science; Cultural heritage; Convolutional neural network; Field (mathematics); Artificial intelligence; Identification (biology); Task (project management); Documentation; Selection (genetic algorithm); Style (visual arts); Deep learning; Feature extraction; Contextual image classification; Artificial neural network; Image (mathematics); Botany; Economics; Management; Biology; Programming language; Mathematics; History; Archaeology; Pure mathematics,,,neural network; convolutional,2,fr,v1,2026-08-13
https://openalex.org/W3157582428,https://doi.org/10.1126/sciadv.abf8441,Diachronic modeling of the population within the medieval Greater Angkor Region settlement complex,"Angkor is one of the world's largest premodern settlement complexes (9th to 15th centuries CE), but to date, no comprehensive demographic study has been completed, and key aspects of its population and demographic history remain unknown. Here, we combine lidar, archaeological excavation data, radiocarbon dates, and machine learning algorithms to create maps that model the development of the city and its population growth through time. We conclude that the Greater Angkor Region was home to approximately 700,000 to 900,000 inhabitants at its apogee in the 13th century CE. This granular, diachronic, paleodemographic model of the Angkor complex can be applied to any ancient civilization.",2021,2021-05-07,article,en,34,77,True,gold,Science Advances,journal,Sarah Klassen; Alison Carter; Damian Evans; Scott G. Ortman; Miriam T. Stark; Alyssa Loyless; Martin Polkinghorne; Piphal Heng; M. N. Hill; Pelle Wijker; Jonathan Niles‐Weed; Gary P. Marriner; Christophe Pottier; Roland Fletcher,Bush Heritage Australia; Courant Institute of Mathematical Sciences; Film Independent; Flinders University; Leiden University; Northern Illinois University; Palo Alto University; The University of Sydney; University of Applied Sciences Leiden; University of British Columbia; University of Colorado Boulder; University of Hawaiʻi at Mānoa; University of Oregon; École Française d'Extrême-Orient,au; ca; fr; nl; us,5,1,Archaeological Research and Protection; Archaeology and ancient environmental studies; Image Processing and 3D Reconstruction,Settlement (finance); Archaeology; Geography; Population; Ancient history; History; Demography; Sociology; World Wide Web; Computer science; Payment,,,machine learning,1,fr,v1,2026-08-13
https://openalex.org/W3054923689,https://doi.org/10.1101/2020.08.20.259176,Deep learning for species identification of modern and fossil rodent molars,"Abstract Reliable identification of species is a key step to assess biodiversity. In fossil and archaeological contexts, genetic identifications remain often difficult or even impossible and morphological criteria are the only window on past biodiversity. Methods of numerical taxonomy based on geometric morphometric provide reliable identifications at the specific and even intraspecific levels, but they remain relatively time consuming and require expertise on the group under study. Here, we explore an alternative based on computer vision and machine learning. The identification of three rodent species based on pictures of their molar tooth row constituted the case study. We focused on the first upper molar in order to transfer the model elaborated on modern, genetically identified specimens to isolated fossil teeth. A pipeline based on deep neural network automatically cropped the first molar from the pictures, and returned a prediction regarding species identification. The deep-learning approach performed equally good as geometric morphometrics and, provided an extensive reference dataset including fossil teeth, it was able to successfully identify teeth from an archaeological deposit that was not included in the training dataset. This is a proof-of-concept that such methods could allow fast and reliable identification of extensive amounts of fossil remains, often left unstudied in archaeological deposits for lack of time and expertise. Deep-learning methods may thus allow new insights on the biodiversity dynamics across the last 10.000 years, including the role of humans in extinction or recent evolution.",2020,2020-08-21,preprint,en,20,90,True,green,bioRxiv (Cold Spring Harbor Laboratory),repository,Vincent Mièle; Gaspard Dussert; Thomas Cucchi; Sabrina Renaud,Archéozoologie et Archéobotanique; Centre National de la Recherche Scientifique; Laboratoire de Biométrie et Biologie Evolutive; Lyon 1 Université,fr,1,0,Morphological variations and asymmetry; Wildlife Ecology and Conservation; Forensic Anthropology and Bioarchaeology Studies,Biodiversity; Identification (biology); Morphometrics; Artificial intelligence; Computer science; Biology; Paleontology; Archaeology; Evolutionary biology; Geography; Ecology,,,machine learning; deep learning; neural network; computer vision,4,fr,v1,2026-08-13
https://openalex.org/W4214677867,https://doi.org/10.5194/isprs-archives-xlvi-2-w1-2022-429-2022,AN IMAGE-BASED DEEP LEARNING WORKFLOW FOR 3D HERITAGE POINT CLOUD SEMANTIC SEGMENTATION,"Abstract. The interest in high-resolution semantic 3D models of historical buildings continuously increased during the last decade, thanks to their utility in protection, conservation and restoration of cultural heritage sites. The current generation of surveying tools allows the quick collection of large and detailed amount of data: such data ensure accurate spatial representations of the buildings, but their employment in the creation of informative semantic 3D models is still a challenging task, and it currently still requires manual time-consuming intervention by expert operators. Hence, increasing the level of automation, for instance developing an automatic semantic segmentation procedure enabling machine scene understanding and comprehension, can represent a dramatic improvement in the overall processing procedure. In accordance with this observation, this paper aims at presenting a new workflow for the automatic semantic segmentation of 3D point clouds based on a multi-view approach. Two steps compose this workflow: first, neural network-based semantic segmentation is performed on building images. Then, image labelling is back-projected, through the use of masked images, on the 3D space by exploiting photogrammetry and dense image matching principles. The obtained results are quite promising, with a good performance in the image segmentation, and a remarkable potential in the 3D reconstruction procedure.",2022,2022-02-25,article,en,23,15,True,diamond,"The international archives of the photogrammetry, remote sensing and spatial information sciences/International archives of the photogrammetry, remote sensing and spatial information sciences",journal,Eugenio Pellis; Arnadi Murtiyoso; Andrea Masiero; Grazia Tucci; Michele Betti; Pierre Grussenmeyer,Centre National de la Recherche Scientifique; ETH Zurich; Institut National des Sciences Appliquées de Strasbourg; University of Florence; Université de Strasbourg,ch; fr; it,3,1,3D Surveying and Cultural Heritage; Remote Sensing and LiDAR Applications; Advanced Neural Network Applications,Computer science; Workflow; Point cloud; Segmentation; Artificial intelligence; Automation; Photogrammetry; Semantics (computer science); Semantic matching; Cultural heritage; Deep learning; Image segmentation; Matching (statistics); Computer vision; Database; Mathematics; Mechanical engineering; Programming language; Statistics; Archaeology; Engineering; History,,,deep learning; neural network,2,fr,v1,2026-08-13
https://openalex.org/W4309503964,https://doi.org/10.1016/j.jasrep.2022.103708,Can first phalanx multivariate morphometrics help document past taxonomic diversity in South American camelids?,"South American Camelids (SAC) were of great economic and cultural importance for pre-Hispanic societies in the Andes and still are important for rural Andean communities. However, understanding their specific role and function over time is hampered by the lack of reliable taxonomic identification of their archaeological remains. Although this problem has been acknowledged since the 1970s, the identification of SAC from archaeological contexts still mostly relies on the first phalanx multivariate morphometrics developed by Kent in 1982. The goal of this study is to further explore the taxonomic potential of this method using a machine learning approach including new measurements of phalanges from modern Peruvian, Bolivian and Argentine SAC with additional measurements taken from the literature. Results have shown that fore phalanges reliably distinguish the wild guanaco and vicuña, but the distinction between the domestic forms and their wild relatives still remains tentative despite the new statistics. This is largely due to limited domestic SAC comparative material, especially for the alpaca, but also underlines the presence of an intermediate size morphogroup among the domestic SAC. Morphometric variations recorded for the pre-Hispanic SAC are greater than those of current SAC, preventing reliable identification of the archaeological specimens. These results emphasize the need to improve the current SAC measurments data base and develop new multiproxy approaches in the study of pre-Hispanic camelid diversity directly from the archaeological material.",2022,2022-11-21,article,en,15,67,True,hybrid,Journal of Archaeological Science Reports,journal,Manon Le Neün; Élise Dufour; Nicolás Goepfert; Dimitri Neaux; Jane C. Wheeler; Hugo D. Yacobaccio; Guillermo L. Mengoni Goñalons; Dolores Elkin; Alejandra Gasco; Thomas Cucchi,Archéologie des Amériques; Archéozoologie et Archéobotanique; Centre National de la Recherche Scientifique; Consejo Nacional de Investigaciones Científicas y Técnicas; Instituto Interdisciplinario de Ciencias Básicas; Universidad Nacional de Cuyo; Universidad de Buenos Aires; Université Paris 1 Panthéon-Sorbonne,ar; fr,2,1,Pleistocene-Era Hominins and Archaeology; Evolution and Paleontology Studies; Forensic Anthropology and Bioarchaeology Studies,Morphometrics; Phalanx; Identification (biology); Geography; Diversity (politics); Biology; Archaeology; Zoology; Ecology; Anthropology; Anatomy; Sociology,,,machine learning,1,fr,v1,2026-08-13
https://openalex.org/W2099019682,https://doi.org/10.1109/rcis.2015.7128860,Automatic process model discovery from textual methodologies,"Process mining has been successfully used in automatic knowledge discovery and in providing guidance or support. The known process mining approaches rely on processes being executed with the help of information systems thus enabling the automatic capture of process traces as event logs. However, there are many other fields such as Humanities, Social Sciences and Medicine where workers follow processes and log their execution manually in textual forms instead. The problem we tackle in this paper is mining process instance models from unstructured, text-based process traces. Using natural language processing with a focus on the verb semantics, we created a novel unsupervised technique TextProcessMiner that discovers process instance models in two steps: 1.ActivityMiner mines the process activities; 2.ActivityRelationshipMiner mines the sequence, parallelism and mutual exclusion relationships between activities. We employed technical action research through which we validated and preliminarily evaluated our proposed technique in an Archaeology case. The results are very satisfactory with 88% correctly discovered activities in the log and a process instance model that adequately reflected the original process. Moreover, the technique we created emerged as domain independent.",2015,2015-05-01,conference-paper,en,47,72,True,green,,,Elena V. Epure; Patricia Martín-Rodilla; Charlotte Hug; Marc Denecker; Camille Salinesi,Centre de Recherche en Informatique; Instituto de Ciencias del Patrimonio; Université Paris 1 Panthéon-Sorbonne,es; fr,2,1,Business Process Modeling and Analysis; Semantic Web and Ontologies; Service-Oriented Architecture and Web Services,Process mining; Computer science; Process (computing); Semantics (computer science); Focus (optics); Business process discovery; Process modeling; Data science; Domain (mathematical analysis); Knowledge extraction; Artificial intelligence; Natural language processing; Work in process; Information retrieval; Data mining; Business process management; Business process modeling; Business process; Programming language; Engineering; Physics; Mathematical analysis; Mathematics; Optics; Operations management,,,natural language processing,1,fr,v1,2026-08-13
https://openalex.org/W4220928911,https://doi.org/10.1016/j.techfore.2022.121604,"Intelligent cathedrals: Using augmented reality, virtual reality, and artificial intelligence to provide an intense cultural, historical, and religious visitor experience",,2022,2022-03-09,article,en,143,85,False,closed,Technological Forecasting and Social Change,journal,Oihab Allal‐Chérif,NEOMA Business School,fr,1,0,Virtual Reality Applications and Impacts; Religious Tourism and Spaces; 3D Surveying and Cultural Heritage,Visitor pattern; Augmented reality; Virtual reality; Tourism; Cultural heritage; Mixed reality; Perception; SAINT; Art; Visual arts; Sociology; Aesthetics; History; Art history; Computer science; Psychology; Archaeology; Artificial intelligence; Programming language; Neuroscience,,,artificial intelligence,1,fr,v1,2026-08-13
https://openalex.org/W4316590873,,Special Collection: Spatial Computation in Archaeology and History,"The study of past societies requires describing and explaining patterns and their dynamics (diffusion of materials, settlement organization, raw material exchanges, biological indicators of landscape changes, etc.) in a multi-dimensional spatio-temporal environment from incomplete, ambiguous and heterogeneous datasets, which often lead to (retro)prediction.Though traditional methods remain important to investigate material culture complexes and past human societies over time and space, novel quantitative approaches based on computational modeling are rapidly gaining momentum. Researchers can rely nowadays on multi-modelling approaches from various backgrounds, including conceptual models, data mining and data- driven analysis (e.g. machine learning and stochastic models), spatial analysis and computer simulations, at different stage of the work process.In such context, this special collection aims at exploring challenges and opportunities offered by bringing together traditional archaeological questions with the most cutting edge technological applications.",2021,2021-05-01,other,en,0,0,False,closed,HAL (Le Centre pour la Communication Scientifique Directe),repository,Maria Elena Castiello; Damase Mouralis; Julie Gravier; Lucie Nahassia,Centre National de la Recherche Scientifique; Centre d'Analyse et de Mathématique Sociales; Centre de Recherches Historiques; Identités et Différenciation de l'Environnement des Espaces et des Sociétés; UMR Géographie-cités; University of Bern; École des hautes études en sciences sociales; Établissement public Campus Condorcet,ch; fr,2,1,Image Processing and 3D Reconstruction; 3D Surveying and Cultural Heritage; Archaeological Research and Protection,Archaeology; Computation; Geography; Computer science; Algorithm,,,machine learning,1,fr,v1,2026-08-13
https://openalex.org/W4408343077,https://doi.org/10.1002/9781394305810.ch33,Fractal Natural Language Semantics and Fractal Machine Learning Engineering,"Cultural heritage generative management systems (CH-GeMS) are systems supporting the management of the actor and process interactions through the continuous production and adaptation of value through self-organization, learning, and coevolution of such interactions. CH-GeMS are an improvement of cultural heritage management systems based on AI-driven generative models.",2025,2025-02-28,other,en,15,9,True,gold,,,Jean‐François Mascari; Ludovica Mascari; Hitesh Rawat; Anjali Rawat; Romil Rawat,"Devi Ahilya Vishwavidyalaya; Laboratoire Jean-Alexandre Dieudonné; Shri Vaishnav Vidyapeeth Vishwavidyalaya, Indore; Thales (France); Thales (Portugal); Universidad de Extremadura; Université Côte d'Azur",es; fr; in; pt,4,1,Neural Networks and Applications; Complex Systems and Time Series Analysis; Evolutionary Algorithms and Applications,Fractal; Computer science; Artificial intelligence; Semantics (computer science); Natural (archaeology); Computational semantics; Natural language; Natural language processing; Programming language; Operational semantics; Mathematics; Geology; Mathematical analysis; Paleontology,,,machine learning; generative model,2,fr,v1,2026-08-13
https://openalex.org/W2888655045,https://doi.org/10.1007/s11042-018-6515-2,Saliency-based selection of visual content for deep convolutional neural networks,,2018,2018-08-25,article,en,21,53,False,closed,Multimedia Tools and Applications,journal,Abraham Montoya Obeso; Jenny Benois‐Pineau; Mireya Saraí García Vázquez; Alejandro Acosta,Instituto Politécnico Nacional; Mira Dx (United States); Université de Bordeaux,fr; mx; us,3,1,Advanced Image and Video Retrieval Techniques; Advanced Neural Network Applications; Visual Attention and Saliency Detection,Computer science; Normalization (sociology); Artificial intelligence; Convolutional neural network; Deep learning; Generalization; Cultural heritage; Field (mathematics); Machine learning; Contextual image classification; Pattern recognition (psychology); Image (mathematics); Mathematics; History; Mathematical analysis; Sociology; Pure mathematics; Archaeology; Anthropology,,,neural network; convolutional,2,fr,v1,2026-08-13
https://openalex.org/W3129680515,https://doi.org/10.1002/ajpa.24270,"Revisiting metric sex estimation of burnt human remains via supervised learning using a reference collection of modern identified cremated individuals (Knoxville, <scp>USA</scp>)","OBJECTIVES: This study aims to increase the rate of correctly sexed calcined individuals from archaeological and forensic contexts. This is achieved by evaluating sexual dimorphism of commonly used and new skeletal elements via uni- and multi-variate metric trait analyses. MATERIALS AND METHODS: Twenty-two skeletal traits were evaluated in 86 individuals from the William M. Bass donated cremated collection of known sex and age-at-death. Four different predictive models, logistic regression, random forest, neural network, and calculation of population specific cut-off points, were used to determine the classification accuracy (CA) of each feature and several combinations thereof. RESULTS: An overall CA of ≥ 80% was obtained for 12 out of 22 features (humerus trochlea max., and lunate length, humerus head vertical diameter, humerus head transverse diameter, radius head max., femur head vertical diameter, patella width, patella thickness, and talus trochlea length) using univariate analysis. Multivariate analysis showed an increase of CA (≥ 95%) for certain combinations and models (e.g., humerus trochlea max. and patella thickness). Our study shows metric sexual dimorphism to be well preserved in calcined human remains, despite the changes that occur during burning. CONCLUSIONS: Our study demonstrated the potential of machine learning approaches, such as neural networks, for multivariate analyses. Using these statistical methods improves the rate of correct sex estimations in calcined human remains and can be applied to highly fragmented unburnt individuals from both archaeological and forensic contexts.",2021,2021-03-15,article,en,17,59,True,bronze,American Journal of Physical Anthropology,journal,Marta Hlad; Barbara Veselka; Dawnie Wolfe Steadman; Baptiste Herregods; Marc Elskens; Rica Annaert; Mathieu Boudin; Giacomo Capuzzo; Sarah Dalle; Guy De Mulder; Charlotte Sabaux; Kévin Salesse; Amanda Sengeløv; Elisavet Stamataki; Martine Vercauteren; Eugène Warmenbol; Dries Tys; Christophe Snoeck,"De la Préhistoire à l'Actuel : Culture, Environnement et Anthropologie; Flemish Government; Ghent University; Royal Institute for Cultural Heritage; University of Tennessee at Knoxville; Université Libre de Bruxelles; Université de Bordeaux; Vrije Universiteit Brussel",be; fr; us,3,1,Forensic Anthropology and Bioarchaeology Studies; Forensic Entomology and Diptera Studies; Paleopathology and ancient diseases,Forensic anthropology; Sexual dimorphism; Humerus; Univariate; Patella; Artificial intelligence; Population; Multivariate statistics; Mathematics; Computer science; Orthodontics; Statistics; Biology; Demography; Anatomy; Geography; Medicine; Archaeology; Zoology; Sociology,,,machine learning; neural network,2,fr,v1,2026-08-13
https://openalex.org/W7172557385,,Explainable Multimodal AI for Adaptive Calibration of Archaeological Sensing Workflows,"This paper presents a multimodal machine-learning framework for calibration monitoring, quality assessment, and adaptive acquisition support in archaeological digitisation workflows. The proposed approach operates across photogrammetric 3D reconstruction, hyperspectral imaging, X-ray fluorescence spectroscopy, and Raman spectroscopy through a unified pipeline combining deterministic quality indicators, statistical feature representations, machine-learning classification, anomaly detection, and explainable artificial intelligence (XAI). Rather than replacing instrument-level calibration, the framework introduces an additional algorithmic layer that evaluates whether acquisitions are statistically consistent, physically plausible, and suitable for downstream multimodal integration. For each sensing modality, acquisitions are represented through structured feature spaces encoding geometric, spectral, spatial, and statistical properties. These representations are used to identify degradation patterns such as reconstruction artefacts, illumination inconsistencies, spectral distortions, detector instability, baseline fluctuations, and low signal-to-noise conditions. Supervised and unsupervised learning methods are combined with XAI techniques to support both automatic discrimination between acceptable and problematic acquisitions and interpretation of the underlying causes of degradation. The framework additionally supports adaptive feedback and resource-aware acquisition strategies by linking feature-space deviations to acquisition-level corrective actions. Experimental results obtained on multimodal archaeological datasets demonstrate that the proposed methodology captures meaningful acquisition variability and enables robust quality assessment across heterogeneous sensing modalities.",2026,2026-07-29,preprint,,0,0,True,green,arXiv (Cornell University),repository,Nevio Dubbini; Daniel P. van Helden; Claudia Sciuto; Martina Naso; Arthur Leck; Clément Joubert; Heeli C. Schechter; Remy Chapoulie; Gabriele Gattiglia,Centre National de la Recherche Scientifique; Hebrew University of Jerusalem; Institut national de recherche en sciences et technologies du numérique; Institute of Archeology; King's College London; University of Pisa; Université Bordeaux Montaigne; Université de Bordeaux,fr; gb; il; it; ua,5,1,3D Surveying and Cultural Heritage; Archaeological Research and Protection; Remote-Sensing Image Classification,Workflow; Hyperspectral imaging; Computer science; Artificial intelligence; Feature (linguistics); Calibration; Anomaly detection; Quality (philosophy); Pipeline (software); Photogrammetry; Baseline (sea); Data acquisition; Pattern recognition (psychology); Data mining; Machine learning; Data quality; Statistical hypothesis testing; Object detection; Supervised learning; Interpretation (philosophy); Detector; Computer vision; Instrumentation (computer programming); Flexibility (engineering); Layer (electronics),,,artificial intelligence,1,fr,v1,2026-08-13
https://openalex.org/W4406601140,,ARTIFICIAL INTELLIGENCE FOR IDENTIFICATION OF WOOD AND CHARCOAL IN ARCHAEOLOGICAL AND PALAEOLOGICAL PERSPECTIVES,International audience,2024,2024-10-10,conference-paper,en,0,0,False,closed,HAL (Le Centre pour la Communication Scientifique Directe),repository,"Isabelle Théry‐Parisot; Marco Corneli; Diane Lingrand; Stéphanie Thiébault; Margareta Tengberg; Pauline Garberi; Antoine Pasqualini; Elysandre Puech; Anne Lavalette; Dieu-Donné Fangnon; Carré, Alain","Altran (France); Archéozoologie et Archéobotanique; Cultures et Environnements. Préhistoire, Antiquité, Moyen Âge; Institut de Biologie Valrose; Laboratoire Jean-Alexandre Dieudonné; Maison de la Simulation; Université Côte d'Azur",fr,1,0,Image Processing and 3D Reconstruction; Wood and Agarwood Research; Archaeological Research and Protection,Identification (biology); Charcoal; Archaeology; Computer science; Artificial intelligence; History; Materials science; Ecology; Biology; Metallurgy,,,artificial intelligence,1,fr,v1,2026-08-13
https://openalex.org/W3003735458,https://doi.org/10.48550/arxiv.1912.03713,ICDAR 2019 Competition on Image Retrieval for Historical Handwritten\n Documents,"This competition investigates the performance of large-scale retrieval of\nhistorical document images based on writing style. Based on large image data\nsets provided by cultural heritage institutions and digital libraries,\nproviding a total of 20 000 document images representing about 10 000 writers,\ndivided in three types: writers of (i) manuscript books, (ii) letters, (iii)\ncharters and legal documents. We focus on the task of automatic image retrieval\nto simulate common scenarios of humanities research, such as writer retrieval.\nThe most teams submitted traditional methods not using deep learning\ntechniques. The competition results show that a combination of methods is\noutperforming single methods. Furthermore, letters are much more difficult to\nretrieve than manuscripts.\n",2019,2019-12-08,preprint,,35,14,True,green,arXiv (Cornell University),repository,Vincent Christlein; Anguelos Nicolaou; Mathias Seuret; Dominique Stutzmann; Andreas Maier,Friedrich-Alexander-Universität Erlangen-Nürnberg; Institut de Recherche et d'Histoire des Textes,de; fr,2,1,Advanced Image and Video Retrieval Techniques; Image Retrieval and Classification Techniques; Handwritten Text Recognition Techniques,Computer science; Focus (optics); Information retrieval; Image retrieval; Task (project management); Competition (biology); Digital library; Image (mathematics); Artificial intelligence; Writing style; Style (visual arts); Scale (ratio); Natural language processing; Visual arts; Linguistics; Art; Geography; Cartography; Ecology; Biology; Physics; Philosophy; Poetry; Optics; Economics; Management,,,deep learning,1,fr,v1,2026-08-13
https://openalex.org/W4288365176,,"SkyEye, a machine learning software to detect archaeological structures in LiDAR datasets",International audience,2019,2019-04-23,conference-paper,en,0,0,False,closed,HAL (Le Centre pour la Communication Scientifique Directe),repository,Nathanaël Le Voguer; Xavier Rodier; Clément Laplaige,"CItés, Territoires, Environnement et Sociétés; Centre National de la Recherche Scientifique; Laboratoire Chrono-Environnement; Maison des sciences humaines et environnementales Claude Nicolas Ledoux",fr,1,0,Archaeological Research and Protection; 3D Surveying and Cultural Heritage; Image Processing and 3D Reconstruction,Lidar; Computer science; Software; Artificial intelligence; Archaeology; Remote sensing; Geology; Geography; Programming language,,,machine learning,1,fr,v1,2026-08-13
https://openalex.org/W4318254945,,Exploring Tomographic Images of Archaeological Pottery Sherds with Machine Learning Methods,International audience,2022,2022-03-21,conference-paper,en,0,0,False,closed,HAL (Le Centre pour la Communication Scientifique Directe),repository,Vanna Lisa Coli; Kassem Dia; Laure Blanc-Féraud; Juliette Leblond; Louise Gomart; Didier Binder,"CEA Marcoule; Commissariat à l'Énergie Atomique et aux Énergies Alternatives; Cultures et Environnements. Préhistoire, Antiquité, Moyen Âge; Université Côte d'Azur",fr,1,0,Image Processing and 3D Reconstruction; Cultural Heritage Materials Analysis; Archaeological Research and Protection,Pottery; Archaeology; Artificial intelligence; Computer science; Geology; Computer vision; Geography,,,machine learning,1,fr,v1,2026-08-13
https://openalex.org/W7151626746,https://doi.org/10.5281/zenodo.19452803,OpenArchaeo: a Semantic Web Portal to Ease Querying Federated Archaeological Datasets,"OpenArchaeo is a semantic-web platform dedicated to archaeology, developed by MASAplus, a french Research Infrastructure Huma-Num consortium, to federate archaeological information scattered in heterogeneous silos, thus building links between datasets. We present its ontology, representing the key entities in the field of archaeology. Information about places, chronology, people or physical object typology uses controlled vocabularies, ensuring that each dataset contains disambiguated information and scientific terms that are shared and reusable by the community. Links between the datasets are established through both the ontology and the controled vocabularies. Datasets in OpenArchaeo are thus structured as knowledge graphs and managed in an online triplestore providing a public query endpoint. We explain the workflow for generating these knowledge graphs from legacy datasets. For humans, an intuitive visual querying interface was developed, which allows archaeologists to query the datasets using their domain knowledge, without needing to be familiar with the Semantic Web or the underlying ontology. We introduce this visual querying interface dedicated to archaeologists. Regarding machines, OpenArchaeo was built with the idea that there might be a federation of such portals, which could be queried from any one of them. That is why its code, including the visual interface, is publicly available for reuse. OpenArchaeo is an Open Data portal: it increases the value of research data by making it easy to find and access on the web, in line with the two first FAIR principles. The use of semantic technologies, standard ontologies and controlled vocabularies meets their requirements for interoperability, and reusability. Moreover, creating links between siloed heterogeneous datasets increases opportunities for reuse.",2025,2025-10-28,conference-paper,en,0,0,True,green,Open MIND,repository,Florian Hivert; Olivier Marlet; Béatrice MARKHOFF,Limousin Regional Council; Maison des Sciences de l'Homme; Université de Tours,fr,1,0,,Computer science; Workflow; Ontology; Semantic Web; Interface (matter); World Wide Web; Information retrieval; Field (mathematics); Object (grammar); Linked data; SPARQL; User interface; Domain (mathematical analysis); Web Ontology Language; Query language; Semantic Web Stack; Semantic data model; Data model (GIS); Key (lock); The Internet; Semantics (computer science); Data science; Legacy system; Information access; Data integration; Protocol (science); Metadata; Data access; Semantic technology; Semantic heterogeneity,,,knowledge graph,1,fr,v1,2026-08-13
https://openalex.org/W3131043787,https://doi.org/10.3390/s21041322,Emotion Detection for Social Robots Based on NLP Transformers and an Emotion Ontology,"For social robots, knowledge regarding human emotional states is an essential part of adapting their behavior or associating emotions to other entities. Robots gather the information from which emotion detection is processed via different media, such as text, speech, images, or videos. The multimedia content is then properly processed to recognize emotions/sentiments, for example, by analyzing faces and postures in images/videos based on machine learning techniques or by converting speech into text to perform emotion detection with natural language processing (NLP) techniques. Keeping this information in semantic repositories offers a wide range of possibilities for implementing smart applications. We propose a framework to allow social robots to detect emotions and to store this information in a semantic repository, based on EMONTO (an EMotion ONTOlogy), and in the first figure or table caption. Please define if appropriate. an ontology to represent emotions. As a proof-of-concept, we develop a first version of this framework focused on emotion detection in text, which can be obtained directly as text or by converting speech to text. We tested the implementation with a case study of tour-guide robots for museums that rely on a speech-to-text converter based on the Google Application Programming Interface (API) and a Python library, a neural network to label the emotions in texts based on NLP transformers, and EMONTO integrated with an ontology for museums; thus, it is possible to register the emotions that artworks produce in visitors. We evaluate the classification model, obtaining equivalent results compared with a state-of-the-art transformer-based model and with a clear roadmap for improvement.",2021,2021-02-13,article,en,84,51,True,gold,Sensors,journal,Wilfredo Graterol; José Díaz-Amado; Yudith Cardinale; Irvin Dongo; Edmundo Lopes-Silva; Cleia Santos-Libarino,Instituto Federal da Bahia; Simón Bolívar University; Universidad Católica San Pablo; École Supérieure des Technologies Industrielles Avancées,br; fr; pe; ve,4,1,Multimodal Machine Learning Applications; Topic Modeling; Sentiment Analysis and Opinion Mining,Computer science; Natural language processing; Artificial intelligence; Ontology; Robot; Transformer; Emotion detection; Python (programming language); Emotion recognition; Operating system; Quantum mechanics; Voltage; Epistemology; Philosophy; Physics,,,machine learning; neural network; natural language processing,3,fr,v1,2026-08-13
https://openalex.org/W4405172785,https://doi.org/10.52202/079017-0813,Archaeoscape: Bringing Aerial Laser Scanning Archaeology to the Deep Learning Era,"Airborne Laser Scanning (ALS) technology has transformed modern archaeology by unveiling hidden landscapes beneath dense vegetation. However, the lack of expert-annotated, open-access resources has hindered the analysis of ALS data using advanced deep learning techniques. We address this limitation with Archaeoscape (available at https://archaeoscape.ai/data/2024/), a novel large-scale archaeological ALS dataset spanning 888 km$^2$ in Cambodia with 31,141 annotated archaeological features from the Angkorian period. Archaeoscape is over four times larger than comparable datasets, and the first ALS archaeology resource with open-access data, annotations, and models. We benchmark several recent segmentation models to demonstrate the benefits of modern vision techniques for this problem and highlight the unique challenges of discovering subtle human-made structures under dense jungle canopies. By making Archaeoscape available in open access, we hope to bridge the gap between traditional archaeology and modern computer vision methods.",2024,2024-01-01,conference-paper,en,0,0,True,green,,,Yohann Perron; Vladyslav Sydorov; Adam P. Wijker; Damian Evans; Christophe Pottier; Loic Landrieu,Institut national de l’information géographique et forestière; Laboratoire d'Informatique Gaspard-Monge; Université Gustave Eiffel; Université Paris 1 Panthéon-Sorbonne; École Française d'Extrême-Orient,fr,1,0,Archaeological Research and Protection; 3D Surveying and Cultural Heritage; Image Processing and 3D Reconstruction,Laser scanning; Archaeology; Computer science; Lidar; Deep learning; Artificial intelligence; Laser; Geology; Remote sensing; History; Optics; Physics,,,deep learning; computer vision,2,fr,v1,2026-08-13
https://openalex.org/W4318272267,,Deep learning for archaeological wood charcoal classification : first results and perspectives,,2022,2022-12-16,conference-paper,en,0,0,False,closed,HAL (Le Centre pour la Communication Scientifique Directe),repository,Marco Corneli; Vanna Lisa Coli; Quentin Le Roux; Elysandre Puech; Isabelle Théry‐Parisot,"Cultures et Environnements. Préhistoire, Antiquité, Moyen Âge; Observatoire de la Côte d’Azur; University of the Witwatersrand; Université Côte d'Azur",fr; za,2,1,Wood and Agarwood Research; Image Processing and 3D Reconstruction; Cultural Heritage Materials Analysis,Charcoal; Archaeology; Artificial intelligence; Computer science; Deep learning; Geology; History; Materials science; Metallurgy,,,deep learning,1,fr,v1,2026-08-13
https://openalex.org/W4412967437,https://doi.org/10.1016/j.culher.2025.07.008,Foreword “Advances in artificial intelligence and quantitative methods for archaeology and art history”,,2025,2025-07-18,article,en,0,0,False,closed,Journal of Cultural Heritage,journal,Marco Corneli; Isabelle Théry‐Parisot; Vanna Lisa Coli; Luca Calatroni,"Centre National de la Recherche Scientifique; Cultures et Environnements. Préhistoire, Antiquité, Moyen Âge; Ingegneria dei Sistemi (Italy); Institut de Physique de Nice; Laboratoire Jean-Alexandre Dieudonné; Université Côte d'Azur",fr; it,2,1,3D Surveying and Cultural Heritage; Image Processing and 3D Reconstruction; Archaeological Research and Protection,Archaeology; Engineering; History,,,artificial intelligence,1,fr,v1,2026-08-13
https://openalex.org/W3174069367,https://doi.org/10.1109/icmew53276.2021.9455967,Deep Learning-Based Quality Assessment Of 3d Point Clouds Without Reference,"Point cloud (PC) quality assessment is of fundamental importance to enable the efficient processing, coding and transmission of 3D data for virtual/augmented reality, autonomous driving, cultural heritage, etc. The quality metrics proposed so far aim at quantifying the distortion in the PC geometry and/or attributes with respect to a reference pristine point cloud, using simple features extracted by the points. In this work, we target instead a blind (no-reference) scenario in which the original point cloud is not available. In addition, we learn features from data using deep neural networks. Given the limited availability of subjectively annotated datasets of corrupted point clouds, and the consequent difficulty to learn in an end-to-end fashion PC quality features, in this work we use instead a two-step procedure. First, we extract from 10-cal patches three relevant low-level features which have been commonly used in other PC quality metrics, i.e., geometric distance, local curvature and luminance values. Afterwards, we employ a deep neural network to learn, from these low-level features, a mapping to the PC ground truth mean opinion score. Our results on two state-of-the-art PC quality datasets show the potential of the proposed approach. The code is available here: https://git;hub.com/achet;ouani/NR-CNN-3D-PC",2021,2021-06-21,conference-paper,en,56,33,True,green,,,Aladine Chetouani; Maurice Quach; Giuseppe Valenzise; Fréderic Dufaux,"CentraleSupélec; Laboratoire Pluridisciplinaire de Recherche en Ingénierie des Systèmes, Mécanique et Energétique",fr,1,0,3D Shape Modeling and Analysis; Computer Graphics and Visualization Techniques; Surface Roughness and Optical Measurements,Point cloud; Computer science; Ground truth; Artificial intelligence; Deep learning; Convolutional neural network; Distortion (music); Artificial neural network; Luminance; Coding (social sciences); Computer vision; Pattern recognition (psychology); Mathematics; Computer network; Amplifier; Statistics; Bandwidth (computing),,,deep learning; neural network,2,fr,v1,2026-08-13
https://openalex.org/W3212239126,https://doi.org/10.18653/v1/2021.latechclfl-1.16,Zero-Shot Information Extraction to Enhance a Knowledge Graph Describing Silk Textiles,"The knowledge of the European silk textile production is a typical case for which the information collected is heterogeneous, spread across many museums and sparse since rarely complete. Knowledge Graphs for this cultural heritage domain, when being developed with appropriate ontologies and vocabularies, enable to integrate and reconcile this diverse information. However, many of these original museum records still have some metadata gaps. In this paper, we present a zero-shot learning approach that leverages the Concept-Net common sense knowledge graph to predict categorical metadata informing about the silk objects production. We compared the performance of our approach with traditional supervised deep learning-based methods that do require training data. We demonstrate promising and competitive performance for similar datasets and circumstances and the ability to predict sometimes more fine-grained information.",2021,2021-01-01,conference-paper,en,8,19,True,gold,,,Thomas Schleider; Raphaël Troncy,EURECOM,fr,1,0,Topic Modeling; Advanced Graph Neural Networks; Natural Language Processing Techniques,Metadata; Computer science; Knowledge graph; SILK; Categorical variable; Information retrieval; Knowledge extraction; Graph; Cultural heritage; Information extraction; Domain (mathematical analysis); Artificial intelligence; Data science; Natural language processing; World Wide Web; Machine learning; Theoretical computer science; Mathematics; Operating system; Mathematical analysis; Archaeology; History,,,deep learning; knowledge graph,2,fr,v1,2026-08-13
https://openalex.org/W7142676952,https://doi.org/10.5281/zenodo.19320926,"ONTOLOGY OF THE ENGLISH CONCEPT ""WILL"" AND THE ARCHAEOLOGY OF LANGUAGE: FROM ATMOSPHERIC DYNAMICS TO EXISTENTIAL LINGUISTICS","This article examines the ontological structure of the English word “will” through the theoretical framework of the Human Language theory (Odam Tili, OT) proposed by Dr. Mahmudjon Kuchkarov. Unlike traditional linguistic paradigms, which treat linguistic signs as arbitrary conventions, the OT theory interprets language as a natural system rooted in human biological structure and environmental interaction. The study focuses on the phonosemantic and visual symbolism of letters such as V, W, L, and related phonetic elements. Special attention is given to the concept of language archaeology, which views linguistic units as remnants of ancient natural codes embedded in human cognition and physical experience. The analysis demonstrates how atmospheric phenomena, particularly wind dynamics, are reflected in the graphical and acoustic forms of letters. Furthermore, the semantic structure of the word “will” is explored as a combination of dynamic force and existential finality. The article also examines cross-cultural symbolism related to trees, crosses, and Haitian Vodou cosmograms, showing how linguistic forms may reflect universal patterns of human perception. Finally, the study discusses the implications of language archaeology for contemporary discussions about artificial intelligence and the semantic grounding of language systems.",2026,2026-03-29,dataset,,0,0,True,green,Zenodo (CERN European Organization for Nuclear Research),repository,Mahmudjon Kuchkarov; Mavlonbek Kuchkarov; Muhayyo Sobirjonova,National Academy of Governance; Tenneco (United States); Université de Tours,fr; mn; us,3,1,,Linguistics; Existentialism; Ontology; Natural language; Cognition; Semantics (computer science); Natural (archaeology); Semiotics; Cognitive science; Sociology; Cognitive linguistics; Computer science; Semantic property; Word (group theory); Semantic theory of truth; Epistemology; Dynamics (music); Psychology; Human language; Lexical semantics; Theoretical linguistics; Linguistic description; Psycholinguistics; Constructed language; History; On Language; Lexical item,,,artificial intelligence,1,fr,v1,2026-08-13
https://openalex.org/W7142904549,https://doi.org/10.5281/zenodo.19320925,"ONTOLOGY OF THE ENGLISH CONCEPT ""WILL"" AND THE ARCHAEOLOGY OF LANGUAGE: FROM ATMOSPHERIC DYNAMICS TO EXISTENTIAL LINGUISTICS","This article examines the ontological structure of the English word “will” through the theoretical framework of the Human Language theory (Odam Tili, OT) proposed by Dr. Mahmudjon Kuchkarov. Unlike traditional linguistic paradigms, which treat linguistic signs as arbitrary conventions, the OT theory interprets language as a natural system rooted in human biological structure and environmental interaction. The study focuses on the phonosemantic and visual symbolism of letters such as V, W, L, and related phonetic elements. Special attention is given to the concept of language archaeology, which views linguistic units as remnants of ancient natural codes embedded in human cognition and physical experience. The analysis demonstrates how atmospheric phenomena, particularly wind dynamics, are reflected in the graphical and acoustic forms of letters. Furthermore, the semantic structure of the word “will” is explored as a combination of dynamic force and existential finality. The article also examines cross-cultural symbolism related to trees, crosses, and Haitian Vodou cosmograms, showing how linguistic forms may reflect universal patterns of human perception. Finally, the study discusses the implications of language archaeology for contemporary discussions about artificial intelligence and the semantic grounding of language systems.",2026,2026-03-29,dataset,,0,0,True,green,Zenodo (CERN European Organization for Nuclear Research),repository,Mahmudjon Kuchkarov; Mavlonbek Kuchkarov; Muhayyo Sobirjonova,National Academy of Governance; Tenneco (United States); Université de Tours,fr; mn; us,3,1,,Linguistics; Existentialism; Ontology; Natural language; Cognition; Semantics (computer science); Natural (archaeology); Semiotics; Cognitive science; Sociology; Cognitive linguistics; Computer science; Semantic property; Word (group theory); Semantic theory of truth; Epistemology; Dynamics (music); Psychology; Human language; Lexical semantics; Theoretical linguistics; Linguistic description; Psycholinguistics; Constructed language; History; On Language; Lexical item,,,artificial intelligence,1,fr,v1,2026-08-13
https://openalex.org/W4310671737,https://doi.org/10.1108/jtf-04-2022-0115,Cultural tourist and user experience with artificial intelligence: a holistic perspective from the Industry 5.0 approach,"Purpose The purpose of this paper is to analyse the future of the implementation of artificial intelligence (AI) technologies in services experience provided by cultural institutions (e.g. museums, exhibition halls and cultural centres) from experts’, cultural tourists’ and users’ point of view under the Industry 5.0 approach. Design/methodology/approach The research was conducted using a qualitative approach, which was based on the analysis of the contents obtained from two roundtable discussions with experts and cultural tourists and users. A thematic analysis using NVivo was done to the data obtained. Findings From a futuristic Industry 5.0 approach, AI is considered to be more than a tool – it as an integral part of the entire experience. AI aids in connecting cultural institutions with users and is beneficial since it allows the institutions to get to know the users better and provide a more integrated and immersive experience. Furthermore, AI is critical in establishing a community and nurturing it daily. Originality/value The most important contribution of this research is the theoretical model focused on the user experience and AI application in services experiences of museums and cultural institutions from an Industry 5.0 approach. This model includes the visitors’ and managers’ points of view through the following dimensions: the pre-experience, experience and post-experience. This model is focused on human–AI coworking (HAIC) in museums and cultural institutions.",2022,2022-12-04,article,en,47,83,True,diamond,Journal of Tourism Futures,journal,Alicia Orea-Giner; Ana Isabel Muñoz Mazón; Teresa Villacé-Molinero; Laura Fuentes Moraleda,Universidad Rey Juan Carlos; Université Paris 1 Panthéon-Sorbonne,es; fr,2,1,AI in Service Interactions; Virtual Reality Applications and Impacts; Augmented Reality Applications,Originality; Tourism; Exhibition; Thematic analysis; Value (mathematics); Knowledge management; Sociology; User experience design; Perspective (graphical); Qualitative research; Marketing; Public relations; Computer science; Business; Social science; Political science; Artificial intelligence; Visual arts; Human–computer interaction; Machine learning; Law; Art,,,artificial intelligence,1,fr,v1,2026-08-13
https://openalex.org/W4385633344,https://doi.org/10.1080/08912963.2023.2242370,"A deep learning-based taphonomical approach to distinguish the modifying agent in the Late Pleistocene site of Toll Cave (Barcelona, Spain)","One of the most widely used methods to associate lithic tools and bone assemblage in archaeological sites is the identification of cut-marks. However, the identification of these marks is still problematic in some localities on account of the similarities with the modifications generated by non-human processes, including biostratinomic and post-depositional bone surface modifications. Toll Cave (Barcelona, Spain), with chronologies between 47.310 BP and 69.800 BP, is one of the case studies where the cut-marks could easily be confused with abundant grooves generated by the dragging of sedimentary particles (e.g. trampling), but also with the scores produced by carnivores. In this work, we present the results obtained from applying Deep Learning (DL) models to the taphonomic analysis of the site. This methodological approach has allowed us to distinguish the bone surface modifications with 97.5% reliability. We show the usefulness of this technique to help solve many taphonomic equifinality problems in the archaeological assemblages, as well as the need to implement new approaches to eliminate subjectivity in the descriptions of bone damage and make more accurate inferences about the past.",2023,2023-08-06,article,en,9,49,True,green,Historical Biology,journal,Marcos Pizarro‐Monzo; Jordi Rosell; Anna Rufà; Florent Rivals; Ruth Blasco,Institució Catalana de Recerca i Estudis Avançats; Institut Català de Paleoecologia Humana i Evolució Social; Universitat Rovira i Virgili; University of Algarve; Université de Bordeaux,es; fr; pt,3,1,Pleistocene-Era Hominins and Archaeology; Forensic Anthropology and Bioarchaeology Studies; Archaeology and ancient environmental studies,Taphonomy; Cave; Archaeology; Pleistocene; Assemblage (archaeology); Faunal assemblage; Geology; Identification (biology); Sedimentary depositional environment; Coring; Paleontology; History; Ecology; Engineering; Biology; Structural basin; Mechanical engineering; Drilling; Fauna,,,deep learning,1,fr,v1,2026-08-13
https://openalex.org/W4377018816,https://doi.org/10.2352/j.imagingsci.technol.2023.67.3.030403,An Experiment-based Comparative Analysis of Pigment Classification Algorithms using Hyperspectral Imaging,"Hyperspectral imaging techniques are widely used in cultural heritage for documentation and material analysis. Pigment classification of an artwork is an essential task. Several algorithms have been used for hyperspectral data classification, and the effectiveness of each algorithm depends on the application domain. However, very few have been applied for pigment classification tasks in the cultural heritage domain. Most of these algorithms work effectively for spectral shape differences and might not perform well for spectra with differences in magnitude or for spectra that are nearly similar in shape but might belong to two different pigments. In this work, we evaluate the performance of different supervised-based algorithms and few machine learning models for the pigment classification of a mockup using hyperspectral imaging. The result obtained shows the importance of choosing appropriate algorithms for pigment classification.",2023,2023-05-01,article,en,14,68,True,hybrid,Journal of Imaging Science and Technology,journal,Dipendra J. Mandal; Marius Pedersen; Sony George; Hilda Deborah; Clotilde Boust,Centre de recherche et de restauration des musées de France; Norwegian University of Science and Technology,fr; no,2,1,Cultural Heritage Materials Analysis; Color Science and Applications; Remote-Sensing Image Classification,Hyperspectral imaging; Computer science; Artificial intelligence; Cultural heritage; Domain (mathematical analysis); Algorithm; Pattern recognition (psychology); Machine learning; Mathematics; Archaeology; Geography; Mathematical analysis,,,machine learning,1,fr,v1,2026-08-13
https://openalex.org/W4321496812,https://doi.org/10.3390/s23052419,Neural Networks for Hyperspectral Imaging of Historical Paintings: A Practical Review,"Hyperspectral imaging (HSI) has become widely used in cultural heritage (CH). This very efficient method for artwork analysis is connected with the generation of large amounts of spectral data. The effective processing of such heavy spectral datasets remains an active research area. Along with the firmly established statistical and multivariate analysis methods, neural networks (NNs) represent a promising alternative in the field of CH. Over the last five years, the application of NNs for pigment identification and classification based on HSI datasets has drastically expanded due to the flexibility of the types of data they can process, and their superior ability to extract structures contained in the raw spectral data. This review provides an exhaustive analysis of the literature related to NNs applied for HSI data in the CH field. We outline the existing data processing workflows and propose a comprehensive comparison of the applications and limitations of the various input dataset preparation methods and NN architectures. By leveraging NN strategies in CH, the paper contributes to a wider and more systematic application of this novel data analysis method.",2023,2023-02-22,article,en,34,111,True,gold,Sensors,journal,Lingxi Liu; Tsveta Miteva; Giovanni Delnevo; Silvia Mirri; Philippe Walter; Laurence de Viguerie; Émeline Pouyet,Centre National de la Recherche Scientifique; Laboratoire de Chimie Physique - Matière et Rayonnement; Laboratoire d’Archéologie Moléculaire et Structurale; Sorbonne Université; University of Bologna,fr; it,2,1,Cultural Heritage Materials Analysis; Remote-Sensing Image Classification; Color Science and Applications,Hyperspectral imaging; Computer science; Raw data; Workflow; Field (mathematics); Artificial intelligence; Artificial neural network; Flexibility (engineering); Identification (biology); Process (computing); Data processing; Data mining; Pattern recognition (psychology); Database; Mathematics; Programming language; Botany; Pure mathematics; Statistics; Operating system; Biology,,,neural network,1,fr,v1,2026-08-13
https://openalex.org/W4408855220,https://doi.org/10.1371/journal.pone.0320452,Beyond the Greater Angkor Region: Automatic large-scale mapping of Angkorian-period reservoirs in satellite imagery using deep learning,"Archaeologists often use high-resolution satellite imagery to identify potential archaeological sites or features, including ancient settlements, burial mounds, roads, and even subtle differences in vegetation or topography. Over the last several decades, satellite imagery and other remote sensing techniques (including aerial photography and LiDAR data) have been used to thoroughly map the extensive settlement complex of the Greater Angkor Region (1 500 km2, 9th - 14th centuries CE) in present-day Cambodia. While we now have a comprehensive map of this area, the landscapes beyond the Greater Angkor Region that formed the Angkorian cultural sphere have not been mapped, even though the density of features on the landscape seems to continue beyond the area considered Greater Angkor. While a comprehensive settlement study of the entire Angkorian realm would be incredibly helpful in understanding patterns of ancient urbanism and early statehood in Southeast Asia, mapping this area using manual identification of archaeological features in satellite imagery would be highly time-consuming. In this paper, we employ a state-of-the-art deep learning model for semantic segmentation using Deeplab V3 + to identify one typical and characteristic feature: Angkor-period reservoirs. Our results indicate that this AI model is accurate enough to provide a valuable ""second opinion"" to landscape archaeologists to enhance and quicken their mapping process, making them substantially more productive. The deep learning model for semantic segmentation employed here, which can be trained on other types of archaeological and non-archaeological features worldwide, will be a valuable tool for areas of research that involve intensive manual investigation and interpretation of satellite imagery and will aid researchers as they continue to map the Angkorian world.",2025,2025-03-26,article,en,6,43,True,gold,PLoS ONE,journal,Jürgen Landauer; Sarah Klassen; Adam P. Wijker; Josine van der Kroon; Alexis Jaszkowski; Wouter Verschoof‐van der Vaart,Leiden University; University of Colorado Boulder; University of Toronto; Université Paris 1 Panthéon-Sorbonne; École Française d'Extrême-Orient,ca; fr; nl; us,4,1,Archaeological Research and Protection; Archaeology and ancient environmental studies; 3D Surveying and Cultural Heritage,Satellite imagery; Human settlement; Archaeology; Scale (ratio); Remote sensing; Period (music); Vegetation (pathology); Deep learning; Aerial photography; Physical geography; Geography; Cartography; Computer science; Artificial intelligence; Acoustics; Medicine; Physics; Pathology,,,deep learning,1,fr,v1,2026-08-13
https://openalex.org/W4213275447,https://doi.org/10.1093/mnras/stac445,Vetting asteroseismic Δν measurements using neural networks,"ABSTRACT Precise asteroseismic parameters can be used to quickly estimate radius and mass distributions for large samples of stars. A number of automated methods are available to calculate the frequency of maximum acoustic power (νmax) and the frequency separation between overtone modes (Δν) from the power spectra of red giants. However, filtering through the results requires manual vetting, elaborate averaging across multiple methods or sharp cuts in certain parameters to ensure robust samples of stars free of outliers. Given the importance of ensemble studies for Galactic archaeology and the surge in data availability, faster methods for obtaining reliable asteroseismic parameters are desirable. We present a neural network classifier that vets Δν by combining multiple features from the visual Δν vetting process. Our classifier is able to analyse large numbers of stars, determining whether their measured Δν are reliable and thus delivering clean samples of oscillating stars with minimal effort. Our classifier is independent of the method used to obtain νmax and Δν, and therefore can be applied as a final step to any such method. Tests of our classifier’s performance on manually vetted Δν measurements reach an accuracy of 95 per cent. We apply the method to giants observed by the K2 Galactic Archaeology Program and find that our results retain stars with astrophysical oscillation parameters consistent with the parameter distributions already defined by well-characterized Kepler red giants.",2022,2022-02-17,article,en,10,46,True,green,Monthly Notices of the Royal Astronomical Society,journal,Claudia Reyes; Dennis Stello; Marc Hon; Joel Zinn,Aarhus University; American Museum of Natural History; The University of Sydney; UNSW Sydney; University of Hawaii System; Université Bourgogne Franche-Comté,au; dk; fr; us,4,1,"Stellar, planetary, and galactic studies; Solar and Space Plasma Dynamics; Geophysics and Gravity Measurements",Vetting; Physics; Artificial neural network; Statistical physics; Astrophysics; Astronomy; Machine learning; Political science; Law; Computer science,,,neural network,1,fr,v1,2026-08-13
https://openalex.org/W4378635561,https://doi.org/10.1016/j.autcon.2023.104919,Detection of limestone spalling in 3D survey images using deep learning,,2023,2023-05-29,article,en,31,44,True,green,Automation in Construction,journal,Koubouratou Idjaton; Romain Janvier; Malek Balawi; Xavier Desquesnes; Xavier Brunetaud; Sylvie Treuillet,"Laboratoire Pluridisciplinaire de Recherche en Ingénierie des Systèmes, Mécanique et Energétique; Université d'Orléans",fr,1,0,3D Surveying and Cultural Heritage; Infrastructure Maintenance and Monitoring; Conservation Techniques and Studies,Artificial intelligence; Deep learning; Spall; Computer science; Architecture; Cultural heritage; Computer vision; Engineering; Archaeology; Structural engineering; Geography,,,deep learning,1,fr,v1,2026-08-13
https://openalex.org/W2997701324,https://doi.org/10.1007/978-981-32-9343-4_29,Machine Learning and Digital Heritage: The CEPROQHA Project Perspective,,2020,2020-01-01,book-chapter,en,10,15,False,closed,Advances in intelligent systems and computing,book series,Abdelhak Belhi; Houssem Gasmi; Abdelaziz Bouras; Taha Alfaqheri; Akuha Solomon Aondoakaa; Abdul Sadka; Sebti Foufou,"Brunel University of London; Décision et Information pour les Systèmes de Production; Institut National des Sciences Appliquées de Lyon; Laboratoire d’Électronique, Informatique et Image; Qatar University; Université Lumière Lyon 2; Université de Bourgogne; Vinci (France)",fr; gb; qa,3,1,3D Surveying and Cultural Heritage; Conservation Techniques and Studies; Archaeological Research and Protection,Digitization; Cultural heritage; Computer science; Promotion (chess); Context (archaeology); Perspective (graphical); Knowledge management; Reliability (semiconductor); Data science; Artificial intelligence; Political science; Geography; Computer vision; Archaeology; Physics; Quantum mechanics; Power (physics); Politics; Law,,,machine learning,1,fr,v1,2026-08-13
https://openalex.org/W2889789706,https://doi.org/10.1109/icip.2018.8451728,Classification of Ceramic Shards Based on Convolutional Neural Network,"ARCADIA project aims to enhance the archaeological heritage of ceramic shards extracted in Saran (France). Dating from the High Middle Ages, these shards have been engraved by repeated patterns using a carved wooden wheel. The study of these shards allows the archeologists to better understand the diffusion of ceramic productions. In this paper, we propose to exploit Convolutional Neural Network (CNN) models to classify automatically these ceramic shards. The ultimate goal is to form clusters of shards to derive a map that represents the movements of potters. For that, several models have been tested and compared to some well-known handcrafted-methods. The Fully Connected part of the best model was modified to see its impact in terms of classification. A dataset composed of 888 binary images of ceramic shards was used. The results obtained outperform the state-of-the-art methods and show the relevance of the proposed approach.",2018,2018-09-07,conference-paper,en,14,16,False,closed,,,Aladine Chetouani; Teddy Debroutelle; Sylvie Treuillet; Matthieu Exbrayat; Sébastien Jesset,"Laboratoire Pluridisciplinaire de Recherche en Ingénierie des Systèmes, Mécanique et Energétique; Université d'Orléans",fr,1,0,Image Processing and 3D Reconstruction; Cultural Heritage Materials Analysis; Archaeological Research and Protection,Convolutional neural network; Computer science; Ceramic; Artificial intelligence; Materials science; Composite material,,,neural network; convolutional,2,fr,v1,2026-08-13
https://openalex.org/W3199040267,https://doi.org/10.3390/s21186150,Artificial Intelligence for Pigment Classification Task in the Short-Wave Infrared Range,"Hyperspectral reflectance imaging in the short-wave infrared range (SWIR, ""extended NIR"", ca. 1000 to 2500 nm) has proven to provide enhanced characterization of paint materials. However, the interpretation of the results remains challenging due to the intrinsic complexity of the SWIR spectra, presenting both broad and narrow absorption features with possible overlaps. To cope with the high dimensionality and spectral complexity of such datasets acquired in the SWIR domain, one data treatment approach is tested, inspired by innovative development in the cultural heritage field: the use of a pigment spectral database (extracted from model and historical samples) combined with a deep neural network (DNN). This approach allows for multi-label pigment classification within each pixel of the data cube. Conventional Spectral Angle Mapping and DNN results obtained on both pigment reference samples and a Buddhist painting (thangka) are discussed.",2021,2021-09-13,article,en,26,29,True,gold,Sensors,journal,Émeline Pouyet; Tsveta Miteva; Neda Rohani; Laurence de Viguerie,Bellevue Hospital Center; Centre National de la Recherche Scientifique; Laboratoire de Chimie Physique - Matière et Rayonnement; Laboratoire d’Archéologie Moléculaire et Structurale; Microsoft (United States); Sorbonne Université,fr; us,2,1,Cultural Heritage Materials Analysis; Remote-Sensing Image Classification; Conservation Techniques and Studies,Hyperspectral imaging; Artificial intelligence; Data cube; Computer science; Pattern recognition (psychology); Remote sensing; Artificial neural network; Pixel; Infrared; Optics; Geology; Data mining; Physics,,,artificial intelligence; neural network,2,fr,v1,2026-08-13
https://openalex.org/W4399754261,https://doi.org/10.1007/s10722-024-02023-1,Is there a domestication syndrome in Vitis (Vitaceae) seed morphology?,"Abstract Characterizing plant genetic resources and understanding the domestication process are key challenges in horticulture. This study focuses on the common grapevine ( Vitis vinifera L.), employing molecular, ampelographic, and morphometric techniques to explore its domestication syndrome. We propose a combined domestication index for grape seeds, integrating six commonly used indices. Logistic regression and randomForest machine learning methods were employed to assess the probability of seed domestication. Analysis involved 4029 seeds from 783 samples, spanning live plants (cultivated, wild, feral), archaeological samples, and fossils. Results indicate a distinct domestication syndrome in grapevine seeds, notably characterized by a long stalk (&gt; 1 mm), with combined index values ranging from 0.83 to 1 and domestication probabilities of 0.75 to 1. This syndrome is prevalent in modern cultivars but absent in wild grapevines, aiding in the differentiation of archaeological materials. While not exclusive to Vitis vinifera , the domestication syndrome is characteristic of it, distinguishing it from wild Vitis sylvestris and suggesting isolated domestication events in a few American and Asian Vitis species. Fossil and archaeological materials exhibit low domestication values, hinting at the beginnings of domestication. However, dating reliability remains a challenge.",2024,2024-06-17,article,en,5,45,True,hybrid,Genetic Resources and Crop Evolution,journal,Concepción Obón; Diego-José Rivera-Obón; Javier Valera; Gonzalo Matilla; Francisco Alcaraz; D. Maghradze; Maia Kikvadze; Carlos-Alvar Ocete; Rafael Ocete Rubio; Anna Nebish; J. Abellán; José Antonio Palazón; Diego Rivera,Caucasus International University; Georgian Technical University; Gobierno de La Rioja; Instituto de Ciencias de la Vid y del Vino; Universidad de Murcia; Universitat de Miguel Hernández d'Elx; Yerevan State University; École Normale Supérieure - PSL,am; es; fr; ge,4,1,Horticultural and Viticultural Research; Fermentation and Sensory Analysis; Plant Physiology and Cultivation Studies,Vitaceae; Domestication; Biology; Morphology (biology); Botany; Vitis vinifera; Zoology; Ecology,,,machine learning,1,fr,v1,2026-08-13
https://openalex.org/W4318273589,,An artificial intelligence approach to classify archaeological wood charcoals : introduction of a case study with southernAfrican Prehistoric charcoals,,2022,2022-11-16,conference-paper,fr,0,0,False,closed,HAL (Le Centre pour la Communication Scientifique Directe),repository,Elysandre Puech; Vanna Lisa Coli; Marco Corneli; Quentin Le Roux; Isabelle Théry‐Parisot,"Cultures et Environnements. Préhistoire, Antiquité, Moyen Âge; Institut de Biologie Valrose; University of the Witwatersrand; Université Côte d'Azur",fr; za,2,1,Archaeology and Rock Art Studies; Image Processing and 3D Reconstruction; 3D Surveying and Cultural Heritage,Prehistory; Archaeology; Computer science; Artificial intelligence; History,,,artificial intelligence,1,fr,v1,2026-08-13
https://openalex.org/W4416953490,,Hyperspectral Imaging and Deep Neural Network for material classification in Cultural Heritage coloured surfaces,International audience,2025,2025-11-12,conference-paper,en,0,0,False,closed,HAL (Le Centre pour la Communication Scientifique Directe),repository,Patricia Giménez; Anne Michelin; Tsveta Miteva; Émeline Pouyet,Centre National de la Recherche Scientifique; Centre d'Écologie et des Sciences de la Conservation; Laboratoire de Chimie Physique - Matière et Rayonnement,fr,1,0,Aesthetic Perception and Analysis; Cultural Heritage Materials Analysis; Image Processing and 3D Reconstruction,Hyperspectral imaging; Artificial intelligence; Computer science; Cultural heritage; Artificial neural network; Remote sensing; Computer vision; Deep learning; Pattern recognition (psychology); Deep neural networks; Reflectivity; Geology; Convolutional neural network; Image processing; Geography; World heritage; Feature (linguistics),,,neural network,1,fr,v1,2026-08-13
https://openalex.org/W3093173778,https://doi.org/10.1145/3423323.3423415,Towards the Semantic-aware 3D Digitisation of Architectural Heritage,"The introduction of digital technologies into the practices of documentation, analysis and dissemination of cultural heritage is today an important issue not only in the sphere of computer science, but also in the humanities and social sciences as well as in conservation sciences. New scientific challenges are today at the crossroads of a few trends that shape the contemporary landscape of digital humanities: the democratisation of 3D digitisation means, the emergence of new approaches for the massive cross-analysis of digitised content, the on-going harmonisation of heritage information systems through the formalisation of multidisciplinary knowledge. Whilst recent advances in digital technologies have made it possible to introduce new tools that are making documentation practices evolve within the cultural heritage community, the management of multi-dimensional and multi-format data introduces new challenges, in particular the development of relevant analysis and interpretation methods, the sharing and correlation of heterogeneous data among several actors and contexts, and the centralised archiving of documentation results for long-term preservation purposes. The restoration of Notre-Dame de Paris is today an unprecedented opportunity to gather and analyse the many analytical and documentary resources produced by a large number of scientists and heritage professionals from different backgrounds on the same building. In collaboration with the other working groups of the french CNRS (National Centre for Scientific Research) / MC (Ministry of Culture) task force on the restoration of the cathedral (stone, stained glass, wood, metals, structure, acoustics, heritage emotions, etc.), the ""digital data"" WG focuses on the introduction of an innovative digital ecosystem - a 'Notre-Dame de Paris' digital twin - to bring together, analyse and correlate the multiple levels of reading that converge towards the production of new knowledge on the cathedral, its transformations over time, its materials, the alterations produced by the fire, as well as towards the restoration project. By combining recent advances in 3D digitisation, knowledge engineering, computer vision and shape analysis, our approach will take into account two complementary aspects. On the one hand, the description of the different steps taken by scientists to move from the observation of raw data to their interpretation in relation to other contextual data from the analysis of typical operating chains. On the other hand, the analysis of the spatial, temporal and semantic overlap of regions of ""multidisciplinary interest"" based on the correlation of annotations, vocabulary terms, qualitative attributes and morphological features.",2020,2020-10-12,conference-paper,en,26,0,False,closed,,,Livio De Luca,Centre National de la Recherche Scientifique,fr,1,0,3D Surveying and Cultural Heritage; Image Processing and 3D Reconstruction; Conservation Techniques and Studies,Documentation; Cultural heritage; World Wide Web; Computer science; Digital preservation; Data science; Library science; Geography; Archaeology; Programming language,,,computer vision,1,fr,v1,2026-08-13
https://openalex.org/W4413983481,https://doi.org/10.3390/rs17173092,"Interactive, Shallow Machine Learning-Based Semantic Segmentation of 2D and 3D Geophysical Data from Archaeological Sites","In recent decades, technological developments in archaeological geophysics have led to growing data volumes, so that an important bottleneck is now at the stage of data interpretation. The manual delineation and classification of anomalies are time-consuming, and different methods for (semi-)automatic image segmentation have been proposed, based on explicitly formulated rulesets or deep convolutional neural networks (DCNNs). So far, these have not been used widely in archaeological geophysics because of the complexity of the segmentation task (due to the low contrast between archaeological structures and background and the low predictability of the targets). Techniques based on shallow machine learning (e.g., random forests, RFs) have been explored very little in archaeological geophysics, although they are less case-specific than most rule-based methods, do not require large training sets as is the case for DCNNs, and can easily handle 3D data. In this paper, we show their potential for geophysical data analysis. For the classification on the pixel level, we use ilastik, an open-source segmentation tool developed in medical imaging. Algorithms for object classification, manual reclassification, post-processing, vectorisation, and georeferencing were brought together in a Jupyter Notebook, available on GitHub (version 7.3.2). To assess the accuracy of the RF classification applied to geophysical datasets, we compare it with manual interpretation. A quantitative evaluation using the mean intersection over union metric results in scores of ~60%, which only slightly increases after the manual correction of the RF classification results. Remarkably, a similar score results from the comparison between independent manual interpretations. This observation illustrates that quantitative metrics are not a panacea for evaluating machine-generated geophysical data interpretation in archaeology, which is characterised by a significant degree of uncertainty. It also raises the question of how the semantic segmentation of geophysical data (whether carried out manually or with the aid of machine learning) can best be evaluated.",2025,2025-09-04,article,en,0,59,True,gold,Remote Sensing,journal,Lieven Verdonck; Michel Dabas; Marc Bui,Archéologie et Philologie d’Orient et d’Occident; Centre National de la Recherche Scientifique; Ghent University; University of Cambridge; École Normale Supérieure - PSL; École Pratique des Hautes Études,be; fr; gb,3,1,Image Processing and 3D Reconstruction; Geophysical Methods and Applications; Archaeological Research and Protection,Geology; Segmentation; Computer science; Artificial intelligence; Geophysics,,,machine learning; neural network; convolutional,3,fr,v1,2026-08-13
https://openalex.org/W2980824708,https://doi.org/10.3390/info10100321,Conceptual Encoding and Advanced Management of Leonardo da Vinci’s Mona Lisa: Preliminary Results,"This paper describes a preliminary experiment concerning the use of advanced Artificial Intelligence/Knowledge Representation techniques to improve the present formalization/digitization procedures of Cultural Heritage assets—with reference, in particular, to all types of Cultural Heritage “iconographic” entities. In this context, in agreement with the recent proposal to characterize the digital description of Cultural Heritage items making use of the notion of “Cultural Heritage Digital Twin”, we are mainly concerned with the possibility to consider not only the external, “physical”, aspects of these iconographic items but also the “message” they convey in a more or less explicit way. For our experiment, some aspects of the Mona Lisa painting by Leonardo da Vinci have been formalized, along with their context, making use of NKRL, the “Narrative Knowledge Representation Language”. NKRL is, in reality, both a Knowledge Representation language and a full Computer Science environment, used to represent/manage in an advanced way “narrative” (in the widest meaning of this word) information. The initial results of the experiment are described in the paper, along with some thoughts about their possible interest and developments.",2019,2019-10-17,article,en,7,15,True,gold,Information,journal,Alessia Amelio; Gian Piero Zarri,"Sens, Texte, Informatique, Histoire; Sorbonne Université; University of Calabria",fr; it,2,1,Handwritten Text Recognition Techniques; Image Processing and 3D Reconstruction; 3D Surveying and Cultural Heritage,Encoding (memory); Art; Computer science; Art history; Artificial intelligence,,,artificial intelligence,1,fr,v1,2026-08-13
https://openalex.org/W3171101525,https://doi.org/10.1145/3460426.3463636,GCNBoost: Artwork Classification by Label Propagation through a Knowledge Graph,"The rise of digitization of cultural documents offers large-scale contents, opening the road for development of AI systems in order to preserve, search, and deliver cultural heritage. To organize such cultural content also means to classify them, a task that is very familiar to modern computer science. Contextual information is often the key to structure such real world data, and we propose to use it in form of a knowledge graph. Such a knowledge graph, combined with content analysis, enhances the notion of proximity between artworks so it improves the performances in classification tasks. In this paper, we propose a novel use of a knowledge graph, that is constructed on annotated data and pseudo-labeled data. With label propagation, we boost artwork classification by training a model using a graph convolutional network, relying on the relationships between entities of the knowledge graph. Following a transductive learning framework, our experiments show that relying on a knowledge graph modeling the relations between labeled data and unlabeled data allows to achieve state-of-the-art results on multiple classification tasks on a dataset of paintings, and on a dataset of Buddha statues. Additionally, we show state-of-the-art results for the difficult case of dealing with unbalanced data, with the limitation of disregarding classes with extremely low degrees in the knowledge graph.",2021,2021-08-24,conference-paper,en,30,26,False,closed,,,Cheikh Brahim El Vaigh; Noa García; Benjamin Renoust; Chenhui Chu; Yuta Nakashima; Hajime Nagahara,Centre National de la Recherche Scientifique; DBV Technologies (France); Institut de Recherche en Informatique et Systèmes Aléatoires; Kyoto University; The University of Osaka; Université de Rennes,fr; jp,2,1,Generative Adversarial Networks and Image Synthesis; Aesthetic Perception and Analysis; Visual Attention and Saliency Detection,Computer science; Graph; Knowledge graph; Digitization; Artificial intelligence; Cultural heritage; Information retrieval; Machine learning; Theoretical computer science; History; Archaeology; Computer vision,,,knowledge graph; convolutional,2,fr,v1,2026-08-13
https://openalex.org/W4405248553,https://doi.org/10.5334/jcaa.145,Deep Learning-Based Computer Vision Is Not Yet the Answer to Taphonomic Equifinality in Bone Surface Modifications,"The concept of equifinality is a central issue in taphonomy, conditioning an analyst’s ability to interpret the formation and functionality of palaeontological and archaeological sites. This issue lies primarily in the methods available to identify and characterise microscopic bone surface modifications (BSMs) in archaeological sites. Recent years have seen a notable increase in the number of studies proposing the use of deep learning (DL)-based computer vision (CV) algorithms on stereomicroscope images to overcome these issues. Few studies, however, have considered the possible limitations of these techniques. The present research performs a detailed evaluation of the quality of three previously published image datasets of BSMs, replicating the use of DL for the classification of these images. Algorithms are then subjected to rigorous testing. Despite what previous research suggests, DL algorithms are shown to not perform as well when exposed to new data. We additionally conclude that the quality of each of the three datasets is far from ideal for any type of analysis. This raises considerable concerns on the optimistic presentation of DL as a means of overcoming taphonomic equifinality. In light of this, extreme caution is advised until good quality, larger, balanced, datasets, that are more analogous with the fossil record, are available.",2024,2024-12-10,article,en,6,120,True,gold,Journal of Computer Applications in Archaeology,journal,Lloyd A. Courtenay; Nicolas Vanderesse; Luc Doyon; Antoine Souron,Université de Bordeaux,fr,1,0,Image Processing and 3D Reconstruction; Archaeological Research and Protection; 3D Surveying and Cultural Heritage,Equifinality; Taphonomy; Artificial intelligence; Computer science; Quality (philosophy); Machine learning; Paleontology; Geology; Epistemology; Philosophy,,,deep learning; computer vision,2,fr,v1,2026-08-13
https://openalex.org/W3207451576,https://doi.org/10.1016/j.jag.2021.102563,Automated detection of former field systems from airborne laser scanning data: a new approach for Historical Ecology,"Former field systems (FFS) are the most widespread traces of ancient activities in present European landscapes and represent significant perturbations to ecosystems. Through its ability to penetrate forest canopies and detect microlandforms, Airborne Laser Scanning data reveal archaeological relics over large areas, from periods older than the first available Historical Topographic Maps. Mapping these traces from ALS-derived data (e.g. Digital Elevation Model (DEM)) thus allows for a determination of a new temporal baseline in order to evaluate the effects of a longer history on current patterns of biodiversity. Here, we evaluate the ability of traditional machine learning (Random Forest-RF) and deep learning (Fully Connected Networks-FCN) models to detect Medieval Terraced slopes and Ridges and Furrows (RaF) from an ALS-derived DEM in the southern Vosges (1462 km2). We used a combination of Local Binary Patterns and topographical metrics to measure properties of FFS and to train detection models. We then assessed the relative performance of each model semantically and spatially. Our results demonstrated the high suitability of our approach for reproducing major trends in the landscape with a high level of similarity between the predicted and reference spatial patterns (Structural Similarity Index - SSIM > 0.75). RF outperformed FCN for Terraced Slopes, whilst minimizing the false positive rate. FCN slightly outperformed RF for the RaF dataset but showed promising abilities to survey unseen data with a low sensitivity to annotation errors. We suggest that this approach has the potential to offer new spatio-temporal possibilities in Historical Ecology studies as a means of automatically detecting past archaeological ecosystems from a landscape to a regional scale.",2021,2021-10-13,article,en,8,80,True,gold,International Journal of Applied Earth Observation and Geoinformation,journal,Pierre‐Alexis Herrault; Quentin Poterek; Benjamin Keller; Dominique Schwartz; Damien Ertlen,"Centre National de la Recherche Scientifique; Laboratoire Image, Ville, Environnement; Université de Strasbourg",fr,1,0,Archaeological Research and Protection; Remote Sensing and LiDAR Applications; Forest Ecology and Biodiversity Studies,Digital elevation model; Random forest; Field (mathematics); Laser scanning; Similarity (geometry); Remote sensing; Biodiversity; Elevation (ballistics); Computer science; Geography; Ecology; Artificial intelligence; Cartography; Image (mathematics); Mathematics; Pure mathematics; Geometry; Physics; Biology; Laser; Optics,,,machine learning; deep learning,2,fr,v1,2026-08-13
https://openalex.org/W7165042888,https://doi.org/10.5281/zenodo.20720688,From Notation to Motion: Preserving Baroque Dance as Intangible Cultural Heritage through 3D Computer Vision,"Historical Baroque dance, a cornerstone of European court culture primarily spanning the late 17th and early 18th centuries, represents a unique challenge for cultural heritage preservation. Unlike static arts, dance is ephemeral. While the era left behind rich resources—specifically handwritten manuals and the complex Beauchamp-Feuillet notation—interpreting these sources requires highly specialized knowledge. The difficulty of deciphering historical handwriting combined with abstract choreographic symbols creates a significant accessibility threshold, isolating this art form from the public and endangering its transmission as Intangible Cultural Heritage (ICH). This project proposes a comprehensive Digital Humanities pipeline utilizing AI to bridge the gap between archival sources and modern visual understanding. The framework begins with Optical Character Recognition (OCR) tailored for historical handwriting, allowing for the digitization and interpretation of original dance manuals. This textual and symbolic data then forward together with videos into a large model designed to detect and generate Baroque dance sequences in 3D, rendering the movements accessible for educational and archival purposes. Technically, we employ a two-stage approach for 3D human pose estimation. While end-to-end methods offer efficiency, our research prioritizes the higher accuracy inherent in two-stage approaches, which first detect 2D keypoints and subsequently lift them to 3D coordinates. To mitigate the scarcity of historical dancers and motion capture resources, we focus initially on solo dance sequences. We address the risk of overfitting through rigorous data augmentation and transfer learning techniques. A critical contribution of this research is the creation of a domain-specific dataset. Current state-of-the-art datasets for human pose estimation—such as Human3.6M, MPI-INF-3DHP, and EMDB—focus primarily on daily human actions. While specific dance databases like AIST and AIST++ exist, they lack the specific stylistic nuances, distinct postures, and ornamental gestures unique to the Baroque period. To fill this lacuna, we are collaborating with professional Baroque dancers to capture and annotate a dedicated dataset, establishing a ground truth that links historical notation to biomechanical reality. By converting static, handwritten historical records into dynamic 3D visualizations, this pipeline offers an all-encompassing view of Baroque performance. This not only lowers the barrier for public appreciation and amateur learning but also provides a scalable digital framework applicable to other forms of historical dance. Ultimately, this project demonstrates how computational methods—from OCR to 3D reconstruction—can serve as robust tools for protecting, preserving, and democratizing access to our shared, intangible cultural history.",2026,2026-01-01,conference-abstract,en,0,0,True,green,Zenodo (CERN European Organization for Nuclear Research),repository,Zhanyu Tuo,Laboratoire Médiations; Sorbonne Université,fr,1,0,Human Motion and Animation; Human Pose and Action Recognition; 3D Shape Modeling and Analysis,Dance; Cultural heritage; Visual arts; Digitization; Computer science; Rendering (computer graphics); Artificial intelligence; Intangible cultural heritage; Notation; Art; Interpretation (philosophy); Viewpoints,,,computer vision,1,fr,v1,2026-08-13
https://openalex.org/W7165021260,https://doi.org/10.5281/zenodo.20720689,From Notation to Motion: Preserving Baroque Dance as Intangible Cultural Heritage through 3D Computer Vision,"Historical Baroque dance, a cornerstone of European court culture primarily spanning the late 17th and early 18th centuries, represents a unique challenge for cultural heritage preservation. Unlike static arts, dance is ephemeral. While the era left behind rich resources—specifically handwritten manuals and the complex Beauchamp-Feuillet notation—interpreting these sources requires highly specialized knowledge. The difficulty of deciphering historical handwriting combined with abstract choreographic symbols creates a significant accessibility threshold, isolating this art form from the public and endangering its transmission as Intangible Cultural Heritage (ICH). This project proposes a comprehensive Digital Humanities pipeline utilizing AI to bridge the gap between archival sources and modern visual understanding. The framework begins with Optical Character Recognition (OCR) tailored for historical handwriting, allowing for the digitization and interpretation of original dance manuals. This textual and symbolic data then forward together with videos into a large model designed to detect and generate Baroque dance sequences in 3D, rendering the movements accessible for educational and archival purposes. Technically, we employ a two-stage approach for 3D human pose estimation. While end-to-end methods offer efficiency, our research prioritizes the higher accuracy inherent in two-stage approaches, which first detect 2D keypoints and subsequently lift them to 3D coordinates. To mitigate the scarcity of historical dancers and motion capture resources, we focus initially on solo dance sequences. We address the risk of overfitting through rigorous data augmentation and transfer learning techniques. A critical contribution of this research is the creation of a domain-specific dataset. Current state-of-the-art datasets for human pose estimation—such as Human3.6M, MPI-INF-3DHP, and EMDB—focus primarily on daily human actions. While specific dance databases like AIST and AIST++ exist, they lack the specific stylistic nuances, distinct postures, and ornamental gestures unique to the Baroque period. To fill this lacuna, we are collaborating with professional Baroque dancers to capture and annotate a dedicated dataset, establishing a ground truth that links historical notation to biomechanical reality. By converting static, handwritten historical records into dynamic 3D visualizations, this pipeline offers an all-encompassing view of Baroque performance. This not only lowers the barrier for public appreciation and amateur learning but also provides a scalable digital framework applicable to other forms of historical dance. Ultimately, this project demonstrates how computational methods—from OCR to 3D reconstruction—can serve as robust tools for protecting, preserving, and democratizing access to our shared, intangible cultural history.",2026,2026-01-01,conference-abstract,en,0,0,True,green,Zenodo (CERN European Organization for Nuclear Research),repository,Zhanyu Tuo,Laboratoire Médiations; Sorbonne Université,fr,1,0,Human Motion and Animation; Human Pose and Action Recognition; 3D Shape Modeling and Analysis,Dance; Cultural heritage; Visual arts; Digitization; Computer science; Rendering (computer graphics); Artificial intelligence; Intangible cultural heritage; Notation; Art; Interpretation (philosophy); Viewpoints,,,computer vision,1,fr,v1,2026-08-13
https://openalex.org/W3108964125,,,"Studies of Galactic structure and evolution have benefited enormously from Gaia kinematic information, though additional, intrinsic stellar parameters like age are required to best constrain Galactic models. Asteroseismology is the most precise method of providing such information for field star populations en masse, but existing samples for the most part have been limited to a few narrow fields of view by the CoRoT and Kepler missions. In an effort to provide well-characterized stellar parameters across a wide range in Galactic position, we present the second data release of red giant asteroseismic parameters for the K2 Galactic Archaeology Program (GAP). We provide V_{max} and Delta_{v} based on six independent pipeline analyses; first-ascent red giant branch (RGB) and red clump (RC) evolutionary state classifications from machine learning; and ready-to-use radius and mass coefficients, K_{R} and K_{M}, which, when appropriately multiplied by a solar-scaled effective temperature factor, yield physical stellar radii and masses. In total, we report 4395 radius and mass coefficients, with typical uncertainties of 3.3% (stat.) ± 1% (syst.) for K_{R} and 7.7% (stat.) ± 2% (syst.) for κM among RGB stars, and 5.0% (stat.) ± 1% (syst.) for K_{R} nd 10.5% (stat.) ± 2% (syst.) for κM among RC stars. We verify that the sample is nearly complete—except for a dearth of stars with V_{max} \\leqslant 10-20 mHz-by comparing to Galactic models and visual inspection. Our asteroseismic radii agree with radii derived from Gaia Data Release 2 parallaxes to within 2.2% ± 0.3% for RGB stars and 2.0% ± 0.6% for RC stars.",2020,2020-12-01,article,en,23,83,False,closed,UCL Discovery (University College London),repository,Joel Zinn; Dennis Stello; Y. Elsworth; R. A. García; T. Kallinger; S. Mathur; B. Mosser; L. Bugnet; Caitlin D. Jones; Marc Hon; Sanjib Sharma; Ralph Schönrich; Jack T. Warfield; Rodrigo Luger; Marc H. Pinsonneault; Jennifer A. Johnson; Daniel Huber; V. Silva Aguirre; W. J. Chaplin; G. R. Davies; A. Miglio,"ARC Centre of Excellence for All-sky Astrophysics; ASTRO-3D; Aarhus University; American Museum of Natural History; Astronomy and Space; Astrophysique, Instrumentation et Modélisation; CEA Paris-Saclay; Centre National de la Recherche Scientifique; Commissariat à l'Énergie Atomique et aux Énergies Alternatives; Délégation Paris 7; Flatiron Health (United States); Flatiron Institute; Institut de Recherche sur les Lois Fondamentales de l'Univers; Instituto de Astrofísica de Canarias; Laboratoire d’études spatiales et d’instrumentation en astrophysique; Observatoire de Paris; Planetary Science Institute; Sorbonne Paris Cité; Sorbonne Université; Space Science Institute; The Ohio State University; The University of Sydney; UNSW Sydney; Universidad de La Laguna; University College London; University of Birmingham; University of Hawaii System; University of Vienna; University of Washington; Université Paris Cité; Université Paris Sciences et Lettres; Université Paris-Saclay",at; au; dk; es; fr; gb; us,7,1,"Stellar, planetary, and galactic studies; Astronomy and Astrophysical Research; Gamma-ray bursts and supernovae",Physics; Asteroseismology; RADIUS; Astrophysics; Red-giant branch; Stars; Red clump; Algorithm; Artificial intelligence; Computer science; Milky Way; Metallicity; Computer security,,,machine learning,1,fr,v1,2026-08-13
https://openalex.org/W3190841872,https://doi.org/10.3390/computers10080094,Knowledge Graph Embedding-Based Domain Adaptation for Musical Instrument Recognition,"Convolutional neural networks raised the bar for machine learning and artificial intelligence applications, mainly due to the abundance of data and computations. However, there is not always enough data for training, especially when it comes to historical collections of cultural heritage where the original artworks have been destroyed or damaged over time. Transfer Learning and domain adaptation techniques are possible solutions to tackle the issue of data scarcity. This article presents a new method for domain adaptation based on Knowledge graph embeddings. Knowledge Graph embedding forms a projection of a knowledge graph into a lower-dimensional where entities and relations are represented into continuous vector spaces. Our method incorporates these semantic vector spaces as a key ingredient to guide the domain adaptation process. We combined knowledge graph embeddings with visual embeddings from the images and trained a neural network with the combined embeddings as anchors using an extension of Fisher’s linear discriminant. We evaluated our approach on two cultural heritage datasets of images containing medieval and renaissance musical instruments. The experimental results showed a significant increase in the baselines and state-of-the-art performance compared with other domain adaptation methods.",2021,2021-08-03,article,en,11,38,True,gold,Computers,journal,Victoria Eyharabide; Imad Eddine Ibrahim Bekkouch; Nicolae Constantin,"Romanian Academy; Sens, Texte, Informatique, Histoire; Sorbonne Université",fr; ro,2,1,Music and Audio Processing; Domain Adaptation and Few-Shot Learning; Generative Adversarial Networks and Image Synthesis,Computer science; Artificial intelligence; Embedding; Graph; Domain adaptation; Convolutional neural network; Domain knowledge; Machine learning; Theoretical computer science; Natural language processing; Pattern recognition (psychology); Classifier (UML),,,artificial intelligence; machine learning; neural network; knowledge graph; convolutional,5,fr,v1,2026-08-13
https://openalex.org/W2783389926,https://doi.org/10.3390/jimaging4010015,Transcription of Spanish Historical Handwritten Documents with Deep Neural Networks,"The digitization of historical handwritten document images is important for the preservation of cultural heritage. Moreover, the transcription of text images obtained from digitization is necessary to provide efficient information access to the content of these documents. Handwritten Text Recognition (HTR) has become an important research topic in the areas of image and computational language processing that allows us to obtain transcriptions from text images. State-of-the-art HTR systems are, however, far from perfect. One difficulty is that they have to cope with image noise and handwriting variability. Another difficulty is the presence of a large amount of Out-Of-Vocabulary (OOV) words in ancient historical texts. A solution to this problem is to use external lexical resources, but such resources might be scarce or unavailable given the nature and the age of such documents. This work proposes a solution to avoid this limitation. It consists of associating a powerful optical recognition system that will cope with image noise and variability, with a language model based on sub-lexical units that will model OOV words. Such a language modeling approach reduces the size of the lexicon while increasing the lexicon coverage. Experiments are first conducted on the publicly available Rodrigo dataset, which contains the digitization of an ancient Spanish manuscript, with a recognizer based on Hidden Markov Models (HMMs). They show that sub-lexical units outperform word units in terms of Word Error Rate (WER), Character Error Rate (CER) and OOV word accuracy rate. This approach is then applied to deep net classifiers, namely Bi-directional Long-Short Term Memory (BLSTMs) and Convolutional Recurrent Neural Nets (CRNNs). Results show that CRNNs outperform HMMs and BLSTMs, reaching the lowest WER and CER for this image dataset and significantly improving OOV recognition.",2018,2018-01-11,article,en,36,38,True,gold,Journal of Imaging,journal,Emilio Granell; Edgard Chammas; Laurence Likforman-Sulem; Carlos-D. Martínez-Hinarejos; Chafic Mokbel; Bogdan-Ionuţ Cîrstea,Institut Mines-Télécom; Télécom Paris; Universitat Politècnica de València; University of Balamand; Université Paris-Saclay,es; fr; lb,3,1,Handwritten Text Recognition Techniques; Natural Language Processing Techniques; Image Processing and 3D Reconstruction,Computer science; Digitization; Lexicon; Word error rate; Natural language processing; Artificial intelligence; Speech recognition; Transcription (linguistics); Vocabulary; Hidden Markov model; Handwriting; Language model; Optical character recognition; Handwriting recognition; Word (group theory); Artificial neural network; Image (mathematics); Linguistics; Feature extraction; Computer vision; Philosophy,,,neural network; convolutional,2,fr,v1,2026-08-13
https://openalex.org/W4408899403,https://doi.org/10.1016/j.jasrep.2025.105084,"Discriminating flint and chert raw materials with LA-ICP-MS/MS, compositional data analysis, and supervised machine learning for archaeological applications",,2025,2025-03-27,article,en,0,84,False,closed,Journal of Archaeological Science Reports,journal,Marie Imbeaux; Pierre‐Yves Collin; Fabrice Monna; Benoît Caron; Rémi Martineau; Jehanne Affolter; Carmela Chateau‐Smith,"Archéologie, Terre, Histoire, Sociétés; Biogéosciences; Centre National de la Recherche Scientifique; Institut des Sciences de la Terre de Paris; Sorbonne Université; University of Neuchâtel; Université de Bourgogne",ch; fr,2,1,Geochemistry and Geologic Mapping; Archaeology and ancient environmental studies; Mineralogy and Gemology Studies,Archaeology; Archaeological science; Geology; Compositional data; Raw material; Mineralogy; Computer science; Chemistry; Geography; Machine learning; Organic chemistry,,,machine learning,1,fr,v1,2026-08-13
https://openalex.org/W4394748507,https://doi.org/10.2139/ssrn.4792694,"Discriminating Flint Raw Materials with La-Icp-Ms/Ms, Compositional Data Analysis (Coda), and Supervised Machine Learning for Archaeological Applications",,2024,2024-01-01,preprint,en,0,41,True,green,SSRN Electronic Journal,repository,Marie Imbeaux; Pierre‐Yves Collin; Fabrice Monna; Benoît Caron; Rémi Martineau; Jehanne Affolter; Carmela Chateau‐Smith,Biogéosciences; Institut des Sciences de la Terre de Paris; Sorbonne Université; Université de Bourgogne,fr,1,0,Geochemistry and Geologic Mapping; Geological and Geochemical Analysis; Archaeology and ancient environmental studies,Coda; Computer science; Download; Raw data; Artificial intelligence; World Wide Web; Seismology; Geology; Programming language,,,machine learning,1,fr,v1,2026-08-13
https://openalex.org/W4379616184,https://doi.org/10.1016/j.culher.2023.05.017,Semi-automatic classification of digital heritage on the Aïoli open source 2D/3D annotation platform via machine learning and deep learning,"Today, digital tools represent a privileged means of describing and understanding of cultural heritage. However, existing hybrid methods for semantic annotation on digital models are mostly manual and require considerable human intervention. This may cause data dispersion or data alteration issues, preventing the digital collection of multidisciplinary heritage information in collaborative valorization and conservation projects. Tackling this problem, this work presents three different methods for more automated 2D/3D data annotation, making the most of Machine Learning or Deep Learning and of the collaborative, web-based annotation platform Aïoli. The proposed approaches are designed to assist heritage experts in the hybrid annotation of architectural objects, e.g., to identify building components, degradation patterns, mapping of alterations, materials etc. and to share and access 2D/3D information via the web. The work aims at providing public and private stakeholders in charge of restoration and conservation activities with a set of more automated annotation tools, allowing to: i) preserve data in the transition to different representation types; ii) propagate analytically relevant information via digital models and/or images; iii) share heritage-related data on the web with an open source strategy. The validated workflows sketch the outlines of a dedicated and user-friendly toolbar for semi-automatic annotation, directly integrated into the Aïoli user interface, where automated annotation tools are readily available to the community of heritage professionals to properly support documentation and restoration activities.",2023,2023-06-07,article,en,25,38,True,hybrid,Journal of Cultural Heritage,journal,Valeria Croce; Adeline Manuel; Gabriella Caroti; Andrea Piemonte; Livio De Luca; P. Véron,Arts et Métiers; Centre National de la Recherche Scientifique; Délégation Provence et Corse; Laboratoire d’Ingénierie des Systèmes Physiques et Numériques; University of Pisa,fr; it,2,1,3D Surveying and Cultural Heritage; Conservation Techniques and Studies; Remote Sensing and LiDAR Applications,Annotation; Computer science; Documentation; Cultural heritage; World Wide Web; Workflow; Data science; Information retrieval; Artificial intelligence; Database; History; Programming language; Archaeology,,,machine learning; deep learning,2,fr,v1,2026-08-13
https://openalex.org/W4415186181,,Methodological developments in X-ray analysis of Cultural Heritage artworks : mobile instrumentation and artificial intelligence applied to the analysis of big data,"Les questions de savoir quand, où, comment et par qui a été fabriqué un objet ainsi que son évolution dans le temps, ont toujours été au cœur des problématiques des historiens de l’art, conservateurs ou archéologues. Depuis plusieurs décennies maintenant, ces derniers entretiennent des relations étroites avec les chercheurs en science des matériaux et ses disciplines connexes afin d’accroître leurs connaissances sur les savoir-faire anciens des artistes et artisans. Cependant, les analyses physiques ou chimiques menées se heurtent à deux obstacles principaux : d’une part, l’impossibilité de déplacer certaines œuvres car trop volumineuses ou sujettes à de potentielles dégradations lors du transport et, d’autre part, la méthode usuelle consistant à micro-prélever souffre de son invasivité et d’un manque de représentativité. Dans ce contexte, l’objectif principal de cette thèse est de concevoir et de développer des méthodes pour l’analyse d’œuvres issues du patrimoine culturel. Notre approche a consisté à combiner, le long d’une chaîne de mesure, les méthodes de spectroscopie de fluorescence des rayons X (XRF) et de diffraction des rayons X sur poudre (XRPD) dont la complémentarité assure une caractérisation élémentaire et structurale des matériaux. Deux corpus d’œuvres, les manuscrits de la Grande Chartreuse et les « brocarts appliqués » de l’ancien Duché de Savoie, considérés comme des cas d’étude, ont permis la mise en place et le développement de ces aspects méthodologiques. Une approche non-invasive à l’aide d’un instrument mobile, conçu et réalisé en interne puis calibré et optimisé au cours de cette thèse, a permis une première analyse matérielle des œuvres et de guider le prélèvement de microéchantillons afin de s’assurer de leur pertinence. Ces derniers, dont il est crucial de comprendre la stratigraphie, ont été étudiés à l’aide de techniques d’imagerie synchrotron (XRPD et XRF en mode tomographie et cartographie) de haute résolution qui génèrent des quantités massives de données. Une grande partie des travaux de cette thèse a donc concerné la mise au point et les tests d’une méthode originale d’analyse quantitative de ces données utilisant des algorithmes d’apprentissage profond. Nous avons ainsi développé une méthode de génération de données d’apprentissage et optimisé un réseau de neurones simple permettant d’obtenir les proportions des différentes phases cristallines en chaque point de l’échantillon. Les logiciels issus de ce travail sont publics et disponibles pour la communauté, et peuvent naturellement être utilisés dans d’autres contextes de la science des matériaux.",2024,2024-10-17,dissertation,fr,0,0,True,green,theses.fr (ABES),repository,Victor Poline,Institut Néel,fr,1,0,Image Processing and 3D Reconstruction; Aesthetic Perception and Analysis,Humanities; Art; Ethnology; Cultural heritage; Philosophy; Sociology; Computer science; Applications of artificial intelligence; Cartography; Ethnography,,,artificial intelligence,1,fr,v1,2026-08-13
https://openalex.org/W4411325176,https://doi.org/10.1108/tr-11-2024-0987,Clustering sustainable tourism destinations through Instagram photo analysis: a machine learning approach,"Purpose This study uses advanced machine learning (ML) techniques to analyze Instagram photos and cluster sustainable tourism destinations. By revealing visual patterns and themes, it provides valuable insights into user-generated content (UGC) and its influence on destination image formation. Using established methods such as k-means clustering and semantic analysis, this study aims to enhance sustainable tourism promotion by optimizing targeted marketing strategies and improving the overall tourist experience. Design/methodology/approach This study uses ML to analyze Instagram images through a four-step approach. The authors collected 208 posts and 1,890 images, ensuring data accuracy via cleansing. Each image was labeled for machine understanding using the Doc2Vec model to capture semantic meaning from captions. Finally, the authors applied k-means clustering to group posts based on similarities in visual motifs and hashtag usage, enhancing interpretability and contributing to the field of image classification through advanced ML techniques. Findings This study demonstrates that ML effectively clusters sustainable tourism destinations on Instagram, identifying four key themes: “Natural landscapes,” “Historical and archaeological,” “Branding and graphics” and “Cultural heritage.” Popular destinations like Marrakech, Aït Bouguemez and Dakhla dominate image concentrations. These insights provide actionable strategies for promoting sustainability, enhancing destination branding and tailoring marketing approaches for Morocco and similar global destinations. Practical implications The research contributes to the global effort to address how Morocco’s commitment to sustainable tourism can be included in the Sustainable Development Goals. It provides insights into forecasting regional tourism demand and coastal management strategies for sustainable tourism development in Morocco. Originality/value This paper offers data-driven insights into the visual representation of sustainable tourism destinations, thereby providing a valuable resource for policymakers and practitioners seeking to inform their decisions and actions. The proposed method can be leveraged to inform policy and practice in sustainable tourism, ultimately supporting local businesses and promoting eco-friendly travel practices.",2025,2025-06-16,article,en,5,89,False,closed,Tourism Review,journal,Mohadese Basirati; Abderrahim Laachach,Abdelmalek Essaâdi University; Mines Saint-Étienne,fr; ma,2,1,Diverse Aspects of Tourism Research; Digital Marketing and Social Media; Culinary Culture and Tourism,Cluster analysis; Tourism; Destinations; Tourist destinations; Business; Computer science; Marketing; Artificial intelligence; Political science; Law,,,machine learning,1,fr,v1,2026-08-13
https://openalex.org/W3205087473,https://doi.org/10.1145/3475720.3484445,Searching Silk Fabrics by Images Leveraging on Knowledge Graph and Domain Expert Rules,"The production of European silk textile is an endangered intangible cultural heritage. Digital tools can nowadays be developed to help preserving it, or even to make it more accessible for the public and the fashion industry. In this paper, we propose an image-based retrieval tool that leverages on a knowledge graph describing the silk textile production as well as rules formulated by experts of this domain. Out of several possible similarity scenarios, two have proven to work best and have been integrated into an exploratory search engine.",2021,2021-10-17,conference-paper,en,10,34,False,closed,,,Thomas Schleider; Raphaël Troncy; Thibault Ehrhart; Mareike Dorozynski; Franz Rottensteiner; Jorge Sebastián Lozano; Georgia Lo Cicero,EURECOM; Leibniz University Hannover; Universitat de València; University of Palermo,de; es; fr; it,4,1,Advanced Image and Video Retrieval Techniques; Image Retrieval and Classification Techniques; Multimodal Machine Learning Applications,Computer science; Cultural heritage; Knowledge graph; Graph; Textile; SILK; Domain (mathematical analysis); Public domain; Production (economics); Information retrieval; Data science; Theoretical computer science; Geography; Mathematics; Archaeology; Operating system; Economics; Mathematical analysis; Macroeconomics,,,knowledge graph,1,fr,v1,2026-08-13
https://openalex.org/W3158106200,https://doi.org/10.1186/s13071-021-04721-6,Machine learning approach to support taxonomic species discrimination based on helminth collections data,"BACKGROUND: There are more than 300 species of capillariids that parasitize various vertebrate groups worldwide. Species identification is hindered because of the few taxonomically informative structures available, making the task laborious and genus definition controversial. Thus, its taxonomy is one of the most complex among Nematoda. Eggs are the parasitic structures most viewed in coprological analysis in both modern and ancient samples; consequently, their presence is indicative of positive diagnosis for infection. The structure of the egg could play a role in genera or species discrimination. Institutional biological collections are taxonomic repositories of specimens described and strictly identified by systematics specialists. METHODS: The present work aims to characterize eggs of capillariid species deposited in institutional helminth collections and to process the morphological, morphometric and ecological data using machine learning (ML) as a new approach for taxonomic identification. Specimens of 28 species and 8 genera deposited at Coleção Helmintológica do Instituto Oswaldo Cruz (CHIOC, IOC/FIOCRUZ/Brazil) and Collection de Nématodes Zooparasites du Muséum National d'Histoire Naturelle de Paris (MNHN/France) were examined under light microscopy. In the morphological and morphometric analyses (MM), the total length and width of eggs as well as plugs and shell thickness were considered. In addition, eggshell ornamentations and ecological parameters of the geographical location (GL) and host (H) were included. RESULTS: The performance of the logistic model tree (LMT) algorithm showed the highest values in all metrics compared with the other algorithms. Algorithm J48 produced the most reliable decision tree for species identification alongside REPTree. The Majority Voting algorithm showed high metric values, but the combined classifiers did not attenuate the errors revealed in each algorithm alone. The statistical evaluation of the dataset indicated a significant difference between trees, with GL + H + MM and MM only with the best scores. CONCLUSIONS: The present research proposed a novel procedure for taxonomic species identification, integrating data from centenary biological collections and the logic of artificial intelligence techniques. This study will support future research on taxonomic identification and diagnosis of both modern and archaeological capillariids.",2021,2021-05-01,article,en,21,30,True,gold,Parasites & Vectors,journal,Victor Hugo Borba; Coralie Martin; José Roberto Machado-Silva; Samanta Cristina das Chagas Xavier; Flávio Luís de Mello; Alena Mayo Iñiguez,Centre National de la Recherche Scientifique; Fundação Oswaldo Cruz; Molécules de Communication et Adaptation des Micro-organismes; Universidade Federal do Rio de Janeiro,br; fr,2,1,Parasite Biology and Host Interactions; Parasites and Host Interactions; Digital Imaging for Blood Diseases,Biology; Zoology; Systematics; Taxonomy (biology); Genus; Identification (biology); Ecology,,,artificial intelligence; machine learning,2,fr,v1,2026-08-13
https://openalex.org/W4401228635,https://doi.org/10.1177/01622439241262854,"Trained Judgements Artificial Intelligence, Epistemic Tensions and the Production of Scientific Objectivity","In this paper, we investigate uses of AI (Artificial intelligence) in two distinct fields: radiology and prehistoric archaeology. We examine the normative tensions between the scripts encapsulated within the technology and pre-existing professional and epistemic cultures, as well as the situations in which mechanical objectivity fits with local norms. Through ethnographic observation and interviews in French field sites, we show how in radiology a specific definition of “normal” bodies, embedded within detection tools, conflicts with medical practice, and the way in which non-consensual knowledge in archaeology can challenge the prediction of soil occupation in a prehistoric site. We also highlight the conditions under which AI tools can adhere to certain epistemic norms and become part of professional practices in radiology and prehistoric archaeology. While in radiology AI is judged by its ability to close uncertainties without imposing binary categories, in prehistoric archaeology, its epistemic validity depends on mobilizing exogenous scientific data to increase researchers’ reflexivity about their practices and knowledge, suggesting new clues and explanatory paths. This article demonstrates the effectiveness of AI technologies is shaped by local constraints, and why their objectivity is not a given property but an emergent feature arising from specific contexts of use.",2024,2024-07-31,article,en,2,61,False,closed,Science Technology & Human Values,journal,Giulia Anichini; Baptiste Kotras,"Centre de Recherche Médecine, Sciences, Santé, Santé Mentale, Société; Centre de Recherche Médicale et Sanitaire; Laboratoire Interdisciplinaire Sciences, Innovations, Sociétés",fr; ne,2,1,Forensic Anthropology and Bioarchaeology Studies; Paleopathology and ancient diseases; Pleistocene-Era Hominins and Archaeology,Objectivity (philosophy); Normative; Reflexivity; Epistemology; Prehistory; Sociology; Field (mathematics); Archaeology; Psychology; Anthropology; History; Philosophy; Mathematics; Pure mathematics,,,artificial intelligence,1,fr,v1,2026-08-13
https://openalex.org/W2998012878,https://doi.org/10.15496/publikation-87772,Extraction of Linear Structures from LIDAR Images Using a Machine Learning Approach,"LiDAR (Light Detection And Ranging) technology makes it possible to generate highly accurate elevation models from the ground whatever the nature of the plant cover. LiDAR elevation models have proliferated during the past decade, delivering an unprecedented number of original archaeological finds in the forest. These include habitat, agricultural or funeral structures prior to the existence of forest cover, and also archaeological micro-structures directly linked to past forest economy. Until recently, LiDAR acquisitions in France were limited to small areas. However, the recent and rapid supply of large-scale reference data by the National Geographic Institute provides large amounts of very high-resolution data about areas covering several thousand square kilometers that were previously little known from an archaeological point of view. Manual digitization of remains is a time-consuming activity and does not guarantee exhaustive recognition of features. As part of the “SOLiDAR” project (a tribute to the federation of unions Solidarność) (http://citeres.univ-tours.fr/spip.php?article2133), we present a Machine Learning approach enabling reliable and flexible extraction and characterization of archaeological structures discovered in the LiDAR datasets. We have developed an open human-machine interface (HMI) that is accessible to the majority of archaeologists. This system, far from being a “black box”, can automatically process the remains but can also be used step by step, leaving the user to decide whether or not to validate the different processing parameters.",2023,2023-10-17,conference-paper,en,2,0,True,green,HAL (Le Centre pour la Communication Scientifique Directe),repository,"Clément Laplaige; Jean-Yves Ramel; Xavier Rodier; Bai, Shuo; Guillaume, Ronan","CItés, Territoires, Environnement et Sociétés; Laboratoire d'Informatique Fondamentale et Appliquée de Tours",fr,1,0,Archaeological Research and Protection; 3D Surveying and Cultural Heritage; Image Processing and 3D Reconstruction,Lidar; Computer science; Context (archaeology); Vectorization (mathematics); Focus (optics); Artificial intelligence; Spotting; Extraction (chemistry); Feature extraction; Image processing; Computer vision; Pattern recognition (psychology); Machine learning; Remote sensing; Image (mathematics); Archaeology; Geography; Chromatography; Optics; Physics; Parallel computing; Chemistry,,,machine learning,1,fr,v1,2026-08-13
https://openalex.org/W3160683459,https://doi.org/10.1371/journal.pone.0260707,Automated segmentation of microtomography imaging of Egyptian mummies,"Propagation Phase Contrast Synchrotron Microtomography (PPC-SRμCT) is the gold standard for non-invasive and non-destructive access to internal structures of archaeological remains. In this analysis, the virtual specimen needs to be segmented to separate different parts or materials, a process that normally requires considerable human effort. In the Automated SEgmentation of Microtomography Imaging (ASEMI) project, we developed a tool to automatically segment these volumetric images, using manually segmented samples to tune and train a machine learning model. For a set of four specimens of ancient Egyptian animal mummies we achieve an overall accuracy of 94-98% when compared with manually segmented slices, approaching the results of off-the-shelf commercial software using deep learning (97-99%) at much lower complexity. A qualitative analysis of the segmented output shows that our results are close in terms of usability to those from deep learning, justifying the use of these techniques.",2021,2021-12-15,article,en,7,38,True,gold,PLoS ONE,journal,Marc Tanti; Camille Berruyer; Paul Tafforeau; Adrian Muscat; Reuben A. Farrugia; Kenneth Scerri; Gianluca Valentino; Vicente Armando Solé; Johann A. Briffa,European Synchrotron Radiation Facility; University of Malta,fr; mt,2,1,Paleopathology and ancient diseases; Cultural Heritage Materials Analysis; Nuclear Physics and Applications,Segmentation; Computer science; Artificial intelligence; Usability; Software; X-ray microtomography; Deep learning; Computer vision; Pattern recognition (psychology); Optics; Physics; Human–computer interaction; Programming language,,,machine learning; deep learning,2,fr,v1,2026-08-13
https://openalex.org/W4399830039,https://doi.org/10.3390/jimaging10060148,Weakly Supervised SVM-Enhanced SAM Pipeline for Stone-by-Stone Segmentation of the Masonry of the Loire Valley Castles,"The preservation of historical monuments presents a formidable challenge, particularly in monitoring the deterioration of building materials over time. Chateau de Chambord's facade suffers from common issues such as flaking and spalling, which require meticulous stone and joint mapping from experts manually for restoration efforts. Advancements in computer vision have allowed machine-learning models to help in the automatic segmentation process. In this research, a custom architecture defined as SAM-SVM is proposed, to perform stone segmentation, based on the Segment Anything Model (SAM) and Support Vector Machines (SVM). By exploiting the zero-shot learning capabilities of SAM and its customizable input parameters, we obtain segmentation mask for stones and joints, which are then classified using SVM. Two more SAMs (three in total) are used, depending on how many stones are left to segment. Through extensive experimentation and evaluation, supported by computer vision methods, the proposed architecture achieves a Dice coefficient of 85%. Our results highlight the potential of SAM in cultural heritage conservation, providing a scalable and efficient solution for stone segmentation in historic monuments. This research contributes valuable insights and methodologies to the ongoing conservation efforts of Château de Chambord and could be extrapolated to other monuments.",2024,2024-06-19,article,en,2,17,True,gold,Journal of Imaging,journal,Stuardo Lucho; Sylvie Treuillet; Xavier Desquesnes; Rémy Leconge; Xavier Brunetaud,"Laboratoire Pluridisciplinaire de Recherche en Ingénierie des Systèmes, Mécanique et Energétique; Université d'Orléans",fr,1,0,3D Surveying and Cultural Heritage; Geophysical Methods and Applications; Infrastructure Maintenance and Monitoring,Segmentation; Pipeline (software); Computer science; Support vector machine; Artificial intelligence; Facade; Cultural heritage; Architecture; Process (computing); Masonry; Image segmentation; Machine learning; Computer vision; Archaeology; Geography; Operating system; Programming language,,,computer vision,1,fr,v1,2026-08-13
https://openalex.org/W4410590544,https://doi.org/10.1007/s10044-025-01484-z,Solving jigsaw puzzles with vision transformers,"Abstract Puzzle-solving is a problem having applications for instance in archaeology and cultural heritage. Proposed solutions often suffer from a performance loss when the pieces are eroded, a characteristic that is pervasive across various use—cases such as frescoes reconstruction. Most approaches divide the problem into two fundamental phases: discriminating and then positioning the pieces. We focus on the case of puzzles with square pieces, without any missing or extraneous pieces, and we introduce the first two-step deep learning solution capable of efficiently solving puzzles, from discrimination to piece placement, while remaining robust to erosion. In the context of permutation learning, we propose to use transformers to determine the correct placement of the pieces and an encoder that uses the information at the edge of the pieces. This method sets a new state of the art, achieving a significant performance gain, and introduces a new approach for learning similarity functions in the context of puzzle solving.",2025,2025-05-22,article,en,1,40,True,hybrid,Pattern Analysis and Applications,journal,Gaël Heck; Nicolas Lermé; Sylvie Le Hégarat‐Mascle,Laboratoire des systèmes et applications des technologies de l'information et de l'énergie; Université Paris-Saclay,fr,1,0,Image Processing and 3D Reconstruction; 3D Surveying and Cultural Heritage; Archaeological Research and Protection,Jigsaw; Computer science; Artificial intelligence; Transformer; Computer vision; Pattern recognition (psychology); Mathematics education; Psychology; Engineering; Electrical engineering; Voltage,,,deep learning,1,fr,v1,2026-08-13
https://openalex.org/W4407410383,https://doi.org/10.1139/facets-2024-0180,An ensemble machine learning bioavailable strontium isoscape for Eastern Canada,"Bioavailable strontium isotope ratios ( 87 Sr/ 86 Sr) distribution across the landscape mainly follow the underlying lithology, making 87 Sr/ 86 Sr baseline maps (isoscapes) powerful tools for provenance studies. 87 Sr/ 86 Sr has already been used in Eastern Canada (EC) to track food and human remains origins, or to reconstruct animal mobility. While bioavailable 87 Sr/ 86 Sr isoscapes for EC can be extrapolated from global datasets using random forest modelling (RF), no regionally calibrated isoscape exists. Here, we produce a regionally calibrated bioavailable 87 Sr/ 86 Sr isoscape by analysing plants collected at 136 sites across EC, incorporating updated geological variables and applying a novel ensemble machine learning (EML) framework. We generated and compared isoscapes generated by the traditional RF and the EML approaches. Adding local bioavailable 87 Sr/ 86 Sr to a global dataset significantly improved the model prediction with a drastic increase of predicted 87 Sr/ 86 Sr and increased spatial uncertainty in the northern Canadian craton. EML produced similar 87 Sr/ 86 Sr predictions but with tighter spatial uncertainty distribution. Regionally calibrated RF and EML isoscapes significantly outperformed the global bioavailable RF isoscape, confirming the requirement for collecting local data in data-poor regions. This isoscape provides a baseline in EC to monitor and manage the movements and provenance of agricultural products, natural resources, endangered/harmful migratory species, and archaeological human remains and artifacts.",2025,2025-01-01,article,en,11,93,True,gold,FACETS,journal,Maël Le Corre; Felipe Dargent; Vaughan Grimes; Joshua Wright; Steeve D. Côté; Megan S. Reich; Jean-Noël Candau; Marrissa Miller; Brent Holmes; Clément P. Bataille; Kate Britton,Archéozoologie et Archéobotanique; Carleton University; Environmental Earth Sciences; Memorial University of Newfoundland; Natural Resources Canada; University of Aberdeen; University of Ottawa; Université Laval,au; ca; fr; gb,4,1,Nuclear Physics and Applications; Machine Learning in Materials Science; Metabolomics and Mass Spectrometry Studies,Strontium; Bioavailability; Computer science; Chemistry; Biology; Bioinformatics; Organic chemistry,,,machine learning,1,fr,v1,2026-08-13
https://openalex.org/W2886593631,https://doi.org/10.34874/imist.prsm/fsejournal-v7i1.28510,The Hassan mosque at the digital era,"About ten years ago, the double behest of late Driss Aboutajdine and El Mustapha Mouaddib permitted setting up research partnership on the use of image processing and cultural heritage. In 2015, despite his workload, Professor Driss Aboutajdine has put all his energy so a common complementary action could take place and occur, convening hence the numerical sciences, precisely 3D techniques, serving cultural heritage. This action went on to give birth to Athar-3D project, with the ambition to resolve questions pertaining to 3D modeling and computer vision having along a positive impact on cultural and architectural heritage perception. The research we carried out in this framework aims to the digitizing of Hassan Mosque, its reconstitution and the achievement of mechanism and application to heighten awareness and to better know and communicate about cultural heritage matter. To our knowledge, this is the first work of its kind and with this scientific extent on cultural and architectural heritage in Morocco. Moreover, finding an extension of academic research in the dissemination, the bringing back and mediation on this monument that stands for a symbol and emblem of Morocco’s capital, is a direct valorization of research work performed in Moroccan research laboratories. This paper presents representative results of the whole project, including its historical and arts history, especially on Rabat Hassan Mosque. We are providing, for the first time, results that make possible 3D display of what Hassan Mosque might looks like. This model with the vocation to be a scientific support and medium and to which we attempted to bring all the necessary rigor. This will serve the scientific study of the monument, the popularization and awareness raising with respect to cultural heritage matters in general and Hassan Mosque in particular. We hope, therefore, to remain faithful to one of the wishes of Professor Driss Aboutajdine, which is to ensure that scientific research directly impact the society",2021,2021-10-08,article,en,1,0,True,green,HAL (Le Centre pour la Communication Scientifique Directe),repository,Farouk Achakir; François Pierrot; Sanaa El Fkihi; Mina El Mghari; Mohamed Ettarid; El Mustapha Mouaddib; Amina Radgui,Institut Agronomique et Vétérinaire Hassan II; Institut national de l’information géographique et forestière; Laboratoire de Recherche en Informatique; Mohammed V University; Université de Picardie Jules Verne; École Nationale Supérieure d'Informatique,dz; fr; ma,3,1,Historical Studies of Medieval Iberia; 3D Surveying and Cultural Heritage,Cultural heritage; Action (physics); General partnership; Cultural history; Symbol (formal); Visual arts; Intangible cultural heritage; Emblem; The arts; Sociology; History; Media studies; Art; Political science; Computer science; Anthropology; Archaeology; Law; Physics; Quantum mechanics; Programming language,,,computer vision,1,fr,v1,2026-08-13
https://openalex.org/W2980213260,https://doi.org/10.3390/ijgi8100442,Automatic Detection of Objects in 3D Point Clouds Based on Exclusively Semantic Guided Processes,"In the domain of computer vision, object recognition aims at detecting and classifying objects in data sets. Model-driven approaches are typically constrained through their focus on either a specific type of data, a context (indoor, outdoor) or a set of objects. Machine learning-based approaches are more flexible but also constrained as they need annotated data sets to train the learning process. That leads to problems when this data is not available through the specialty of the application field, like archaeology, for example. In order to overcome such constraints, we present a fully semantic-guided approach. The role of semantics is to express all relevant knowledge of the representation of the objects inside the data sets and of the algorithms which address this representation. In addition, the approach contains a learning stage since it adapts the processing according to the diversity of the objects and data characteristics. The semantic is expressed via an ontological model and uses standard web technology like SPARQL queries, providing great flexibility. The ontological model describes the object, the data and the algorithms. It allows the selection and execution of algorithms adapted to the data and objects dynamically. Similarly, processing results are dynamically classified and allow for enriching the ontological model using SPARQL construct queries. The semantic formulated through SPARQL also acts as a bridge between the knowledge contained within the ontological model and the processing branch, which executes algorithms. It provides the capability to adapt the sequence of algorithms to an individual state of the processing chain and makes the solution robust and flexible. The comparison of this approach with others on the same use case shows the efficiency and improvement this approach brings.",2019,2019-10-08,article,en,10,46,True,gold,ISPRS International Journal of Geo-Information,journal,Jean-Jacques Ponciano; Alain Trémeau; Frank Boochs,Laboratoire Hubert Curien; University of Applied Sciences Mainz,de; fr,2,1,3D Surveying and Cultural Heritage; Remote Sensing and LiDAR Applications; Image Processing and 3D Reconstruction,Computer science; SPARQL; Knowledge representation and reasoning; Semantics (computer science); Artificial intelligence; Semantic data model; Object (grammar); Field (mathematics); Ontology; Information retrieval; Semantic Web; Machine learning; RDF; Programming language; Pure mathematics; Philosophy; Mathematics; Epistemology,,,machine learning; computer vision,2,fr,v1,2026-08-13
https://openalex.org/W2892032594,https://doi.org/10.1007/978-3-030-01231-1_10,Image Reassembly Combining Deep Learning and Shortest Path Problem,,2018,2018-01-01,conference-paper,en,28,31,True,green,Lecture notes in computer science,book series,Marie-Morgane Paumard; David Picard; Hedi Tabia,CY Cergy Paris Université; Centre National de la Recherche Scientifique; Equipes Traitement de l'Information et Systèmes; LIP6; Sorbonne Université; Université Paris-Seine; École Nationale Supérieure de l'Électronique et de ses Applications,fr,1,0,Image Processing and 3D Reconstruction; Archaeological Research and Protection; Handwritten Text Recognition Techniques,Shortest path problem; Computer science; Artificial intelligence; Deep learning; Graph; Image (mathematics); Path (computing); Set (abstract data type); Theoretical computer science; Computer vision; Algorithm; Programming language,,,deep learning,1,fr,v1,2026-08-13
https://openalex.org/W4382865679,https://doi.org/10.3389/fevo.2023.1178379,Bioclimatic inference based on mammal community using machine learning regression models: perspectives for paleoecological studies,"Climate has played a significant role in shaping the distribution of mammal species across the world. Mammal community composition can therefore be used for inferring modern and past climatic conditions. Here, we develop a novel approach for bioclimatic inference using machine learning (ML) algorithms, which allows for accurate prediction of a set of climate variables based on the composition of the faunal community. The automated dataset construction process aggregates bioclimatic variables with modern species distribution maps, and includes multiple taxonomic ranks as explanatory variables for the predictions. This yields a large dataset that can be used to produce highly accurate predictions. Various ML algorithms that perform regression have been examined. To account for spatial dependence in our data, we employed a geographical block validation approach for model validation and selection. The random forest (RF) outperformed the other evaluated algorithms. Ultimately, we used unseen modern mammal surveys to assess the high predictive performances and extrapolation abilities achieved by our trained models. This contribution introduces a framework and methodology to construct models for developing models based on neo-ecological data, which could be utilized for paleoclimate applications in the future. The study aimed to satisfy specific criteria for interpreting both modern and paleo faunal assemblages, including the ability to generate reliable climate predictions from faunal lists with varying taxonomic resolutions, without the need for published wildlife inventory data from the study area. This method demonstrates the versatility of ML techniques in climate modeling and highlights their promising potential for applications in the fields of archaeology and paleontology.",2023,2023-06-29,article,en,9,95,True,gold,Frontiers in Ecology and Evolution,journal,Pierre Linchamps; Emmanuelle Stoetzel; François Robinet; Raphaël Hanon; Pierre Latouche; Raphaël Cornette,"Centre National de la Recherche Scientifique; Clermont Université; Département mathématiques, informatique, sciences de la donnée et technologies du numérique; Histoire Naturelle des Humanités Préhistoriques; Institut de Paléontologie Humaine; Institut de Systématique, Évolution, Biodiversité; Interdisciplinary Centre for Security, Reliability and Trust; Laboratoire de Mathématiques Blaise Pascal; Mathématiques Appliquées à Paris 5; Sorbonne Université; University of Luxembourg; University of the Witwatersrand; Université Paris Cité; École Pratique des Hautes Études",fr; lu; za,3,1,Species Distribution and Climate Change; Wildlife Ecology and Conservation; Evolution and Paleontology Studies,Random forest; Climate change; Machine learning; Computer science; Regression; Climate model; Predictive modelling; Ecology; Inference; Artificial intelligence; Statistics; Mathematics; Biology,,,machine learning,1,fr,v1,2026-08-13
https://openalex.org/W4382278348,https://doi.org/10.3390/mti7070064,From Earlier Exploration to Advanced Applications: Bibliometric and Systematic Review of Augmented Reality in the Tourism Industry (2002–2022),"Augmented reality has emerged as a transformative technology, with the potential to revolutionize the tourism industry. Nonetheless, there is a scarcity of studies tracing the progression of AR and its application in tourism, from early exploration to recent advancements. This study aims to provide a comprehensive overview of the evolution, contexts, and design elements of AR in tourism over the period (2002–2022), offering insights for further progress in this domain. Employing a dual-method approach, a bibliometric analysis was conducted on 861 articles collected from the Scopus and Web of Science databases, to investigate the evolution of AR research over time and across countries, and to identify the main contexts of the utilization of AR in tourism. In the second part of our study, a systematic content analysis was conducted, focusing on a subset of 57 selected studies that specifically employed AR systems in various tourism situations. Through this analysis, the most commonly utilized AR design components, such as tracking systems, AR devices, tourism settings, and virtual content were summarized. Furthermore, we explored how these components were integrated to enhance the overall tourism experience. The findings reveal a growing trend in research production, led by Europe and Asia. Key contexts of AR applications in tourism encompass cultural heritage, mobile AR, and smart tourism, with emerging topics such as artificial intelligence (AI), big data, and COVID-19. Frequently used AR design components comprise mobile devices, marker-less tracking systems, outdoor environments, and visual overlays. Future research could involve optimizing AR experiences for users with disabilities, supporting multicultural experiences, integrating AI with big data, fostering sustainability, and remote virtual tourism. This study contributes to the ongoing discourse on the role of AR in shaping the future of tourism in the post COVID-19 era, by providing valuable insights for researchers, practitioners, and policymakers in the tourism industry.",2023,2023-06-26,review,en,22,97,True,gold,Multimodal Technologies and Interaction,journal,Mohamed Zaifri; Hamza Khalloufi; Fatima-Zahra Kaghat; Ahmed Azough; Khalid Alaoui Zidani,Pôle Léonard de Vinci; Sidi Mohamed Ben Abdellah University,fr; ma,2,1,Augmented Reality Applications; Virtual Reality Applications and Impacts,Augmented reality; Tourism; Scopus; Computer science; Data science; Big data; Political science; Human–computer interaction; Law; Operating system; MEDLINE,,,artificial intelligence,1,fr,v1,2026-08-13
https://openalex.org/W3217756930,https://doi.org/10.1007/s00799-021-00319-6,MELHISSA: a multilingual entity linking architecture for historical press articles,"Abstract Digital libraries have a key role in cultural heritage as they provide access to our culture and history by indexing books and historical documents (newspapers and letters). Digital libraries use natural language processing (NLP) tools to process these documents and enrich them with meta-information, such as named entities. Despite recent advances in these NLP models, most of them are built for specific languages and contemporary documents that are not optimized for handling historical material that may for instance contain language variations and optical character recognition (OCR) errors. In this work, we focused on the entity linking (EL) task that is fundamental to the indexation of documents in digital libraries. We developed a Multilingual Entity Linking architecture for HIstorical preSS Articles that is composed of multilingual analysis, OCR correction, and filter analysis to alleviate the impact of historical documents in the EL task. The source code is publicly available. Experimentation has been done over two historical document corpora covering five European languages (English, Finnish, French, German, and Swedish). Results have shown that our system improved the global performance for all languages and datasets by achieving an F-score@1 of up to 0.681 and an F-score@5 of up to 0.787.",2021,2021-11-29,article,en,14,53,True,hybrid,International Journal on Digital Libraries,journal,Elvys Linhares Pontes; Luis Adrián Cabrera-Diego; José G. Moreno; Emanuela Boroş; Ahmed Hamdi; Antoine Doucet; Nicolas Sidère; Mickaël Coustaty,"Institut Polytechnique de Bordeaux; Institut de Recherche en Informatique de Toulouse; La Rochelle Université; Laboratoire Informatique, Image et Interaction (L3i); Université Toulouse - Jean Jaurès; Université Toulouse III - Paul Sabatier; Université Toulouse-I-Capitole",fr,1,0,Natural Language Processing Techniques; Topic Modeling; Handwritten Text Recognition Techniques,Computer science; German; Search engine indexing; Named-entity recognition; Natural language processing; Newspaper; Architecture; Task (project management); Lemmatisation; Information retrieval; Digital library; Optical character recognition; World Wide Web; Process (computing); Artificial intelligence; Linguistics; History; Programming language; Business; Economics; Archaeology; Poetry; Philosophy; Management; Advertising; Image (mathematics),,,natural language processing,1,fr,v1,2026-08-13
https://openalex.org/W7161263143,https://doi.org/10.1145/3814960,Semantic and Geometric Datasets Creation for Monument Analysis: A Framework for Expert-Guided Annotation and AI Models,"Analyzing multimodal cultural heritage data, such as 2D images, 3D point clouds, and textual documentation, is essential for monument preservation but presents significant challenges due to data heterogeneity and the scarcity of annotated datasets. To address these limitations, we present a framework for Expert-Guided Annotation and Artificial Intelligence (AI) Models in Monument Analysis. Built upon the Notre-Dame de Paris digital ecosystem, our system enables domain experts to create high-quality, AI-ready datasets. Our framework introduces: (1) an enhanced, semi-automated annotation workflow capable of propagating expert annotations across modalities, increasing dataset volume by a factor of ten; (2) integrated 2D–3D visualization tools for intuitive annotation inspection and refinement; and (3) a standardized export system that produces datasets with rich semantic, geometric, and visual metadata in formats compatible with deep learning frameworks. We validate our system by generating annotations for degradation phenomena, architectural components, and decorative elements of Notre-Dame de Paris, and demonstrate their utility through integration with the Segment Anything Model (SAM) for semantic segmentation. Our approach bridges the gap between heritage expertise and computer vision, establishing a robust infrastructure for scalable, reproducible analysis and documentation.",2026,2026-05-15,article,en,0,17,False,closed,Journal on Computing and Cultural Heritage,journal,Kévin Réby; Livio de Luca,Centre National de la Recherche Scientifique,fr,1,0,3D Surveying and Cultural Heritage; Image Processing and 3D Reconstruction; 3D Shape Modeling and Analysis,Computer science; Annotation; Metadata; Workflow; Cultural heritage; Visualization; Domain (mathematical analysis); Point (geometry); Semantics (computer science); Information retrieval; Semantic annotation; Artificial intelligence; Subject-matter expert; Automatic image annotation; Data visualization; Data curation; Data science; Natural language processing; Data modeling,,,artificial intelligence; deep learning; computer vision,3,fr,v1,2026-08-13
https://openalex.org/W4297166500,https://doi.org/10.1145/3549555.3549597,A domain adaptive deep learning solution for scanpath prediction of paintings,"Cultural heritage understanding and preservation is an important issue for society as it represents a fundamental aspect of its identity. Paintings represent a significant part of cultural heritage, and are the subject of study continuously. However, the way viewers perceive paintings is strictly related to the so-called HVS (Human Vision System) behaviour. This paper focuses on the eye-movement analysis of viewers during the visual experience of a certain number of paintings. In further details, we introduce a new approach to predicting human visual attention, which impacts several cognitive functions for humans, including the fundamental understanding of a scene, and then extend it to painting images. The proposed new architecture ingests images and returns scanpaths, a sequence of points featuring a high likelihood of catching viewers’ attention. We use an FCNN (Fully Convolutional Neural Network), in which we exploit a differentiable channel-wise selection and Soft-Argmax modules. We also incorporate learnable Gaussian distributions onto the network bottleneck to simulate visual attention process bias in natural scene images. Furthermore, to reduce the effect of shifts between different domains (i.e. natural images, painting), we urge the model to learn unsupervised general features from other domains using a gradient reversal classifier. The results obtained by our model outperform existing state-of-the-art ones in terms of accuracy and efficiency.",2022,2022-09-14,conference-paper,en,6,29,True,green,,,Mohamed Amine Kerkouri; Marouane Tliba; Aladine Chetouani; Alessandro Bruno,Humanitas University; Université d'Orléans,fr; it,2,1,Visual Attention and Saliency Detection; Aesthetic Perception and Analysis; Image and Video Quality Assessment,Computer science; Artificial intelligence; Painting; Human visual system model; Convolutional neural network; Cave painting; Cultural heritage; Bottleneck; Computer vision; Image (mathematics); Art; Visual arts; History; Archaeology; Embedded system; Cave,,,deep learning; neural network; convolutional,3,fr,v1,2026-08-13
https://openalex.org/W4417032801,,Computer vision in the museum: perspectives at the MAD Paris,International audience,2025,2025-03-06,article,en,0,0,True,green,HAL (Le Centre pour la Communication Scientifique Directe),repository,Emmanuelle Bermès; Marion Charpier,École Nationale des Chartes,fr,1,0,Museums and Cultural Heritage; 3D Surveying and Cultural Heritage; Augmented Reality Applications,Computer science; Visual arts; Photography; Artificial intelligence; Computer vision; Computer graphics (images); Feature (linguistics); Multimedia; Window (computing); Engineering,,,computer vision,1,fr,v1,2026-08-13
https://openalex.org/W4399375321,https://doi.org/10.4018/979-8-3693-2137-9.ch005,Can Serious Games and AI Rejuvenate Museums?,"Museums are an important player in the “heritage industry” because they hold a huge potential for the development of tourism, especially in regions far from large cities. Serious games and artificial intelligence are responsible for their new success. This research explores the issues and challenges posed by their introduction. It used a questionnaire distributed to museum directors. Among the benefits of serious games, directors agree on public diversification, improving visitors experience, rejuvenating the museums image, and increase in-site and distant visits. AI is recognized to permit interactive exhibits and personalization of visit experience. Financial and technical issues slow their introduction among the strategies used to increase digital services; cooperation with other museums and other actors are more cited than increasing resources. But a lack of knowledge (not of interest) characterized respondents to this study. The question is no more “Yes or No” to implementation, but “When and How.”",2024,2024-06-05,book-chapter,en,0,34,False,closed,"Advances in hospitality, tourism and the services industry (AHTSI) book series",book series,Michel Plaisent; Jean-Marie Lafortune; Lili Zheng; Pascal Ndinga; Daniel Tomiuk; Sylvester Cortes; Agnès Czubinski; Prosper Bernard,Cebu Technological University; Excelia Business School; Université du Québec à Montréal,ca; fr; ph,3,1,Museums and Cultural Heritage; Augmented Reality Applications; Educational Games and Gamification,Art; Visual arts; Computer science,,,artificial intelligence,1,fr,v1,2026-08-13
https://openalex.org/W2962693703,https://doi.org/10.48550/arxiv.1807.03155,Jigsaw Puzzle Solving Using Local Feature Co-Occurrences in Deep Neural\n Networks,"Archaeologists are in dire need of automated object reconstruction methods.\nFragments reassembly is close to puzzle problems, which may be solved by\ncomputer vision algorithms. As they are often beaten on most image related\ntasks by deep learning algorithms, we study a classification method that can\nsolve jigsaw puzzles. In this paper, we focus on classifying the relative\nposition: given a couple of fragments, we compute their local relation (e.g. on\ntop). We propose several enhancements over the state of the art in this domain,\nwhich is outperformed by our method by 25\\%. We propose an original dataset\ncomposed of pictures from the Metropolitan Museum of Art. We propose a greedy\nreconstruction method based on the predicted relative positions.\n",2018,2018-07-05,preprint,en,25,19,True,green,arXiv (Cornell University),repository,Marie-Morgane Paumard; David Picard; Hedi Tabia,CY Cergy Paris Université; Equipes Traitement de l'Information et Systèmes,fr,1,0,Image Processing and 3D Reconstruction; Archaeological Research and Protection; Cultural Heritage Materials Analysis,Jigsaw; Computer science; Focus (optics); Artificial intelligence; Feature (linguistics); Artificial neural network; Relation (database); Deep learning; Deep neural networks; Domain (mathematical analysis); Position (finance); Object (grammar); Pattern recognition (psychology); Machine learning; Data mining; Mathematics; Mathematical analysis; Economics; Mathematics education; Philosophy; Linguistics; Finance; Physics; Optics,,,deep learning; computer vision,2,fr,v1,2026-08-13
https://openalex.org/W4405183590,https://doi.org/10.1016/j.sab.2024.107108,Machine learning-based novel approach of image analysis in LIBS elemental mapping for discriminating archeological human bone,,2024,2024-12-09,article,en,9,71,False,closed,Spectrochimica Acta Part B Atomic Spectroscopy,journal,Doaa Youssef; Vincent Motto‐Ros; Mohamed Abdel Harith,Cairo University; Centre National de la Recherche Scientifique; Institut Lumière Matière; Lyon 1 Université,eg; fr,2,1,Laser-induced spectroscopy and plasma; Forensic and Genetic Research; Forensic Anthropology and Bioarchaeology Studies,Archaeology; Elemental analysis; Human bone; Computer science; Artificial intelligence; Geology; Mineralogy; Remote sensing; Pattern recognition (psychology); Chemistry; Geography; Organic chemistry; Biochemistry; In vitro,,,machine learning,1,fr,v1,2026-08-13
https://openalex.org/W3208580594,https://doi.org/10.1002/jrs.6271,"Tribute to Derek Long: An instant snapshot of the development of Raman spectroscopy and its application in the fields of instrumentation and methodology, solid‐state materials, cultural heritage, DFT modeling and applications in biology, microbiology, and medicine","This special issue of the Journal of Raman Spectroscopy dedicated to Professor Derek Long provides a snapshot of the uses and improvements made in the technique, the development of which he was personally deeply involved in both fundamentally, theoretically and in the field of its applications. Data collected by the web of science indicate 75 articles for its activity at the University of Bradford from 1975 to 2008 (for a total of about 200),[1] listed under the qualifying categories: spectroscopy (82%), physical (66%), chemistry (32%), crystallography (21%), biophysics (8%), engineering (8%), cell biology (7%), instrumentation (4%), optics (3%), and polymer science (3%). However, there is no doubt that his main impact on the community of Raman spectroscopists is certainly his two textbooks, the first entitled “Raman Spectroscopy” published in 1977 by McGraw-Hill (270 pp)[2] and the second “The Raman Effect: A Unified Treatment of the Theory of Raman Scattering by Molecules” published in 2002 by John Wiley[3] (584 pp) and also the foundation with H.J. Bernstein (NRCC, Ottawa, Canada) as Editors-in-Chief along with J.P. Mathieu (CNRS, France) and B. Schrader (Universität Essen, Germany) as Associate Editors of the Journal of Raman Spectroscopy in 1973 and of which he was Editor-in-Chief for many years. The first book, which was instantly recognizable from its cover representing a painting called “Misty Flight” by Ronald Lowe, which portrayed his country home in Pembrokeshire where much of the book, was composed. The book had an important impact upon the community of analytical Raman spectroscopists and chemists by its clarity of presentation with illustrative support; this was indeed rare as other books available at that time (such as that of J.A. Koningstein, 1972)[4] being much more austere in their outlook. The second book, which took him over 13 years in the making, developed the background theory more completely but still presented the same characteristics of rigor and clarity as were bestowed upon the first.[5] Derek Long was also a prime mover in originating the successful and ongoing conference series called ICORS, the International Conference on Raman Spectroscopy, with Harold Bernstein in Ottawa in 1969, being Chairman of the Second ICORS meeting at Oxford in 1970. The issue begins with four Memorial Contributions for Derek A. Long. The first two are by Howell Edwards, and the first of these[6] covers the years from 1995 to 2020, the highlight for Raman scattering being the publication of his authoritative book entitled, The Raman Effect: A Unified Treatment of the Theory of Raman Scattering by Molecules published by Wiley & Sons, Chichester in 2002.[3] This first memorial also includes other interests and diverse activities of Derek outside his academic accomplishments in the field of Raman scattering and gives us a glimpse of Derek as a man beyond our knowledge of him has founding and longtime Editor-in-Chief of the Journal of Raman Spectroscopy. The second memorial by Howell was published in August 1995 (J. Raman Spectrosc. 26, 587–593) to commemorate the occasion of Dereks 70th birthday and is published here again in its entirety.[7] This memorial includes a complete annotated and topic organized listing of all of Dereks publications from 1949 to 1995. The third memorial contribution, written by Wolfgang Kiefer,[8] is focused mainly on Dereks role in establishing the conference series International Conference on Raman Spectroscopy (ICORS) from its inception in 1969 to the present day. Many examples are given of Dereks involvement in particular ICORS meetings that helped establish this conferences series as the definitive source of research at the frontier of Raman spectroscopy. Also described is the careful transfer of the Editor-in-Chief position from Derek to Wolfgang that took place in 1999. The final memorial contribution is a short personal reflection offered by Shu-Lin Zhang who regarded Derek as his long-respected teacher and close friend.[9] The memorial contains a unique glimpse of Dereks influence in promoting Raman spectroscopy in China through his books and meeting with Shu-Lin. The 46 contributions of this issue, including 9 review papers, are divided into 5 topics, namely, Instrumentation and Methodology (5 papers), Solid-State Materials (9), Cultural Heritage (9), DFT modeling (5), and Applications in Biology, Microbiology and Medicine (18), the latter part accounting for nearly 40% of the contributions in number, even more in the number of pages. A review of Derek Long's work shows that he sensed very early the potential of Raman Spectroscopy in Biology, as also in Cultural Heritage, for instance, his latest contribution to the research literature being dedicated to the analysis of ivories.[10] Contributors are coming from 23 countries, most of them being international collaborative works: UK (13), Brazil (9), USA (8), Japan (6), Germany (6), Italy (4), Argentina (3), France (3), India (3), Spain (3), Belgium (2), Taiwan (2), Bolivia (1), Canada (1), Chile (1), China (2), Australia (1), Czech Republic (1), Finland (1), Hungary (1), New Zealand (1), Thailand (1), and Russia (1). Only the country of the corresponding author will be then mentioned in this introductory paper, and many other international scientists are involved in each collaborative work. Most of the various facets of the Raman scattering technique (such as standard backscattering analysis, the use of various exciting wavelengths, Resonance Raman spectroscopy, Surface Enhanced Raman Spectroscopy [SERS], Coherent anti-Stoke Raman Spectroscopy [CARS], polarization spectral measurement, in situ studies, and mobile instrumentation) are described or used here. The increasing importance of the use of Density Functional Theory modeling and of multivariate techniques of data analysis (now called AI [Artificial Intelligence]) is also evident. Derek Long's generation of Raman spectroscopists (including many contributors to this issue) have been privileged to experience the huge development in computer, laser, and optical technologies starting in the 1960s–1980s (lasers) and then continuing from the 1990s (such as CCDs, computers, solid-state lasers, piezoelectric stages, and AFM tip spectroscopy). The first contribution by Pienpinijtham et al. (Electric field analysis, polarization, excitation wavelength dependence, and novel applications of tip-enhanced Raman scattering (TERS), Toyota Physical and Chemical Research Institute, Japan)[11] reviews the theoretical and physical foundations of Tip Enhancement Raman Spectroscopy (TERS), in particular electric field analysis, polarization, and excitation wavelength dependence and uses examples concerning “classic” (epitaxial graphene and graphene oxide) and chemically modified tips (e.g., nanoscale pH measurement and eniantiometric discrimination) to conclude on the prospects for evolution. The second contribution of Sifat and Potma (Optimizing the and of tips in tip-enhanced Raman University of is with the of tips the the The use of focused the of on the tip in a for the of the a that has in the research community time are used to both the and of that be with of the be with by on the the be even that are to the from an tip of The third contribution to this from and of for Coherent Raman on the theoretical and of for Raman spectroscopy and the of for are for a of with are also each of the on their theoretical and to a excitation of other including of the on from to and excitation by are The contribution of et al. of Raman a for the of the of Raman with The developed is for Raman in the the Raman of and for were the of the The presented a to be in the of the Raman for The was by the from the Raman and them with the corresponding The of a Raman was to be the and of the the first two of the are the from Raman spectral to a novel the of Raman spectroscopy. The contribution for this topic of this by et al. of a Raman with a University the development of a Raman Raman spectroscopy is an for the and of of and of the source are both important for on the and of the from the Raman However, is to which is the of a is close to the from a from the are to with a The spectral and of the are and close to the The of with the at and has been with the developed Raman a of the contributions with Solid-State Materials spectroscopy. The contribution of and use of Raman and spectroscopy in the the with the same of in the and of and Russia and University of is on the use of Raman and spectroscopy in the to complete by the be by other from two to are by The of the of in and for all is and are where the in the of to the with be The of a of a by the from and Raman is and examples are including and The contribution of et al. of and excitation on the Raman of uses Raman of and with excitation of and The Raman for all were by the dependence of the and The in and their and on both the of the or and the excitation The of Raman for excitation is to the Raman which both the and of the Raman Raman are in the of and their are or the The work the importance of the of that be used to to the of polarization or et al. Raman from for short of a theoretical on a and polarization to Raman scattering for The has been of Raman scattering data by with the The has also been used to the to which the in and is with the A the Raman position and is also The contribution of et Raman and spectroscopy with a of spectroscopy on Raman scattering and The of by in the are to Raman and a chemically spectroscopy of and a spectral from the to including are used as Raman spectroscopy is a for of all of science of its to about This technique is to in a that the A on various that the Raman for a is by and spectral from and physical and their of the of Raman from important about the in by the Raman are to the influence of excitation and This review with the of Raman in to various physical and their which the of The of Raman in physical place in a have also been The contribution of et al. Spectroscopy and as an for Materials in with the use of as an in The development of the of more and for This is used to the of for and in of the in the as an and & the of Raman on the analysis of the that (such as the of and the of a particular used in the as in The that that and be by Raman et Raman of and its of of of the of exciting in the on are used to to the Raman both from and the corresponding The in the Raman of both and under the The Raman was to including that on the originating from a for its and our of The of et al. of a Surface for on University of on the Raman analysis of a that was to through impact to the of The was the in an to that for The that the in the that have of to impact from the an in to the This has for potential more Cultural Heritage was topic that the of Derek Long at the of his The review of and situ Raman spectroscopy for studies, the many characteristics of the Raman technique in the field of Cultural Heritage as the time of analysis and of both and the and on the the many years of ongoing and have Raman spectroscopy is as a technique for the of of of and the of their the of the The reviews of the of Raman analysis of in as the and contributions the of for which Raman is and and in A for Raman spectroscopy, Spain and Bradford and of have been described by and and as and for and and for in their is in the most that the first and were and called but have to The contribution the Raman of the and two and and their et al. and of as in of for the of the of in from the in on the from the and were by spectroscopy with spectroscopy and with spectroscopy a was a for its use as a in the of The in the an of in this the of the as et al. analysis of in the University of have the for and Raman Raman analysis was The which were in the and were and a of was The analysis has the used by the as as the work. et al. of the in a John University of the Raman technique in the of of from a painting the of a by the John the were made and that the painting and to be by the the were by the from the this be in to the of the technique to be by into and four that to the painting being to et al. of from in have from the in to early The and the are through spectroscopy, field with spectroscopy, and with was to the used as The were by of as as and The were with data of the same The contribution by et al. of the and of Raman and with to the the first made in the and the very of the made with and that the of in are with mobile and Raman of are but also two being both with and The from the of the and of of the mobile and Raman the of Raman scattering is very for the of of is to the use of et al. and Raman of have from in the and in Brazil by Raman spectroscopy, at the of their and were used as The and as and The were into each a of Raman that most of them are very a background excitation was used to and upon excitation in the the background the The of in both and is the even the was used the much et al. and analysis of from a from the University of from a from an early as in by in the part of the of in a from to has been as a to The to novel and data from of or is for the of unique the to and the of about the of of the as as their Raman data on the of and on the of on the are to from of the in the the of and from Raman of the of the are the of were by The of the of that have in the and and spectroscopy about the The is a of the and from the to the analytical a time Density Functional Theory modeling was to the of but the development of the DFT and to more with in the issue are of the facets of this and of the and its The is a of a The University of on the DFT modeling of and its The that the which is regarded as a to a is present for of the but for is that the in A have a through the of the two in the but the in the of the for the in very from the in two and the other or much are The two for the in are to the two in which the at the or the in and from the of the et Resonance Raman spectroscopy of and University of Germany) on the use of Raman scattering to to and and The of is as as in Raman scattering to the involvement of and This the with theoretical by is an for a and theory is and of into contributions including and contributions to a close to the is The shows that the of a and for the analysis and of Raman of to is et al. Spectroscopy of a by Raman spectroscopy of the a with from which the is DFT to the main of the Raman that have been with excitation the Raman were of the in the and as as their and to the third to the activity in of two and et al. of by of Spectroscopy and University of have Raman and spectroscopy and theoretical theory and of the and of is on the of all the have been of and that the and of and are for in with the and of the with and and and at the same of and the have been The or by and the more of the activity of with that of The contribution on DFT of et al. of Materials with on Raman Spectroscopy and Density Functional University of which huge in and has been still the of of are The the of and as Raman spectroscopy and DFT A dependence of the Raman on the is evident. The are in the of the Raman the of the and the of their with the The review and research in this the of and the Raman on from to as (e.g., The very review of spectroscopy in cell biology and of the huge potential of Raman and Raman in the of the Raman of and contains in and and to situ Raman with dedicated into of or which are in and to or are Raman is The review covers many examples of Raman and Raman of and the of of and the of the of and to the of cell upon the of in and the of the activity of in with The which are on a to Raman analysis and the potential for Raman spectroscopy in biophysics The second review by et al. spectroscopy in the analysis of A literature with the of the of as are important which the to for and Raman techniques were used to the of the that are by various in the of and examples of the in is that Raman spectroscopy is a and technique for the analysis of and The by use of in and for the analysis of and and reviews the of and in be with the of Raman scattering and with spectroscopy, which is used to the Raman have focused on the of the as a for the analysis, even of is to the contribution of Raman with from to the of in and the of into The author the use of spectral into this of analysis is to or Raman The the of the which has to be for in to use the for et al. Raman of and review the of at for the analysis of two and a in a of at various with and the most of and is to be in a pH a is in to the and the of both is much in the pH and a on both that this is in of The of and are to and in pH and pH the number, and The of the developed for the of for is and be to even for and Raman of review on are present in from to of a and a which as and that are to the a series of as and the are for the cell to the by activity in to the Resonance Raman spectroscopy is an to the of which diverse This review the of on a diverse of including from and the and from the of the by about the in the The of the also of et al. in A Raman spectroscopy, and Raman spectroscopy, and Raman spectroscopy provides on the of the This to the of the on the of the the the of Raman spectroscopy on and of is to be a to even in the of The review by and in Raman spectroscopy to the of Raman spectroscopy be used in the The Raman spectroscopy at work and and are but the the the research complete the et al. Raman Scattering of and University the development of to the applications of and is of of the of the were namely, analysis the standard and the a theoretical the from to with to a of of The of was with the in the also by spectroscopy, and potential The in the spectral for Raman and are to the to through the but also through the et al. of and of Raman scattering University of use Raman scattering to the The Raman to the at was at the part of the and a that was that in the that an of was place on the a and Raman at was at the part and the on a of the with and were to and et al. of by spectroscopy, a of that a number of in their in a The by in and be or from the this the of of collected in the of was by spectroscopy. Raman and that are for the of the and was for the The analysis of the spectral of the Raman presented in both in situ and in of the that as a of or be to is that the in is by the which be with the and of this most The of spectroscopy mainly in the in situ be a in the of of in the of collected in et al. by the be from and from other spectroscopy, University of New have that of and in and other from in New were Raman and spectroscopy. is to including by and the and the also the use of Raman spectroscopy for the of in a The data analysis was through and analysis The in for both the and with the by the The analysis on both and A was to of with two spectral to the of the Raman excitation in the of in the The analysis with a of with a of with et al. of in Resonance Raman Spectroscopy, have are in all but are in in is a as have a role in and also as a in the be a to the of and their with the of to Resonance Raman spectroscopy with wavelength excitation the in as and at and with is in the of the there as a of are in transfer their cover a potential on the of the and the et al. Raman analysis of the of the University of Resonance Raman spectroscopy with engineering and crystallography to this issue on the of the from that the of into and the this an with that a in the were from by the with to the electric field of the to a for to spectral by of the engineering for the and into standard in the and The latter was for the first time in this work. the of the data the for the of the various in this as a for of transfer are to and et al. for and in in Czech use Raman for analysis of of in from and were and excitation and were in all Raman of were at and shows Raman to the of at and and are for and be used as of of of by Raman spectroscopy excitation to more about the of and and in their is unique and of the of Raman spectroscopy be a potential to as Raman and are by spectral from other cell which is the in et al. Spectroscopy and of from of from and including Raman spectroscopy with technique Raman which unique for the and The all The that B. has Raman with and and be also from the latter two analysis analysis and also analysis in and as are to and special of the standard in is the the of by the optical of the and However, this is as to et al. of of with Raman of Raman of from with background with their were and and as by the Raman analysis of the most spectral and in the to analysis on the Raman the of was to a of the Raman with the The spectral and for Raman that and The the development of and techniques that the and of et al. in with and by of Raman spectroscopy, that Raman spectroscopy is for the of in of of but who presented and and and A Raman was and in were A total of were used from and The main spectral the and the by were to including in the and in the and and to and in the and in the to and were also in the A on a analysis a of of and of for the an the was that a of of and of were The was for the in Raman spectroscopy the technique of for mainly the of and The is being used literature but is with in its and in its have to more data and with the that is data that have been collected as a of Data are data to the of collected from a of of the in the to spectroscopy, of the in the to for spectroscopy. of data are the of data and the of the to the The of over in data of the more the in the data many to an that a or be by an many to a of for an that or is to be of The author the of multivariate A for multivariate analysis is that there is no for provides for the of multivariate through the to an of into the a of is the of background knowledge and that the final has been to a of The number and of contributions published in this special issue to the impact of Derek or more the by contributors of the importance of his contribution to their activity as as the on of the use of multivariate is Raman spectroscopy as a source of the multivariate first had a field of in Raman spectroscopy, in a for very as in of Cultural their more to a that is chemically and to the of this from Derek Long's The number of contributions concerning in the field of Cultural Heritage or in is by the of in particular latter techniques are in in this issue, certainly their the to the of Derek Long's Raman where the of the is or at",2021,2021-10-25,article,en,0,52,True,bronze,Journal of Raman Spectroscopy,journal,Philippe Colomban; Howell G. M. Edwards; W. Kiefer; Laurence A. Nafié,"Centre National de la Recherche Scientifique; Molécule aux Nanos-objets : Réactivité, Interactions et Spectroscopies; Sorbonne Université; Syracuse University; University of Bradford; University of Würzburg",de; fr; gb; us,4,1,Spectroscopy Techniques in Biomedical and Chemical Research; Spectroscopy and Chemometric Analyses; Cultural Heritage Materials Analysis,Raman spectroscopy; Snapshot (computer storage); Tribute; Library science; Computer science; Nanotechnology; Chemistry; Art history; Engineering physics; Physics; Art; Materials science; Optics; Operating system,,,artificial intelligence,1,fr,v1,2026-08-13
https://openalex.org/W4390190843,https://doi.org/10.1109/iccvw60793.2023.00176,Facsimiles-based deep learning for matching relief-printed decorations on medieval ceramic sherds,"In this paper, we addressed the problem faced by archaeologists in associating relief-printed decorations on ceramic objects discovered during excavations carried out with the same wheel. This is crucial to understand the trade networks between regions, but highly complex and time-consuming task. We used two approaches: supervised classification or unsupervised clustering of 2D relief views generated from 3D scans of ceramic sherds. Inspired by experimental archaeology, we created wheel facsimiles to supplement significantly the database with numerous plausible and clearly identified samples. Taking advantage of the powerful convolutional neural network EfficientNet to extract reliable discriminating features, experimental results show that the facsimiles significantly improve the networks’ training to achieve a classification accuracy exceeding 95% on real sherds. On the other hand, unsupervised spectral clustering from a vector reduced to a few hundred of the most significant features delivered by the network EfficientNet-B5 trained on ImageNet, without any fine-tuning, achieves an accuracy of 77.47% on our database. These results validate the strategy of using facsimiles to supplement a too-small data set and are very promising for the development of a computer-assisted archaeology tool for pattern-wheel association.",2023,2023-10-02,conference-paper,en,2,39,False,closed,,,Khawla Brahim; Sylvie Treuillet; Matthieu Exbrayat; Sébastien Jesset,"Laboratoire Pluridisciplinaire de Recherche en Ingénierie des Systèmes, Mécanique et Energétique",fr,1,0,Image Processing and 3D Reconstruction; 3D Surveying and Cultural Heritage; Archaeological Research and Protection,Computer science; Cluster analysis; Artificial intelligence; Convolutional neural network; Set (abstract data type); Task (project management); Matching (statistics); Artificial neural network; Deep learning; Pattern recognition (psychology); Engineering; Mathematics; Statistics; Programming language; Systems engineering,,,deep learning; neural network; convolutional,3,fr,v1,2026-08-13
https://openalex.org/W2769754405,https://doi.org/10.1109/iccvw.2017.281,Fully Convolutional Network and Region Proposal for Instance Identification with Egocentric Vision,"This paper presents a novel approach for egocentric image retrieval and object detection. This approach uses fully convolutional networks (FCN) to obtain region proposals without the need for an additional component in the network and training. It is particularly suited for small datasets with low object variability. The proposed network can be trained end-to-end and produces an effective global descriptor as an image representation. Additionally, it can be built upon any type of CNN pre-trained for classification. Through multiple experiments on two egocentric image datasets taken from museum visits, we show that the descriptor obtained using our proposed network outperforms those from previous state-of-the-art approaches. It is also just as memory-efficient, making it adapted to mobile devices such as an augmented museum audio-guide.",2017,2017-10-01,conference-paper,en,11,44,True,green,,,Maxime Portaz; Matthias Kohl; Georges Quénot; Jean–Pierre Chevallet,Centre National de la Recherche Scientifique; Université Grenoble Alpes,fr,1,0,Advanced Image and Video Retrieval Techniques; Advanced Neural Network Applications; Image Retrieval and Classification Techniques,Computer science; Artificial intelligence; Convolutional neural network; Representation (politics); Identification (biology); Object (grammar); Image (mathematics); Pattern recognition (psychology); Component (thermodynamics); Computer vision; Thermodynamics; Politics; Physics; Biology; Law; Botany; Political science,,,convolutional,1,fr,v1,2026-08-13
https://openalex.org/W4414690025,https://doi.org/10.3390/electronics14193923,Reconstructing Ancient Iron-Smelting Furnaces of Guéra (Chad) Through 3D Modeling and AI-Assisted Video Generation,"This article presents an innovative methodological approach for the documentation and enhancement of ancient ironworking heritage in the Guéra region of Chad. By combining ethno-historical and archaeological surveys, 3D modeling with Blender, and the generation of images and video sequences through artificial intelligence (AI), we propose an integrated production pipeline enabling the faithful reconstruction of three types of metallurgical furnaces. Our method relies on rigorously collected field data to generate multiple and plausible representations from fragmentary information. A standardized evaluation grid makes it possible to assess the archaeological fidelity, cultural authenticity, and visual quality of the reconstructions, thereby limiting biases inherent to generative models. The results offer strong potential for integration into immersive environments, opening up perspectives in education, digital museology, and the virtual preservation of traditional ironworking knowledge. This work demonstrates the relevance of multimodal approaches in reconciling scientific rigor with engaging visual storytelling.",2025,2025-10-01,article,en,1,0,True,gold,Electronics,journal,Jean-Baptiste Barreau; Djimet Guemona; Caroline Robion‐Brunner,"Archéologie des Amériques; Centre National de la Recherche Scientifique; Gendarmerie Nationale; Travaux et Recherches Archéologiques sur les Cultures, les Espaces et les Sociétés; Université Paris 1 Panthéon-Sorbonne",fr,1,0,Metallurgy and Cultural Artifacts; Image Processing and 3D Reconstruction; 3D Surveying and Cultural Heritage,Computer science; Relevance (law); Generative grammar; Documentation; Field (mathematics); Cultural heritage; Digitization; Artificial intelligence; Pipeline (software); Grid; Quality (philosophy); Limiting; Data science; 3D modeling; 3d model; Deep learning; Human–computer interaction; Generative model; Photogrammetry; Visualization; Data modeling; Historicity (philosophy); Visual modeling,,,artificial intelligence; generative model,2,fr,v1,2026-08-13
https://openalex.org/W3197000517,https://doi.org/10.5194/isprs-archives-xlvi-m-1-2021-539-2021,ASSEMBLING AN IMAGE AND POINT CLOUD DATASET FOR HERITAGE BUILDING SEMANTIC SEGMENTATION,"Abstract. Creating three-dimensional as-built models from point clouds is still a challenging task in the Cultural Heritage environment. Nowadays, performing such task typically requires the quite time-consuming manual intervention of an expert operator, in particular to deal with the complexities and peculiarities of heritage buildings. Motivated by these considerations, the development of automatic or semi-automatic tools to ease the completion of such task has recently became a very hot topic in the research community. Among the tools that can be considered to such aim, the use of deep learning methods for the semantic segmentation and classification of 2D and 3D data seems to be one of the most promising approaches. Indeed, these kinds of methods have already been successfully applied in several applications enabling scene understanding and comprehension, and, in particular, to ease the process of geometrical and informative model creation. Nevertheless, their use in the specific case of heritage buildings is still quite limited, and the already published results not completely satisfactory. The quite limited availability of dedicated benchmarks for the considered task in the heritage context can also be one of the factors for the not so satisfying results in the literature.Hence, this paper aims at partially reducing the issues related to the limited availability of benchmarks in the heritage context by presenting a new dataset for semantic segmentation of heritage buildings. The dataset is composed by both images and point clouds of the considered buildings, in order to enable the implementation, validation and comparison of both point-based and multiview-based semantic segmentation approaches. Ground truth segmentation is provided, for both the images and point clouds related to each building, according to the class definition used in the ARCHdataset, hence potentially enabling also the integration and comparison of the results obtained on such dataset.",2021,2021-08-28,article,en,13,34,True,diamond,"The international archives of the photogrammetry, remote sensing and spatial information sciences/International archives of the photogrammetry, remote sensing and spatial information sciences",journal,Eugenio Pellis; Andrea Masiero; Grazia Tucci; Michele Betti; Pierre Grussenmeyer,Centre National de la Recherche Scientifique; Institut National des Sciences Appliquées de Strasbourg; University of Florence; Université de Strasbourg,fr; it,2,1,3D Surveying and Cultural Heritage; Conservation Techniques and Studies; Remote Sensing and LiDAR Applications,Computer science; Cultural heritage; Task (project management); Segmentation; Point cloud; Process (computing); Context (archaeology); Point (geometry); Data science; Artificial intelligence; Systems engineering; Geography; Archaeology; Engineering; Geometry; Operating system; Mathematics,,,deep learning,1,fr,v1,2026-08-13
https://openalex.org/W2031007864,https://doi.org/10.1366/14-07554,Implementation of a Neural Network for Multispectral Luminescence Imaging of Lake Pigment Paints,"Luminescence multispectral imaging is a developing and promising technique in the fields of conservation science and cultural heritage studies. In this article, we present a new methodology for recording the spatially resolved luminescence properties of objects. This methodology relies on the development of a lab-made multispectral camera setup optimized to collect low-yield luminescence images. In addition to a classic data preprocessing procedure to reduce noise on the data, we present an innovative method, based on a neural network algorithm, that allows us to obtain radiometrically calibrated luminescence spectra with increased spectral resolution from the low-spectral resolution acquisitions. After preliminary corrections, a neural network is trained using the 15-band multispectral luminescence acquisitions and corresponding spot spectroscopy luminescence data. This neural network is then used to retrieve a megapixel multispectral cube between 460 and 710 nm with a 5 nm resolution from a low-spectral-resolution multispectral acquisition. The resulting data are independent from the detection chain of the imaging system (filter transmittance, spectral sensitivity of the lens and optics, etc.). As a result, the image cube provides radiometrically calibrated emission spectra with increased spectral resolution. For each pixel, we can thus retrieve a spectrum comparable to those obtained with conventional luminescence spectroscopy. We apply this method to a panel of lake pigment paints and discuss the pertinence and perspectives of this new approach.",2015,2015-03-21,article,en,10,41,True,bronze,Applied Spectroscopy,journal,Camille Simon-Chane; Mathieu Thoury; Aurélie Tournié; Jean‐Philippe Échard,Centre National de la Recherche Scientifique; Centre d'Écologie et des Sciences de la Conservation; Centre de Recherche sur la Conservation,fr,1,0,Cultural Heritage Materials Analysis; Color Science and Applications; Conservation Techniques and Studies,Multispectral image; Luminescence; Remote sensing; Hyperspectral imaging; Spectroscopy; Materials science; Optics; Spectral resolution; Imaging spectroscopy; Computer science; Artificial intelligence; Optoelectronics; Spectral line; Physics; Geology; Astronomy; Quantum mechanics,,,neural network,1,fr,v1,2026-08-13
https://openalex.org/W4393234186,https://doi.org/10.1186/s40494-024-01212-6,Corrosion prediction for preventive protection of aircraft heritage,"Abstract The paper presents a study on corrosion prediction for preventive aeronautical heritage protection, considering the aeronautical heritage stored or exhibited in an aviation museum. For the purpose of the study, the hangar with exhibited historical aircraft of significant cultural and societal value is located in the Aviation Museum Kbely, Prague, Czech Republic. Until now, such a preventive approach to protecting the aircraft heritage constituted from ancient aluminum alloys, in particular, has not been presented rigorously. Monitoring the hangar meteorological, pollution, and environmental data are acquired and interrelated with measured corrosion data to find a statistical model describing atmospheric corrosion in the hangar environment. The statistical model searched represents a Gaussian process based on a likelihood approach. As a result, the Gaussian process model is regressed to predict the corrosion of aluminum alloy-based artifacts in the monitored hangar with the marginal likelihood that is compared to machine learning-based prediction. Finally, it is shown that atmospheric corrosion is accurately predicted only when, among others, a synergistic effect of airborne pollutants and wind speed is considered.",2024,2024-03-27,article,en,11,80,True,gold,Heritage Science,journal,Michal Kuchař; Cyril Oswald; Jaromír Fišer; Miroslav Khol; Goran Simeunović; Tomáš Vyhlídal; Élodie Guilminot; Jane Echinard,Czech Technical University in Prague; IMT Atlantique; Institute of Aviation Medicine; Laboratoire d'informatique de Nantes Atlantique; Lantiq (Germany),cz; de; fr,3,1,Conservation Techniques and Studies; Building materials and conservation; Cultural Heritage Management and Preservation,Corrosion; Environmental health; Forensic engineering; Environmental science; Medicine; Engineering; Metallurgy; Materials science,,,machine learning,1,fr,v1,2026-08-13
https://openalex.org/W4401335118,https://doi.org/10.1007/978-3-031-62963-1_28,Hybrid Construction of Knowledge Graph and Deep Learning Experiments for Notre-Dame De Paris’ Data,,2024,2024-01-01,book-chapter,en,5,27,False,closed,"Digital innovations in architecture, engineering and construction",journal,Kévin Réby; Anaïs Guillem; Livio De Luca,"Centre National de la Recherche Scientifique; Laboratoire de Recherche des Monuments Historiques; Ludwig-Maximilians-Universität München; Maison de la Simulation; Modèles et simulations pour l'Architecture et le Patrimoine; University of California, Merced",de; fr; us,3,1,Graph Theory and Algorithms; Advanced Graph Neural Networks; Semantic Web and Ontologies,Knowledge graph; Computer science; Artificial intelligence; Deep learning; Graph; Natural language processing; Theoretical computer science,,,deep learning; knowledge graph,2,fr,v1,2026-08-13
https://openalex.org/W7128783863,https://doi.org/10.48550/arxiv.2602.11160,BIRD: A Museum Open Dataset Combining Behavior Patterns and Identity Types to Better Model Visitors' Experience,"Lack of data is a recurring problem in Artificial Intelligence, as it is essential for training and validating models. This is particularly true in the field of cultural heritage, where the number of open datasets is relatively limited and where the data collected does not always allow for holistic modeling of visitors' experience due to the fact that data are ad hoc (i.e. restricted to the sole characteristics required for the evaluation of a specific model). To overcome this lack, we conducted a study between February and March 2019 aimed at obtaining comprehensive and detailed information about visitors, their visit experience and their feedback. We equipped 51 participants with eye-tracking glasses, leaving them free to explore the 3 floors of the museum for an average of 57 minutes, and to discover an exhibition of more than 400 artworks. On this basis, we built an open dataset combining contextual data (demographic data, preferences, visiting habits, motivations, social context. . . ), behavioral data (spatiotemporal trajectories, gaze data) and feedback (satisfaction, fatigue, liked artworks, verbatim. . . ). Our analysis made it possible to re-enact visitor identities combining the majority of characteristics found in the literature and to reproduce the Veron and Levasseur profiles. This dataset will ultimately make it possible to improve the quality of recommended paths in museums by personalizing the number of points of interest (POIs), the time spent at these different POIs, and the amount of information to be provided to each visitor based on their level of interest.",2025,2025-12-29,preprint,,0,0,True,green,arXiv (Cornell University),repository,Alexanne Worm; Florian Marchal; Sylvain Castagnos,Laboratoire Lorrain de Recherche en Informatique et ses Applications,fr,1,0,Aesthetic Perception and Analysis; Visual Attention and Saliency Detection; Multimodal Machine Learning Applications,Visitor pattern; Computer science; Exhibition; Gaze; Field (mathematics); Data science; Identity (music); Quality (philosophy); World Wide Web; Data collection; Information retrieval; Artificial intelligence; Data quality; Open data; Human–computer interaction; Real world data; Variation (astronomy); Cover (algebra); Internet privacy; Psychology,,,artificial intelligence,1,fr,v1,2026-08-13
https://openalex.org/W4383465296,https://doi.org/10.1109/jstars.2024.3361838,Snow and Cloud Classification in Historical SPOT Images: An Image Emulation Approach for Training a Deep Learning Model Without Reference Data,"The lack of revisit in long-term satellite time series such as Landsat is an issue to assess ecosystems response to snow cover variations in mountains. A recent release of the SPOT 1-5 satellite images collection by the SPOT World Heritage (SWH) program offers the opportunity to increase the temporal revisit of Landsat from 1986 to 2015 at 20 m resolution. However, spectral and radiometric limitations of these images hinder the application of well-established pixel- wise methods to extract the snow cover area. As a work-around, deep learning techniques such as convolutional neural networks can incorporate both spectral and spatial information to classify every pixel as snow, cloud, or snow-free. However, the lack of reference data poses a challenge to the implementation of such data-driven approaches. Here, we develop an emulator of SPOT images which takes as input Sentinel-2 images. As a result, an emulated SPOT image can be paired with a reference snow map generated from its source Sentinel-2 image to train a deep learning model able to process actual SPOT images. We follow this approach to train a U-Net and evaluate different training strategies. We apply the different models to classify actual SPOT images for which we have reference data for validation. The method yields high precision in detecting snow, with minimal false snow pixel identification. This is at the cost of overestimating cloud pixels around clouds and highly saturated areas. The results confirm the potential of this method to generate time series of snow cover maps using the SWH collection.",2024,2024-01-01,article,en,12,35,True,gold,IEEE Journal of Selected Topics in Applied Earth Observations and Remote Sensing,journal,Zacharie Barrou Dumont; Simon Gascoin; Jordi Inglada,"Centre National de la Recherche Scientifique; Centre d'Études Spatiales de la Biosphère; Institut National de Recherche pour l'Agriculture, l'Alimentation et l'Environnement; Institut de Recherche pour le Développement; Université Toulouse III - Paul Sabatier",fr,1,0,Cryospheric studies and observations; Species Distribution and Climate Change; Climate change and permafrost,Snow; Remote sensing; Computer science; Pixel; Artificial intelligence; Deep learning; Cloud cover; Convolutional neural network; Cloud computing; Satellite; Image resolution; Satellite imagery; Reference data; Computer vision; Meteorology; Data mining; Geology; Geography; Aerospace engineering; Engineering; Operating system,,,deep learning; neural network; convolutional,3,fr,v1,2026-08-13
https://openalex.org/W4416363346,https://doi.org/10.48550/arxiv.2511.13343,Coliseum project: Correlating climate change data with the behavior of heritage materials,"Heritage materials are already affected by climate change, and increasing climatic variations reduces the lifespan of monuments. As weathering depends on many factors, it is also difficult to link its progression to climatic changes. To predict weathering, it is essential to gather climatic data while simultaneously monitoring the progression of deterioration. The multimodal nature of collected data (images, text{\ldots}) makes correlations difficult, particularly on different time scales. To address this issue, the COLISEUM project proposes a methodology for collecting data in three French sites to predict heritage material behaviour using artificial intelligence computer models. Over time, prediction models will allow the prediction of future material behaviours using known data from different climate change scenarios by the IPCC (Intergovernmental Panel on Climate Change). Thus, a climate monitoring methodology has been set up in three cultural sites in France: Notre-Dame cathedral in Strasbourg ( 67), Bibracte archaeological site (71), and the Saint-Pierre chapel in Villefranche-sur-Mer (06). Each site has a different climate and specific materials. In situ, microclimatic sensors continuously record variations parameters over time. The state of alteration is monitored at regular intervals by means of chemical analyses, cartographic measurements and scientific imaging campaigns. To implement weathering models, data is gathered in alteration matrix by mean of a calculated weathering index. This article presents the instrumentation methodology, the initial diagnostic and the first results with the example of Strasbourg Cathedral site.",2025,2025-11-17,preprint,,1,0,True,green,arXiv (Cornell University),repository,Alexandre Cormier; David Roqui; F. Surma; Martin Labouré; Jean‐Marc Vallet; Odile Guillon; Nistor Grozavu; Ann Bourgès,Centre de recherche et de restauration des musées de France; Council of Independent Colleges; Equipes Traitement de l'Information et Systèmes,fr; us,2,1,Conservation Techniques and Studies; Building materials and conservation; Cultural Heritage Materials Analysis,Climate change; Weathering; Cultural heritage; Environmental science; Environmental resource management; Physical geography; Remote sensing; Chapel; Data set; Citizen science; Climate model; Archaeology; Data collection; Set (abstract data type); Predictive modelling; Instrumentation (computer programming); Meteorology; World heritage; Earth science; Climate zones; Data processing; Geography; Data science; State (computer science); Computer science,,,artificial intelligence,1,fr,v1,2026-08-13
https://openalex.org/W4390189883,https://doi.org/10.1109/iccvw60793.2023.00174,3D surface Approximation of the Entire Bayeux Tapestry for Improved Pedagogical Access,"The Bayeux Tapestry is an exceptional cultural heritage masterpiece by its size and the finesse of its details. Digitizing it raises a challenge, knowing that it is extremely fragile and thus lasers or invasive techniques are out of scope. In this work, we address this 3D-reconstruction challenge by introducing a pipeline to generate a high-resolution panorama of the Tapestry’s geometry. It is based on a deep learning architecture that converts the RGB images of a pre-existing 2D panorama into a 2.5D normal map panorama. With a view to facilitating the Tapestry inclusive accessibility, we further show that coupling our 3D-reconstruction pipeline with a segmentation method allows the affordable and rapid creation of 3D-printed bas-reliefs, which can be explored tactilely by visually impaired people.",2023,2023-10-02,conference-paper,en,4,38,True,green,,,Marjorie Redon; Matthieu Pizenberg; Yvain Quéau; Abderrahim Elmoataz,Centre National de la Recherche Scientifique; GREYC; Normandie Université; Université de Caen Normandie; École Nationale Supérieure d'Ingénieurs de Caen,fr,1,0,Computer Graphics and Visualization Techniques; 3D Surveying and Cultural Heritage; 3D Shape Modeling and Analysis,Computer science; Surface (topology); Surface reconstruction; Computer graphics (images); Mathematics; Geometry,,,deep learning,1,fr,v1,2026-08-13
https://openalex.org/W4391514038,https://doi.org/10.1007/s41982-023-00167-7,The Contribution of 2D and 3D Geometric Morphometrics to Lithic Taxonomies: Testing Discrete Categories of Backed Flakes from Recurrent Centripetal Core Reduction,"Abstract Paleolithic lithic assemblages are usually dominated by flakes and display a high degree of morphological variability. When analyzing Paleolithic lithic assemblages, it is common to classify flakes into categories based on their morphological and technological features, which are linked to the position of the flake in the reduction sequence and how removals are organized in a given production method. For the analysis of Middle Paleolithic lithic assemblages, two categories of flakes are commonly identified: core–edge flakes and pseudo-Levallois points. A third type, core–edge flakes with a limited back, is also commonly found in the archaeological literature, providing an alternative category whose definition does not match the two previous types but shares many of their morphological and technological features. The present study addresses whether these three flakes constitute discrete categories based on their morphological and technological attributes. 2D and 3D geometric morphometrics are employed on an experimental set composed of the three categories of flakes to quantify morphological variation. Machine learning models and principal components biplots are used to test the discreteness of the categories. The results indicate that geometric morphometrics succeed in capturing the morphological and technological features that characterize each type of product. Pseudo-Levallois points have the highest discreteness of the three technological products, and while some degree of mixture exists between core edge flakes and core edge flakes with a limited back, they are also highly distinguishable. We conclude that the three categories are discrete and can be employed in technological lists of products for the analysis of lithic assemblages and that geometric morphometrics is useful for testing for the validity of categories. When testing these technological categories, we stress the need for well-defined and shared lithic analytical units to correctly identify and interpret the technical steps and decisions made by prehistoric knappers and to properly compare similarities and differences between stone tool assemblages. These are key aspects for current research in which open datasets are becoming more and more common and used to build interpretative techno-cultural models on large geographical scales. Now more than ever, lithic specialists are aware of the need to overcome differences in taxonomies between different school traditions.",2024,2024-02-03,article,en,7,84,True,hybrid,Journal of Paleolithic Archaeology,journal,Guillermo Bustos‐Pérez; Brad Gravina; Michel Brenet; Francesca Romagnoli,"Centre National de la Recherche Scientifique; De la Préhistoire à l'Actuel : Culture, Environnement et Anthropologie; Institut Català de Paleoecologia Humana i Evolució Social; Institut National de Recherches Archéologiques Préventives; Instituto de Historia; Musée de la Civilisation; Universidad Autónoma de Madrid; Universitat Rovira i Virgili; Université de Bordeaux",ca; es; fr,3,1,Pleistocene-Era Hominins and Archaeology; Morphological variations and asymmetry; Image Processing and 3D Reconstruction,Morphometrics; Centripetal force; Reduction (mathematics); Core (optical fiber); Archaeology; Geography; Computer science; Geometry; Mathematics; Zoology; Biology; Physics; Mechanics; Telecommunications,,,machine learning,1,fr,v1,2026-08-13
https://openalex.org/W4393137959,,An Ontology for Creating Hypermedia Stories Over Knowledge Graphs,International audience,2023,2023-01-01,conference-paper,en,1,0,True,green,KNAW Research Portal (The Royal Netherlands Academy of Arts and Sciences),repository,Pasquale Lisena; Daniel Schwabe; Marieke van Erp; Inger Leemans; William Tullett; Raphaël Troncy; S. Ehrich; Thibault Ehrhart,EURECOM; Jožef Stefan Institute; University of York,fr; gb; si,3,1,Semantic Web and Ontologies,Computer science; Ontology; Hypermedia; Knowledge graph; World Wide Web; Information retrieval; Epistemology; Philosophy,,,knowledge graph,1,fr,v1,2026-08-13
https://openalex.org/W4285746458,https://doi.org/10.2307/jj.15136030.9,"Innovative multidisciplinary method using Machine Learning to define human behaviors and environments during the Caune de l’Arago (Tautavel, France) Middle Pleistocene occupations","Sophie Grégoire, Nicolas Boulbes, Bernard Quinio, Matthieu Boussard, Caroline Chopinaud, Anne-Marie Moigne, Agnès Testu, Vincenzo Celiberti, Cédric Fontaneil, Christian Perrenoud, Anne-Sophie Lartigot Campin, Thibaud Saos, Tony Chevalier, Véronique Pois, Henry de Lumley, Marie-Antoinette de Lumley, Antoine Harfouche, Rolande Marciniack, Philippe Carrez, Thierry Hervé, Innovative multidisciplinary method using Machine Learning to define human behaviors and environments during the Caune de l’Arago (Tautavel, France) Middle Pleistocene occupations, Big Data and Archaeology, pp. 28-47",2021,2021-08-05,book-chapter,en,1,0,False,closed,Archaeopress Publishing Ltd eBooks,ebook platform,Sophie Grégoire; Nicolas Boulbes; Bernard Quinio; Matthieu Boussard; Caroline Chopinaud; Anne‐Marie Moigne; Agnès Testu; Vincenzo Celiberti; Cédric Fontaneil; Christian Perrenoud; Anne-Sophie Lartigot Campin; Thibaud Saos; Tony Chevalier; Véronique Pois; Henry de Lumley; Marie‐Antoinette de Lumley; Antoine Harfouche; Rolande Marciniack; Philippe Carrez; Thierry Hervé,Centre d'études et de recherches sur les organisations et la stratégie; Craft Engineering Associates (United States); Histoire Naturelle des Humanités Préhistoriques; Immersion (United States); Institut de Paléontologie Humaine,fr; us,2,1,Pleistocene-Era Hominins and Archaeology; Geology and Paleoclimatology Research; Archaeology and ancient environmental studies,Multidisciplinary approach; Pleistocene; Psychology; Geography; Archaeology; Sociology; Social science,,,machine learning,1,fr,v1,2026-08-13
https://openalex.org/W4405393552,https://doi.org/10.5194/isprs-archives-xlviii-2-w8-2024-163-2024,Labelling point clouds in VR,"Abstract. Recent advancements in Virtual Reality (VR) technology have extended its applications beyond entertainment, offering promising tools for professional fields such as 3D data annotation. This paper explores the use of VR for labelling 3D point clouds in forestry and cultural heritage datasets. We employ Labelling Flora, an open-source VR annotation tool, to re-label three existing cultural heritage and one forestry datasets and assess the effectiveness of VR-based annotations in training machine learning models. By comparing the accuracy, precision, and F1-score of inference models trained with VR-generated labels to those trained with traditional desktop labelling methods, we evaluate the potential of VR to streamline labour-intensive annotation tasks. Our results indicate that VR enables intuitive 3D segmentation, even for individuals without technical expertise, particularly for very complex scenes, improving labelling efficiency and contributing to the overall automation of complex datasets. This study highlights therefore the potential of VR to enhance other workflows and make complex tasks more accessible to domain experts who may not be familiar with 3D data thus refining data accuracy and reliability.",2024,2024-12-14,article,en,2,13,True,diamond,"The international archives of the photogrammetry, remote sensing and spatial information sciences/International archives of the photogrammetry, remote sensing and spatial information sciences",journal,Cyprien Raymi Fol; Arnadi Murtiyoso; G. Mazzacca; Thomas Saint-André; Fabio Remondino; Verena Christiane Griess,Centre National de la Recherche Scientifique; ETH Zurich; Fondazione Bruno Kessler; Institut National des Sciences Appliquées de Strasbourg; University of Udine; Université de Strasbourg,ch; fr; it,3,1,Computer Graphics and Visualization Techniques; 3D Shape Modeling and Analysis; Augmented Reality Applications,Labelling; Point (geometry); Computer graphics (images); Computer science; Point cloud; Psychology; Artificial intelligence; Mathematics; Geometry; Criminology,,,machine learning,1,fr,v1,2026-08-13
https://openalex.org/W4223486666,https://doi.org/10.1007/s12520-022-01501-w,Discrimination of wheel-thrown pottery surface treatment by Deep Learning,,2022,2022-04-11,article,en,2,64,False,closed,Archaeological and Anthropological Sciences,journal,Josef Wilczek; Richard Thér; Fabrice Monna; Christian Gentil; Céline Roudet; Carmela Chateau‐Smith,"Archéologie, Terre, Histoire, Sociétés; Centre National de la Recherche Scientifique; University of Hradec Králové; Université Bourgogne Franche-Comté; Université de Bourgogne",cz; fr,2,1,Image Processing and 3D Reconstruction; 3D Surveying and Cultural Heritage; Cultural Heritage Materials Analysis,Pottery; Workflow; Convolutional neural network; Surface (topology); Archaeology; Artificial intelligence; Excavation; Deep learning; Computer science; Geometry; Geography; Mathematics; Database,,,deep learning,1,fr,v1,2026-08-13
https://openalex.org/W2980326236,https://doi.org/10.1145/3340555.3353758,Generative Model of Agent’s Behaviors in Human-Agent Interaction,"A social interaction implies a social exchange between two or more persons, where they adapt and adjust their behaviors in response to their interaction partners. With the growing interest in human-agent interactions, it is desirable to make these interactions more natural and human like. In this context, we aim at enhancing the quality of the interaction between user and Embodied Conversational Agent (ECA) by endowing ECA with the capacity to adapt its behavior in real time according the user’s behavior. The novelty of our approach is to model the agent’s nonverbal behaviors as a function of both agent’s and user’s behaviors jointly with the agent’s communicative intentions creating a dynamic loop between both interactants. Moreover, we encompass the variation of behavior over time through a LSTM-based model. Our model IL-LSTM (Interaction Loop LSTM) predicts the next agent’s behavior taking into account the behavior that both, the agent and the user, have displayed within a time window. We have conducted an evaluation study involving an agent interacting with visitors in a science museum. Results of our study show that participants have better experience and are more engaged in the interaction when the agent adapts its behaviors to theirs, thus creating an interactive loop.",2019,2019-10-14,conference-paper,en,19,34,False,closed,,,Soumia Dermouche; Catherine Pélachaud,Centre National de la Recherche Scientifique; Institut Systèmes Intelligents et de Robotique,fr,1,0,Speech and dialogue systems; Social Robot Interaction and HRI; Human Motion and Animation,Computer science; Embodied agent; Novelty; Human–computer interaction; Dialog system; Embodied cognition; Social relation; Context (archaeology); Multi-agent system; Quality (philosophy); Generative grammar; Artificial intelligence; Psychology; World Wide Web; Social psychology; Paleontology; Epistemology; Biology; Philosophy; Dialog box,,,generative model,1,fr,v1,2026-08-13
https://openalex.org/W4401689231,https://doi.org/10.1016/j.nima.2024.169755,2D and 3D analysis improvements with machine learning for muography applications,"Transmission muography is a non-invasive and non-destructive imaging method which allows to estimate the integrated density of a volume in a given direction (also referred as opacity). It is used in multiple societal applications like archaeology, nuclear safety or geoscience. It relies on the reconstruction of muon tracks that crossed the studied volume compared to the corresponding open sky expectation. The portable experimental setups developed by CEA/Irfu group operates four Micromegas gaseous detectors, HV and DAQ modules, and an embedded computer allowing remote control. Used Micromegas detectors have a multiplexed readout to optimize the DAQ system, while keeping good spatial resolution. However, the natural muon flux is relatively low, so muography images could have high levels of statistical noise, which would be propagated to the reconstructed 3D images. For this reason, we propose three new methods, using machine learning, which increase significantly the quality of 2D images and 3D tomographies. We developed a new demultiplexing method for the Micromegas. It showed its efficiency both for 1D and 2D multiplexed detectors, in a hodoscopic tracker and a Time Projection Chamber (TPC). In the TPC, this method can embed a particle identification between muon-hits and electron-hits. We demonstrated how neural networks could denoise muography images. In the context of the scanning of a nuclear reactor, we used data augmentation, modeling few hundreds fake nuclear reactors. Muographies from different points of view were simulated to train a denoising neural network. These new methods significantly improved the muography images. Nonetheless, the used 3D tomography algorithm still has some limitations. We proved that it was possible to build a 3D post-process neural network, which was trained to compensate the reconstruction algorithm’s limitations.",2024,2024-08-19,article,en,4,18,True,hybrid,Nuclear Instruments and Methods in Physics Research Section A Accelerators Spectrometers Detectors and Associated Equipment,journal,Baptiste Lefèvre; D. Attié; R. Bajou; H. Gómez,CEA Paris-Saclay; Commissariat à l'Énergie Atomique et aux Énergies Alternatives; Institut de Recherche sur les Lois Fondamentales de l'Univers; Université Paris-Saclay,fr,1,0,Particle Detector Development and Performance; Radiation Detection and Scintillator Technologies; Medical Imaging Techniques and Applications,Computer science; Machine learning; Artificial intelligence,,,machine learning; neural network,2,fr,v1,2026-08-13
https://openalex.org/W4398787869,https://doi.org/10.32604/cmes.2024.050791,Instance Segmentation of Characters Recognized in Palmyrene Aramaic Inscriptions,"This study presents a single-class and multi-class instance segmentation approach applied to ancient Palmyrene inscriptions, employing two state-of-the-art deep learning algorithms, namely YOLOv8 and Roboflow 3.0. The goal is to contribute to the preservation and understanding of historical texts, showcasing the potential of modern deep learning methods in archaeological research. Our research culminates in several key findings and scientific contributions. We comprehensively compare the performance of YOLOv8 and Roboflow 3.0 in the context of Palmyrene character segmentation—this comparative analysis mainly focuses on the strengths and weaknesses of each algorithm in this context. We also created and annotated an extensive dataset of Palmyrene inscriptions, a crucial resource for further research in the field. The dataset serves for training and evaluating the segmentation models. We employ comparative evaluation metrics to quantitatively assess the segmentation results, ensuring the reliability and reproducibility of our findings and we present custom visualization tools for predicted segmentation masks. Our study advances the state of the art in semi-automatic reading of Palmyrene inscriptions and establishes a benchmark for future research. The availability of the Palmyrene dataset and the insights into algorithm performance contribute to the broader understanding of historical text analysis.",2024,2024-01-01,article,en,2,48,True,diamond,Computer Modeling in Engineering & Sciences,journal,Adéla Hamplová; Alexey Lyavdansky; Tomáš Novák; Ondřej Svojše; David Franc; Arnošt Veselý,British Museum; Czech University of Life Sciences Prague; Hermitage Museum; J. Paul Getty Museum; Louvre; National Research University Higher School of Economics; Pushkin Museum; Royal Ontario Museum,ca; cz; fr; gb; ru; us,6,1,Handwritten Text Recognition Techniques; Digital Media Forensic Detection; Image Processing and 3D Reconstruction,Segmentation; Context (archaeology); Computer science; Benchmark (surveying); Deep learning; Artificial intelligence; Field (mathematics); Class (philosophy); Visualization; Resource (disambiguation); Key (lock); Data science; Natural language processing; Archaeology; History; Cartography; Geography; Computer network; Pure mathematics; Mathematics; Computer security,,,deep learning,1,fr,v1,2026-08-13
https://openalex.org/W1915179827,https://doi.org/10.1109/cvpr.2015.7299028,Line drawing interpretation in a multi-view context,"Many design tasks involve the creation of new objects in the context of an existing scene. Existing work in computer vision only provides partial support for such tasks. On the one hand, multi-view stereo algorithms allow the reconstruction of real-world scenes, while on the other hand algorithms for line-drawing interpretation do not take context into account. Our work combines the strength of these two domains to interpret line drawings of imaginary objects drawn over photographs of an existing scene. The main challenge we face is to identify the existing 3D structure that correlates with the line drawing while also allowing the creation of new structure that is not present in the real world. We propose a labeling algorithm to tackle this problem, where some of the labels capture dominant orientations of the real scene while a free label allows the discovery of new orientations in the imaginary scene. We illustrate our algorithm by interpreting line drawings for urban planing, home remodeling, furniture design and cultural heritage.",2015,2015-06-01,conference-paper,en,4,32,False,closed,,,Jean-Dominique Favreau; Florent Lafarge; Adrien Bousseau,Institut national de recherche en sciences et technologies du numérique,fr,1,0,Advanced Vision and Imaging; 3D Surveying and Cultural Heritage; Robotics and Sensor-Based Localization,Computer science; Context (archaeology); Interpretation (philosophy); Face (sociological concept); Line (geometry); Artificial intelligence; The Imaginary; Computer vision; Line drawings; Cultural heritage; Human–computer interaction; Engineering drawing; Engineering; Mathematics; Geometry; Biology; Psychology; Programming language; Sociology; History; Paleontology; Social science; Psychotherapist; Archaeology,,,computer vision,1,fr,v1,2026-08-13
https://openalex.org/W2983717870,https://doi.org/10.1007/978-3-030-33220-4_5,MusicKG: Representations of Sound and Music in the Middle Ages as Linked Open Data,"The World Wide Web is one of the main ways of accessing knowledge in cultural heritage. Recently, several projects in digital humanities have emerged; however only a few are specialized in musicology. In this paper, we present MusicKG, a multilingual knowledge graph about medieval musicology and musical iconography. A specific ontology has been designed to integrate data from several iconographic and musicology databases. In addition, MusicKG is connected to the Linked Open Data cloud with a significant part of its classes, properties and instances being linked to Wikidata, Getty Vocabularies, MIMO, Iconclass and GeoNames. MusicKG is accessible and reusable by three means: a downloadable RDF dump, a Virtuoso faceted browser and a public SPARQL endpoint. Some representative SPARQL query examples are given to illustrate the scope of MusicKG and to show the potential impact on the research work in medieval musicology.",2019,2019-01-01,conference-paper,en,3,6,True,hybrid,Lecture notes in computer science,book series,Victoria Eyharabide; Vincent Lully; Florentin Morel,"Institut de Recherche en Musicologie; Sens, Texte, Informatique, Histoire; Sorbonne Université; Université Paris 1 Panthéon-Sorbonne",fr,1,0,Natural Language Processing Techniques; Music and Audio Processing; Semantic Web and Ontologies,Musicology; SPARQL; Computer science; Linked data; RDF; World Wide Web; Ontology; Scope (computer science); Semantic Web; Cultural heritage; Art; Visual arts; History; Programming language; Archaeology; Philosophy; Epistemology,,,knowledge graph,1,fr,v1,2026-08-13
https://openalex.org/W3110982037,https://doi.org/10.25518/1780-4507.18823,Assessing the dominant height of oriental beech (Fagus orientalis L.) in relation to edaphic and physiographic variables in the Hyrcanian Forests of Iran,"Description of the subject. This study evaluates the application of Boosted Regression Trees (BRT) for predicting beech dominant height in the Hyrcanian forests of Iran, inscribed as a UNESCO’s World Heritage due to its remarkable biodiversity. Objectives. It is widely accepted that tree growth can be influenced by a wide variety of factors such as climate, topography, soil conditions and competition for resources. The early dominant height of trees modelling studies used the multiple linear regression. The development of more advanced non-parametric and machine learning methods provided opportunities to overcome the nonlinear relationships in forest ecosystems. Method. In this study, boosted regression trees was evaluated to model the dominant height of Fagus orientalis as the most important tree species in the Hyrcanian forest, Iran. Dominant height was related to soil and topographical variables, which are available for 190 sample plots covering all importance environmental gradients in the research area. Results. The results indicated BRT were found to outperform for modelling beech dominant height. This technique showed that phosphorus, percentage nitrogen, magnesium and percentage sand were among the most important variables. Conclusions. This study demonstrates the ability of BRT to accurately model the dominant height of oriental beech in relation to environmental predictors, and encourages its use in forest ecology.",2020,2020-01-01,article,en,6,87,True,diamond,BASE,journal,Seyed Jalil Alavi; Kourosh Ahmadi; Carsten F. Dormann; Josep M. Serra‐Diaz; Zahra Nouri,"Aarhus University; AgroParisTech; Ecologie et Ecophysiologie Forestières; Institut National de Recherche pour l'Agriculture, l'Alimentation et l'Environnement; Silva; Tarbiat Modares University; University of Freiburg; University of Mazandaran; University of Science and Technology of Mazandaran; Université de Lorraine",de; dk; fr; ir,4,1,Forest ecology and management; Tree-ring climate responses; Plant Ecology and Soil Science,Beech; Edaphic; Geography; Ecology; Forestry; Environmental science; Biology; Soil water,,,machine learning,1,fr,v1,2026-08-13
https://openalex.org/W4405319114,https://doi.org/10.1016/j.autcon.2024.105927,From surveys to simulations: Integrating Notre-Dame de Paris' buttressing system diagnosis with knowledge graphs,"The assessment of structural safety and a thorough understanding of buildings' structural behavior are critical to enhancing the resilience of the built environment. Cultural Heritage (CH) buildings present unique diagnosis challenges due to their diverse designs and construction techniques, often requiring attention during maintenance or disaster relief efforts. However, collaboration across CH and Architecture, Engineering, and Construction (AEC) fields is hindered by increasing information complexity and prolonged feedback loops. This paper introduces a methodological approach utilizing Knowledge Graph technologies to integrate structural diagnosis information and processes. The approach is applied to the diagnosis of the Notre-Dame de Paris buttressing system, demonstrated through a proof-of-concept knowledge system. By leveraging Knowledge Graph functionalities, insights are derived from the spatialization and provenance of mechanical phenomena, including observed or simulation-predicted cracks in mortar-bound masonry. • Observed and predicted mechanical phenomena are related through the Knowledge Graph. • Diagnosis insights are derivable from joint provenance and spatial resource indexing. • Pattern-based knowledge modeling enable standard AEC/CH ontology reuse. • Proposed Knowledge Graph methodological framework is evaluated with a proof of concept.",2024,2024-12-12,article,en,4,66,True,hybrid,Automation in Construction,journal,Antoine Gros; Livio De Luca; Frédéric Dubois; P. Véron; Kévin Jacquot,Arts et Métiers; Centre National de la Recherche Scientifique; Délégation Provence et Corse; Laboratoire d’Ingénierie des Systèmes Physiques et Numériques; Modèles et simulations pour l'Architecture et le Patrimoine; Université de Montpellier; École Nationale Supérieure d'Architecture de Lyon; École Nationale des Travaux Publics de l'État,fr,1,0,AI-based Problem Solving and Planning; Business Process Modeling and Analysis; Flexible and Reconfigurable Manufacturing Systems,Computer science; Operations research; Artificial intelligence; Engineering,,,knowledge graph,1,fr,v1,2026-08-13
https://openalex.org/W3013749053,https://doi.org/10.1101/2020.03.24.005975,Towards CNN Representations for Small Mass Spectrometry Data Classification: From Transfer Learning to Cumulative Learning,"Abstract Rapid and accurate clinical diagnosis of pathological conditions remains highly challenging. A very important component of diagnosis tool development is the design of effective classification models with Mass spectrometry (MS) data. Some popular Machine Learning (ML) approaches have been investigated for this purpose but these ML models require time-consuming preprocessing steps such as baseline correction, denoising, and spectrum alignment to remove non-sample-related data artifacts. They also depend on the tedious extraction of handcrafted features, making them unsuitable for rapid analysis. Convolutional Neural Networks (CNNs) have been found to perform well under such circumstances since they can learn efficient representations from raw data without the need for costly preprocessing. However, their effectiveness drastically decreases when the number of available training samples is small, which is a common situation in medical applications. Transfer learning strategies extend an accurate representation model learnt usually on a large dataset containing many categories, to a smaller dataset with far fewer categories. In this study, we first investigate transfer learning on a 1D-CNN we have designed to classify MS data, then we develop a new representation learning method when transfer learning is not powerful enough, as in cases of low-resolution or data heterogeneity. What we propose is to train the same model through several classification tasks over various small datasets in order to accumulate generic knowledge of what MS data are, in the resulting representation. By using rat brain data as the initial training dataset, a representation learning approach can have a classification accuracy exceeding 98% for canine sarcoma cancer cells, human ovarian cancer serums, and pathogenic microorganism biotypes in 1D clinical datasets. We show for the first time the use of cumulative representation learning using datasets generated in different biological contexts, on different organisms, in different mass ranges, with different MS ionization sources, and acquired by different instruments at different resolutions. Our approach thus proposes a promising strategy for improving MS data classification accuracy when only small numbers of samples are available as a prospective cohort. The principles demonstrated in this work could even be beneficial to other domains (astronomy, archaeology…) where training samples are scarce.",2020,2020-03-25,preprint,en,5,66,False,closed,bioRxiv (Cold Spring Harbor Laboratory),repository,Khawla Seddiki; Philippe Saudemont; Fŕed́eric Precioso; Nina Ogrinc; Maxence Wisztorski; Michel Salzet; Isabelle Fournier; Arnaud Droit,"Centre Hospitalier Universitaire de Lille; Centre National de la Recherche Scientifique; Centre hospitalier de l'Université Laval; Inserm; Institut national de recherche en sciences et technologies du numérique; Observatoire de la Côte d’Azur; Protéomique, Réponse Inflammatoire et Spectrométrie de Masse; Université Côte d'Azur; Université Laval; Université de Lille",ca; fr,2,1,Mass Spectrometry Techniques and Applications; Metabolomics and Mass Spectrometry Studies; Advanced Proteomics Techniques and Applications,Computer science; Artificial intelligence; Preprocessor; Transfer of learning; Convolutional neural network; Machine learning; Representation (politics); Data pre-processing; Pattern recognition (psychology); Raw data; Feature learning; External Data Representation; Data mining; Law; Politics; Programming language; Political science,,,machine learning; neural network; convolutional,3,fr,v1,2026-08-13
https://openalex.org/W4386807404,https://doi.org/10.1101/2023.09.15.557939,Convolutional Neural Networks and Outline Analyses for Archaeobotanical Studies of Domestication and Subspecific Identification,"Abstract The identification of archaeological fruits and seeds is crucial for understanding the relationships between humans and plants within the cultural and biological history of both wild and cultivated species. We compared the relative performance of a deep learning approach, namely convolutional neural networks (CNN), and outline analyses via geometric morphometrics using elliptical Fourier transforms (EFT) at identifying pairs of plant taxa. We used their seeds and fruit stones that are the most abundant organs in archaeobotanical assemblages, and whose morphological identification, chiefly between wild and domesticated types, allows to document their domestication and biogeographical history. We used existing modern datasets of four plant taxa (barley, olive, date palm and grapevine) corresponding to photographs of two orthogonal views of their seeds that were analysed separately to offer a larger spectrum of shape diversity. Sample sizes ranged from 473 to 1,769 seeds per class, which constitute a relatively small dataset for training CNNs models yet typical within archaeobotanical research. On these eight datasets, we compared the performance of CNN and EFT coupled with linear discriminant analyses. Our objectives were twofold: i) to test whether CNN can beat geometric morphometrics in taxonomic identification and if so, ii) to test which minimal sample size is required. We ran simulations on the full datasets and also on subsets, starting from 50 images in each binary class. For the CNN network, we deliberately used a candid approach relying on pre-parameterised VGG19 network. For EFT, we used a state-of-the art morphometrical pipeline. The main difference rests in the data used by each model: our CNN used bare photographs where EFT used outline coordinates. This “pre-distilled” geometrical description of seed outlines is often the most time-consuming part of morphometric studies. Results show that our CNN beats EFT in most cases, even for very small datasets. We finally discuss the potential of CNNs for archaeobotany, and how bioarchaeological studies could embrace both approaches, used in a complementary way, to better assess and understand the past history of species.",2023,2023-09-15,preprint,en,4,41,True,green,bioRxiv (Cold Spring Harbor Laboratory),repository,Vincent Bonhomme; Laurent Bouby; Julien Claude; Camille Dham; Muriel Gros‐Balthazard; Sarah Ivorra; Angèle Jeanty; Clémence Pagnoux; Thierry Pastor; Jean‐Frédéric Terral; Allowen Evin,"Archéozoologie et Archéobotanique; Centre National de la Recherche Scientifique; Centre de Coopération Internationale en Recherche Agronomique pour le Développement; Chulalongkorn University; Diversité, adaptation et développement des plantes; Institut de Recherche pour le Développement; Institut des Sciences de l'Evolution de Montpellier; Structure et Instabilité des Génomes; Université de Montpellier; École Pratique des Hautes Études",fr; th,2,1,Image Processing and 3D Reconstruction; Pleistocene-Era Hominins and Archaeology; Archaeology and ancient environmental studies,Morphometrics; Artificial intelligence; Taxon; Identification (biology); Domestication; Convolutional neural network; Paleoethnobotany; Deep learning; Biology; Pattern recognition (psychology); Botany; Computer science; Ecology; Agriculture,,,deep learning; neural network; convolutional,3,fr,v1,2026-08-13
https://openalex.org/W4281730821,https://doi.org/10.5194/isprs-archives-xliii-b2-2022-201-2022,INTEGRATION OF DEPTH MAPS FROM ARCORE TO PROCESS POINT CLOUDS IN REAL TIME ON A SMARTPHONE,"Abstract. Real-world three-dimensional reconstruction is a project of long-standing interest in global computer vision. Many tools have emerged these past years to accurately perceive the surrounding world either through active sensors or through passive algorithmic methods. With the advent and popularization of augmented reality on smartphones, new visualization issues have emerged concerning the virtual experience. Especially a 3D model seems to be essential to provide more realistic AR effects including consistency of occlusion, shadow mapping or even collision between virtual objects and real environment. However, due to the huge computation of most of current approaches, most of these algorithms are working on a computer desktop or high-end smartphones. Indeed, the reconstruction scale is rapidly limited by the complexity of both computation and memory. Therefore, our study aims to find a relevant method to process real time reconstruction of close-range outdoor scenes such as cultural heritage or underground infrastructures in real time locally on a smartphone.",2022,2022-05-30,article,en,3,23,True,diamond,"The international archives of the photogrammetry, remote sensing and spatial information sciences/International archives of the photogrammetry, remote sensing and spatial information sciences",journal,R. Haenel; Q. Semler; E. Semin; Pierre Grussenmeyer; Emmanuel Alby,"Centre National de la Recherche Scientifique; Institut National des Sciences Appliquées de Strasbourg; Laboratoire des Sciences de l'Ingénieur, de l'Informatique et de l'Imagerie; Université de Strasbourg",fr,1,0,3D Surveying and Cultural Heritage; Robotics and Sensor-Based Localization; Augmented Reality Applications,Computer science; Visualization; Point cloud; Shadow (psychology); Process (computing); Augmented reality; Computation; Computer graphics (images); Scale (ratio); Cultural heritage; Virtual reality; Computer vision; Point (geometry); Human–computer interaction; Computer graphics; Artificial intelligence; Geography; Algorithm; Psychology; Archaeology; Geometry; Psychotherapist; Mathematics; Operating system; Cartography,,,computer vision,1,fr,v1,2026-08-13
https://openalex.org/W7136326972,https://doi.org/10.1051/0004-6361/202558436,Stellar age determination using deep neural networks,"Context . Recent spectroscopic surveys provide element abundances for large samples of Milky Way stars, from which stellar parameters can be inferred. Stellar ages, among them, are both a notoriously difficult parameter to estimate and a fundamental property for Galactic archaeology studies. Aims . We aim to develop a model-driven deep learning approach to age determination by training neural networks on stellar evolutionary grids. Contrary to the usual data-driven deep learning approach of using prior age estimates as training data, our method has the potential for a wider and less biased range of application. The low computational cost of deep learning methods compared to, for example, Bayesian isochrone fitting enables a broad analysis of large spectroscopic catalogues. Methods . We trained multilayer perceptrons on different stellar evolutionary grids to map [M/H], M G , ( G BP − G RP ) to stellar age τ . We combined Gaia photometry and parallaxes, metallicities, and α elements from spectroscopic surveys and extinction maps, which are passed through neural networks to estimate stellar ages. Results . We applied our method to the LAMOST DR10, GALAH DR3 &amp; DR4, and APOGEE DR17 spectroscopic surveys, estimating ages using the BaSTI tracks and other stellar evolutionary models. We leveraged this novel technique to study, for the first time, differences in age estimates from several evolutionary grids applied to very large datasets. In addition, we dated 13 open clusters and one globular cluster, finding a median absolute deviation with literature ages of 0.20 Gyr. Along with the stellar age catalogues from our estimates, we release NEST (Neural Estimator of Stellar Times), a python package to estimate stellar age based on this work, as well as a web interface. Conclusions . We show that, when using the same evolutionary grid, our method retrieves the same ages as a Bayesian approach similar to SPInS, for only a fraction of the computational cost, with a 60 000 speed-up factor for a typical star. This model-driven deep learning technique thus opens up the way for broad galactic archaeology studies on the largest datasets available today and in the near future with upcoming surveys such as 4MOST.",2026,2026-03-16,article,en,1,103,True,diamond,Astronomy and Astrophysics,journal,T. Boin; L. Casamiquela; M. Haywood; P. Di Matteo; Y. Lebreton; M. Uddin; D. R. Reese,Centre National de la Recherche Scientifique; Délégation Paris 7; Institut de Physique de Rennes; Université Paris Cité; Université de Rennes,fr,1,0,"Stellar, planetary, and galactic studies; Alexander von Humboldt Studies; Astronomy and Astrophysical Research",Physics; Milky Way; Astrophysics; Stellar evolution; LAMOST; Photometry (optics); Globular cluster; Asteroseismology; Astronomy; Deep learning; Stars; Stellar structure; Artificial intelligence; Artificial neural network; Python (programming language); Stellar population; Modern evolutionary synthesis; Estimator; Bayesian probability; Perceptron; Stellar collision; Stellar physics; Young stellar object; Metallicity; Red clump; Galaxy formation and evolution; Deep neural networks; Extinction (optical mineralogy); Star cluster; Absolute magnitude; Stellar kinematics; Galaxy; Red-giant branch,,,deep learning; neural network,2,fr,v1,2026-08-13
https://openalex.org/W3090535198,https://doi.org/10.3897/biss.4.59046,"Unleash the Potential of your Website! 180,000 webpages from the French Natural History Museum marked up with Bioschemas/Schema.org biodiversity types","The challenge of finding, retrieving and making sense of biodiversity data is being tackled by many different approaches. Projects like the Global Biodiversity Information Facility (GBIF) or Encyclopedia of Life (EoL) adopt an integrative approach where they republish, in a uniform manner, records aggregated from multiple data sources. With this centralized, siloed approach, such projects stand as powerful one-stop shops, but tend to reduce the visibility of other data sources that are not (yet) aggregated. At the other end of the spectrum, the Web of Data promotes the building of a global, distributed knowledge graph consisting of datasets published by independent institutions according to the Linked Open Data principles (Heath and Bizer 2011), such as Wikidata or DBpedia. Beyond these ""sophisticated"" infrastructures, websites remain the most common way of publishing and sharing scientific data at low cost. Thanks to web search engines, everyone can discover webpages. Yet, the summaries provided in results lists are often insufficiently informative to decide whether a web page is relevant with respect to some research interests, such that integrating data published by a wealth of websites is hardly possible. A strategy around this issue lies in annotating websites with structured, semantic metadata such as the Schema.org vocabulary (Guha et al. 2015). Webpages typically embed Schema.org annotations in the form of markup data (written in the RDFa or JSON-LD formats), which search engines harvest and exploit to improve ranking and provide more informative summarization. Bioschemas is a community effort working to extend Schema.org to support markup for Life Sciences websites (Michel and The Bioschemas Community 2018, Garcia et al. 2017). Bioschemas primarily re-uses existing terms from Schema.org, occasionally re-uses terms from third-party vocabularies, and when necessary proposes new terms to be endorsed by Schema.org. As of today, Bioschemas's biodiversity group has proposed the Taxon type*1 to support the annotation of any webpage denoting taxa, TaxonName to support more specifically the annotation of taxonomic names registries, and guidelines describing how to leverage existing vocabularies such as Darwin Core terms. To proceed further, the biodiversity community must now demonstrate its interest in having these terms endorsed by Schema.org: (1) through a critical mass of live markup deployments, and (2) by the development of applications capable of exploiting this markup data. Therefore, as a first step, the French National Museum of Natural History has marked up its natural heritage inventory website: over 180,000 webpages describing the species inventoried in French territories have been annotated with the Taxon and TaxonName types in the form of JSON-LD scripts (see example scripts). As an example, one can check the source of the Delphinus delphis page. In this presentation, by demonstrating that marking up existing webpages can be very inexpensive, we wish to encourage the biodiversity community to adopt this practice, engage in the discussion about biodiversity-related markup, and possibly propose new terms related e.g. to traits or collections. We believe that generalizing the use of such markup by the many websites reporting checklists, museum collections, occurrences, life traits etc. shall be a major step towards the generalized adoption of FAIR*2 principles (Wilkinson 2016), shall dramatically improve information discovery using search engines, and shall be a key accelerator for the development of novel, web-scale, biodiversity data integration scenarios.",2020,2020-09-29,article,en,0,7,True,diamond,Biodiversity Information Science and Standards,journal,Franck Michel; Olivier Gargominy; Benjamin Ledentec; The Bioschemas Community,"Infection et inflammation; Laboratoire d'Informatique, Signaux et Systèmes de Sophia Antipolis",fr,1,0,Species Distribution and Climate Change; Research Data Management Practices; Scientific Computing and Data Management,Computer science; World Wide Web; Information retrieval; Metadata; Linked data; Web page; Semantic Web; Exploit; Markup language; Data discovery; XML; Computer security,,,knowledge graph,1,fr,v1,2026-08-13
https://openalex.org/W4407393859,https://doi.org/10.48550/arxiv.2507.00894,An in depth look at the Procrustes-Wasserstein distance: properties and barycenters,"Due to its invariance to rigid transformations such as rotations and reflections, Procrustes-Wasserstein (PW) was introduced in the literature as an optimal transport (OT) distance, alternative to Wasserstein and more suited to tasks such as the alignment and comparison of point clouds. Having that application in mind, we carefully build a space of discrete probability measures and show that over that space PW actually is a distance. Algorithms to solve the PW problems already exist, however we extend the PW framework by discussing and testing several initialization strategies. We then introduce the notion of PW barycenter and detail an algorithm to estimate it from the data. The result is a new method to compute representative shapes from a collection of point clouds. We benchmark our method against existing OT approaches, demonstrating superior performance in scenarios requiring precise alignment and shape preservation. We finally show the usefulness of the PW barycenters in an archaeological context. Our results highlight the potential of PW in boosting 2D and 3D point cloud analysis for machine learning and computational geometry applications.",2025,2025-07-01,preprint,en,1,0,True,green,arXiv (Cornell University),repository,Davide Adamo; Marco Corneli; Manon Vuillien; Emmanuelle Vila,"Archéorient; Cultures et Environnements. Préhistoire, Antiquité, Moyen Âge; Laboratoire Jean-Alexandre Dieudonné; Maison de l'Orient et de la Méditerranée Jean Pouilloux; Université Côte d'Azur",fr,1,0,Algebraic and Geometric Analysis; Point processes and geometric inequalities; Advanced Mathematical Theories and Applications,Procrustes analysis; Mathematics; Computer science; Artificial intelligence,,,machine learning,1,fr,v1,2026-08-13
https://openalex.org/W4404464736,https://doi.org/10.1190/geo2023-0754.1,Electrical resistivity tomography inversion combining deep variational autoencoder and stochastic adaptive sampling,"ABSTRACT Geophysical methods, such as electrical resistivity tomography (ERT), can be used to image near-surface electrical resistivity, as field measurements depend on subsurface porosity, water saturation, and fluid salinity. ERT has been widely applied to investigate mineral and groundwater resources and in archaeological, environmental, and engineering studies. The prediction of subsurface electrical conductivity from ERT data requires solving a geophysical inverse problem. For near-surface characterization studies, this is often accomplished with deterministic inverse methods. These methods linearize the problem around an initial solution, and their smoothness depends on an imposed a priori spatial regularization term. Depending on this parameterization, these methodologies might struggle to capture the natural variability of the subsurface. Moreover, deterministic solutions have limited capabilities for uncertainty assessment. In contrast, stochastic inverse methods can assess uncertainties by predicting multiple model realizations that fit the recorded ERT data similarly. However, they are often more computationally expensive than deterministic solutions. Deep-learning algorithms based on deep generative models have been used to reparameterize model and data spaces into low-dimensional domains and efficiently solve geophysical inverse problems. However, within this context, uncertainty assessment is challenging. We develop a deep convolutional variational autoencoder (VAE) coupled with stochastic adaptive optimization to perform stochastic ERT inversion. Geostatistical simulations of electrical resistivity are used as the training data set of the VAE. After training, the VAE generates electrical resistivity models that reproduce the statistics and spatial continuity patterns of the training data set. Then, the VAE latent space is iteratively perturbed and updated with adaptive stochastic sampling based on the misfit between observed and predicted ERT data. Our methodology is illustrated in 2D synthetic and real data sets to assess the ability of our method to predict reliable electrical resistivity models while generating multiple possible scenarios for uncertainty assessment.",2024,2024-11-18,article,en,3,55,False,closed,Geophysics,journal,João Lino Pereira; Leonardo Azevedo,Total (France); University of Lisbon,fr; pt,2,1,Seismic Imaging and Inversion Techniques; Geophysical Methods and Applications; Geophysical and Geoelectrical Methods,Autoencoder; Inversion (geology); Electrical resistivity tomography; Electrical resistivity and conductivity; Tomography; Computer science; Sampling (signal processing); Geology; Algorithm; Geophysics; Artificial intelligence; Seismology; Physics; Artificial neural network; Computer vision; Engineering; Electrical engineering; Optics; Tectonics; Filter (signal processing),,,generative model; convolutional,2,fr,v1,2026-08-13
https://openalex.org/W3046628328,https://doi.org/10.1109/iccis49662.2019.00039,Digital Heritage Enrichment through Artificial Intelligence and SemanticWeb Technologies,"Art and culture represent substantial ways to transfer the history of humans across civilizations and epochs. Preserving artwork and cultural objects is thus important and the focus of multiple institutions and governments around the world. Digital preservation in cultural heritage represents a cost-effective and reliable long-term preservation and several challenges related to its effectiveness and its reliability have arisen such as metadata enrichment, digital curation, link discoveries, etc. Through this paper, we discuss these challenges and present innovative ways that leverage recent endeavors in artificial intelligence and semantic web technologies to enrich cultural data. Our contributions mitigate these issues either by recovering metadata of mislabeled assets or curating their damaged visual capture through new and advanced deep learning and semantic web technologies. The presented approaches are being studied in Qatar in the course of the CEPROQHA project.",2019,2019-12-01,conference-paper,en,2,30,False,closed,,,Abdelhak Belhi; Tahani Abu-Musa; Abdulaziz Al‐Ali; Abdelaziz Bouras; Sebti Foufou; Xi Yu; Hai-Qing Zhang,Chengdu University; Chengdu University of Information Technology; Qatar University; Université de Bourgogne,cn; fr; qa,3,1,3D Surveying and Cultural Heritage; Archaeological Research and Protection; Conservation Techniques and Studies,Metadata; Cultural heritage; Computer science; Leverage (statistics); Semantic Web; Data science; World Wide Web; Digital curation; Digital preservation; Multimedia; Artificial intelligence; History; Archaeology,,,artificial intelligence; deep learning,2,fr,v1,2026-08-13
https://openalex.org/W2791286046,https://doi.org/10.1007/s11042-018-5798-7,Object instance identification with fully convolutional networks,,2018,2018-03-02,article,en,5,32,False,closed,Multimedia Tools and Applications,journal,Maxime Portaz; Matthias Kohl; Jean–Pierre Chevallet; Georges Quénot; Philippe Mulhem,Centre National de la Recherche Scientifique; Health & Life (Taiwan); Institut polytechnique de Grenoble; Laboratoire d'Informatique de Grenoble; Université Grenoble Alpes,fr; tw,2,1,Advanced Image and Video Retrieval Techniques; Image Retrieval and Classification Techniques; Advanced Neural Network Applications,Computer science; Convolutional neural network; Classifier (UML); Artificial intelligence; Pattern recognition (psychology); Representation (politics); Politics; Law; Political science,,,convolutional,1,fr,v1,2026-08-13
https://openalex.org/W2982091709,https://doi.org/10.1145/3343031.3349583,Using Artificial Intelligence to Preserve Audiovisual Archives,"France has a long tradition of preserving its archives as well as its cultural heritage, as demonstrated by the ""legal deposit"". Established in the Renaissance for printed documents, the legal deposit aims to allow the collection and consultation of various kinds of documents. INA, the French National Audiovisual Institute [1], is in charge of this task for France's radio and television, as well as French media on the web. INA's mission is to make the most of its collections: commercially by selling programs, and academically by making these collections available to researchers working on humanities and social sciences.",2019,2019-10-15,conference-paper,en,1,0,False,closed,,,Jean Carrive,Institut National de l'Audiovisuel,fr,1,0,Artificial Intelligence Applications; 3D Surveying and Cultural Heritage; Image Processing and 3D Reconstruction,Cultural heritage; The Renaissance; Task (project management); Computer science; Social media; World Wide Web; Visual arts; Library science; Multimedia; Art; History; Engineering; Art history; Archaeology; Systems engineering,,,artificial intelligence,1,fr,v1,2026-08-13
https://openalex.org/W4386189630,https://doi.org/10.1007/978-3-030-95060-6_37-1,Artificial Intelligence Techniques in Software Design for Mathematics Education,,2023,2023-01-01,book-chapter,en,4,31,False,closed,Springer international handbooks of education,book series,Jean-Baptiste Lagrange; Philippe R. Richard; M. Pilar Vélez; Steven Van Vaerenbergh,Laboratoire de Didactique André Revuz; Universidad Nebrija; Universidad de Cantabria; Université Paris Cité; Université de Montréal,ca; es; fr,3,1,"Explainable Artificial Intelligence (XAI); Computability, Logic, AI Algorithms; Artificial Intelligence in Games",Computer science; Focus (optics); Artificial intelligence; Software; State (computer science); Mathematics education; Programming language; Mathematics; Physics; Optics,,,artificial intelligence,1,fr,v1,2026-08-13
https://openalex.org/W4403777472,https://doi.org/10.1111/geb.13927,<scp>AVOTREX</scp>: A Global Dataset of Extinct Birds and Their Traits,"ABSTRACT Motivation Human activities have been reshaping the natural world for tens of thousands of years, leading to the extinction of hundreds of bird species. Past research has provided evidence of extinction selectivity towards certain groups of species, but trait information is lacking for the majority of clades, especially for prehistoric extinctions identified only through subfossil remains. This incomplete knowledge potentially obscures the structure of natural communities, undermining our ability to infer changes in biodiversity across space and time, including trends in functional and phylogenetic diversity. Biases in currently available trait data also limit our ability to identify drivers and processes of extinction. Here we present AVOTREX, an open‐access database of species traits for all birds known to have gone extinct in the last 130,000 years. This database provides detailed morphological information for 610 extinct species, along with a pipeline to build phylogenetic trees that include these extinct species. Main Types of Variables Contained For each extinct bird species, we provide information on the taxonomy, geographic location, and period of extinction. We also present data on island endemicity, flight ability, and body mass, as well as standard measurements of external (matching the AVONET database of extant birds) and skeletal morphology from museum specimens where available. To ensure comprehensive morphological data coverage, we estimate all missing morphological measurements using a data imputation technique based on machine learning. Finally, we provide an R package to graft all extinct species onto a global phylogeny of extant species (BirdTree). Spatial Location and Grain Global. Time Period and Grain All known globally extinct bird species from 130,000 years ago up until 2024. Major Taxa and Level of Measurement Birds (Class Aves), species level. Software Format Spreadsheets (.csv) stored in Dryad.",2024,2024-10-24,article,en,16,83,True,hybrid,Global Ecology and Biogeography,journal,Ferran Sayol; Joseph P. Wayman; Paul Dufour; Thomas E. Martin; Julian P. Hume; Maria Wagner Jørgensen; Natàlia Martínez‐Rubio; Ariadna Sanglas; Filipa C. Soares; Rob Cooke; Chase D. Mendenhall; Jay R. Margolis; Juan Carlos Illera; Rhys T. Lemoine; Eva Benavides; Oriol Lapiedra; Kostas A. Triantis; Alex L. Pigot; Joseph A. Tobias; Søren Faurby; Thomas J. Matthews,Bangor University; Centre National de la Recherche Scientifique; Centre d'Écologie Fonctionnelle et Évolutive; Centre d'Écologie et des Sciences de la Conservation; Centre for Research on Ecology and Forestry Applications; Forest Research; Göteborgs Stads; Imperial College London; Institut de Recherche pour le Développement; National and Kapodistrian University of Athens; Natural History Museum; Operation Wallacea; Slippery Rock University; Sorbonne Université; UK Centre for Ecology & Hydrology; Universidad de Oviedo; Universidade dos Açores; University College London; University of Birmingham; University of Gothenburg; University of Lisbon; Université de Montpellier; Virginia Tech; École Pratique des Hautes Études,es; fr; gb; gr; pt; se; us,7,1,Wildlife Ecology and Conservation; Species Distribution and Climate Change; Evolution and Paleontology Studies,Ecology; Biology; Geography; Zoology,,,machine learning,1,fr,v1,2026-08-13
https://openalex.org/W2991717876,https://doi.org/10.1109/icdar.2019.00242,ICDAR 2019 Competition on Image Retrieval for Historical Handwritten Documents,"This competition investigates the performance of large-scale retrieval of historical document images based on writing style. Based on large image data sets provided by cultural heritage institutions and digital libraries, providing a total of 20 000 document images representing about 10 000 writers, divided in three types: writers of (i) manuscript books, (ii) letters, (iii) charters and legal documents. We focus on the task of automatic image retrieval to simulate common scenarios of humanities research, such as writer retrieval. The most teams submitted traditional methods not using deep learning techniques. The competition results show that a combination of methods is outperforming single methods. Furthermore, letters are much more difficult to retrieve than manuscripts.",2019,2019-09-01,conference-paper,en,1,14,True,green,,,Vincent Christlein; Anguelos Nicolaou; Mathias Seuret; Dominique Stutzmann; Andreas Maier,Friedrich-Alexander-Universität Erlangen-Nürnberg; Institut de Recherche et d'Histoire des Textes,de; fr,2,1,Advanced Image and Video Retrieval Techniques; Image Retrieval and Classification Techniques; Handwritten Text Recognition Techniques,Computer science; Task (project management); Focus (optics); Competition (biology); Information retrieval; Image retrieval; Image (mathematics); Artificial intelligence; Digital library; Writing style; Style (visual arts); Scale (ratio); Natural language processing; Visual arts; Art; Literature; Geography; Cartography; Engineering; Physics; Systems engineering; Ecology; Biology; Optics; Poetry,,,deep learning,1,fr,v1,2026-08-13
https://openalex.org/W3035358441,https://doi.org/10.1007/s11554-020-00975-y,Investigating low-delay deep learning-based cultural image reconstruction,,2020,2020-06-09,article,en,11,35,False,closed,Journal of Real-Time Image Processing,journal,Abdelhak Belhi; Abdulaziz Al‐Ali; Abdelaziz Bouras; Sebti Foufou; Xi Yu; Hai-Qing Zhang,"Chengdu University; Chengdu University of Information Technology; Décision et Information pour les Systèmes de Production; Laboratoire d’Électronique, Informatique et Image; Qatar University; Université Lumière Lyon 2; Université de Bourgogne",cn; fr; qa,3,1,Generative Adversarial Networks and Image Synthesis; Advanced Image Processing Techniques; Advanced Vision and Imaging,Inpainting; Computer science; Artificial intelligence; Leverage (statistics); Deep learning; Machine learning; Cluster analysis; Process (computing); Cultural heritage; Image (mathematics); Geography; Archaeology; Operating system,,,deep learning,1,fr,v1,2026-08-13
https://openalex.org/W4411731016,https://doi.org/10.3389/fcomp.2025.1597880,Tactile 3D-printed media interaction with the color surface features of paintings. The case of the Scream (1910?) painting,"Due to their fragility and uniqueness, valuable works of art are largely unavailable for direct interaction with the public. They are usually displayed in conditions that restrict access, which inevitably limits the visitor experience, particularly for audiences with reduced mobility and visual impairments. Furthermore, related information is not easily conveyed because of the limited time visitors have to browse the museum, and because it is usually presented in jargon that assumes scientific knowledge, or is presented out of context. In this paper, we aim to address all these aspects simultaneously, using the painting The Scream (1910?) from the MUNCH Museum in Oslo as a case study. A combination of high-resolution imaging and computer vision algorithms was used to identify and separate the color surface features for two areas of the painting. The information was then presented to visitors by 3D printing the two areas and placing the color surface features at different heights, creating a relief structure that could be touched and inspected up close. The novel and highly accessible experience was evaluated at the InArt24 conference and at the KHM Museum in Oslo, Norway. During the evaluations, participants reported that interacting with the physical 3D replicas stimulated their interest and motivation, and increased their satisfaction when learning about the painting's color characteristics. These initial findings suggest that presenting information about art objects through multisensory experiences can greatly enhance accessibility and engagement for diverse audiences.",2025,2025-06-27,article,en,2,48,True,gold,Frontiers in Computer Science,journal,Petros Stavroulakis; Alfonsina Pagano; Beatrice Giorgia Boracchi; Panagiotis Siozos; Sophia Sotiropoulou; Emilien Leonhardt; Vincent Sabatier; Giorgio Trumpy; Irina Crina Anca Sandu,Alstom (France); Foundation for Research and Technology Hellas; Hellenic Open University; Munch Museum; Norwegian University of Science and Technology; Patrimonio Nacional,es; fr; gr; no,4,1,Aesthetic Perception and Analysis; 3D Surveying and Cultural Heritage; Visual Culture and Art Theory,Painting; Art; 3d printed; Visual arts; Surface (topology); Computer graphics (images); Computer science; Mathematics; Engineering; Biomedical engineering; Geometry,,,computer vision,1,fr,v1,2026-08-13
https://openalex.org/W4393885029,https://doi.org/10.5281/zenodo.5743090,SILKNOW Knowledge Graph,"SILKNOW is a research project that aims at improving the understanding, conservation and dissemination of the<br> European silk heritage from the 15th to the 19th century. The SILKNOW knowledge graph (KG) lies at<br> the center of the application of Semantic Web technologies and computing research to the needs of museums and every other user of this knowledge. The underlying data model is based on CIDOC-CRM and data mappings which are realised and implementedwith conversion tools developed for SILKNOW.<br> <br> Full instructions on how to deploy this KG can be found in the README.md file. See also https://github.com/silknow/knowledge-base",2021,2021-11-30,dataset,en,3,0,True,green,Zenodo (CERN European Organization for Nuclear Research),repository,Thomas Schleider; Thibault Ehrhart; Pasquale Lisena; Raphaël Troncy,EURECOM,fr,1,0,Semantic Web and Ontologies,Computer science; Graph; Theoretical computer science,,,knowledge graph,1,fr,v1,2026-08-13
https://openalex.org/W3181649515,https://doi.org/10.3389/frobt.2021.712521,Editorial: Artificial Intelligence and Human Movement in Industries and Creation,"Artificial Intelligence and Human Movement in Industries and CreationRecent advances in human motion sensing technologies and machine learning have enhanced the potential of Artificial Intelligence to improve our quality of life, increase productivity and reshape multiple industries, including cultural and creative industries.In order to achieve this goal, humans must remain at the center of Artificial Intelligence and AI should learn from humans and collaborate effectively with them.Human-Centred Artificial Intelligence (HAI) is expected to create new opportunities and challenges in the future, which cannot yet be foreseen.Any type of programmable entity (e.g., robots, computers, autonomous vehicles, drones, Internet of Things, etc.) will have different layers of perception and sophisticated HAI algorithms that will detect human intentions and behaviors (Psaltis et al., 2017) and learn continuously from them.Thus, every single intelligent system will be able to capture human motions, analyze them (Zhang et al., 2019), detect poses and recognize gestures (Chatzis et al., 2020;Stergioulas et al., 2021) and activities (Papastratis et al., 2020;Papastratis et al., 2021;Konstantinidis et al., 2021), including facial expressions and gaze (Bek et al., 2020), enabling natural collaboration with humans.Different sensing technologies, such as optical Mocap systems, wearable inertial sensors, RGB or depth cameras and other modality type sensors, are employed for capturing human movement in the scene and transforming this information into a digital representation.Most of the researchers usually focus on the use of a single modality sensor -due to the simplicity and low cost of the final system -and the design of either conventional machine learning algorithms or complex deep learning network architectures for analyzing human motion data (Konstantinidis et al., 2018;Konstantinidis et al., 2020).Such cost-effective approaches have been applied to a wide range of application domains, including entertainment (Kaza et al., 2016;Baker, 2020), health (Dias et al.;Konstantinidis et al., 2021), education (Psaltis et al., 2017;Stefanidis et al., 2019), sports (Tisserand et al., 2017), robotics (Jaquier et al., 2020;Gao et al., 2021), art and cultural heritage (Dimitropoulos et al., 2018), showing the great potential of AI technology.Based on the aforementioned, it is evident that HAI is currently at the center of scientific debates and technological exhibitions.Developing and deploying intelligent machines is definitely both an economic challenge (e.g., flexibility, simplification, ergonomy) as well as a societal challenge (e.g., safety, transparency), not only from a factory perspective, but also for the real-world in general.The papers in this Research Topic adopt different sensing technologies, such as depth sensors, inertial suits, IMU sensors and force-sensing resistors (FSRs) to capture human movement, while they present diverse approaches for modeling the temporal data.More specifically, Sakr et al. investigate the feasibility of employing FSRs worn on the arm to measure the Force Myography (FMG) signals for isometric force/torque estimation.A two-stage",2021,2021-07-12,editorial,en,7,20,True,gold,Frontiers in Robotics and AI,journal,Kosmas Dimitropoulos; Petros Daras; Sotiris Manitsaris; Frédéric Fol Leymarie; Sylvain Calinon,Centre for Research and Technology Hellas; Goldsmiths University of London; Idiap Research Institute; Information Technologies Institute; ParisTech; Université Paris Sciences et Lettres,ch; fr; gb; gr,4,1,Robotics and Automated Systems; Robot Manipulation and Learning; Digital Transformation in Industry,Computer science; Robot; Movement (music); Artificial intelligence; Front (military); Human–robot interaction; Human–computer interaction; Data science; Engineering; Mechanical engineering; Aesthetics; Philosophy,,,artificial intelligence; machine learning; deep learning,3,fr,v1,2026-08-13
https://openalex.org/W4393704607,https://doi.org/10.5281/zenodo.5848916,TAXREF-LD: Knowledge Graph of the French taxonomic registry,"TAXREF-LD is a Linked Data knowledge graph representing TAXREF, the French national taxonomical register for fauna, flora and fungus, that covers mainland France and overseas territories. TAXREF-LD is a joint initiative of the UMS Patrinat of the National Museum of Natural History, and the I3S laboratory, University Côte d'Azur, Inria, CNRS. Homepage: https://github.com/frmichel/taxref-ld/",2022,2022-01-13,dataset,en,2,0,True,green,Zenodo (CERN European Organization for Nuclear Research),repository,Franck Michel; Catherine Faron Zucker; Sandrine Tercerie; Olivier Gargominy,Institut national de recherche en sciences et technologies du numérique; Muséum national d'Histoire naturelle,fr,1,0,Species Distribution and Climate Change; Semantic Web and Ontologies; Invertebrate Taxonomy and Ecology,Graph; Computer science; Theoretical computer science,,,knowledge graph,1,fr,v1,2026-08-13
https://openalex.org/W4415778151,https://doi.org/10.2471/blt.25.293487,"Traditional knowledge on health: balancing innovation, ethics and intellectual property","Traditional knowledge on health has long contributed to global health-care systems. Rooted in the cultural and ecological heritage of Indigenous Peoples and local communities, traditional knowledge has influenced pharmaceutical research, biodiversity conservation and public health strategies. However, concerns over misappropriation of traditional knowledge and inadequate benefit-sharing with the sources of such knowledge persist. The World Intellectual Property Organization Treaty on Intellectual Property, Genetic Resources and Associated Traditional Knowledge mandates patent disclosure requirements for genetic resources and traditional knowledge. While a step forward, the treaty's success depends on its effective implementation, ethical documentation of traditional knowledge, governance of artificial intelligence and equitable benefit-sharing mechanisms, among other factors. We examine traditional knowledge protection under intellectual property systems, the provisions of the World Intellectual Property Organization treaty, challenges to documentation of traditional knowledge and the role of artificial intelligence in the governance of traditional knowledge. By fostering a legally robust and technology-driven protection system for traditional knowledge, policy-makers can ensure that traditional knowledge remains both a protected cultural heritage and a resource for sustainable innovation in global health.",2025,2025-11-01,article,en,1,0,True,diamond,Bulletin of the World Health Organization,journal,Sumeet Goel; Motlalepula Matsabisa; Fei Jiao; Caio Fábio Schlechta Portella; Vijayalakshmi Asthana; Nilce Ekandzi; Manjeet Saluja; Stefan Germann; João Paulo Souza,Institute of Genomics and Integrative Biology; Laboratoire d’HYdrologie et de GEochimie; Laudes Foundation; Ministry of AYUSH; Pan American Health Organization (Brasil); Pan American Health Organization (Cuba); University of the Free State; World Health Organization - India; World Health Organization - Pakistan; World Intellectual Property Organization,br; ch; cu; fr; in; pk; za,7,1,Indigenous Knowledge Systems and Agriculture; Intellectual Property and Patents; Ethnobotanical and Medicinal Plants Studies,Traditional knowledge; Intellectual property; Misappropriation; Documentation; Corporate governance; Business; Knowledge management; Indigenous; Trademark; TRIPS Agreement; Public relations; Sustainability; Environmental resource management; Treaty; Resource (disambiguation); Cultural heritage; Sociology of scientific knowledge; Public health; Political science; TRIPS architecture; Sustainable development; Knowledge economy; Engineering ethics; Convention on Biological Diversity; Sociology; Environmental ethics; Knowledge-based systems; Bioprospecting; Intangible cultural heritage; Research ethics,,,artificial intelligence,1,fr,v1,2026-08-13
https://openalex.org/W2803245945,https://doi.org/10.3897/biss.2.25836,Bioschemas &amp;amp; Schema.org: a Lightweight Semantic Layer for Life Sciences Websites,"Web portals are commonly used to expose and share scientific data. They enable end users to find, organize and obtain data relevant to their interests. With the continuous growth of data across all science domains, researchers commonly find themselves overwhelmed as finding, retrieving and making sense of data becomes increasingly difficult. Search engines can help find relevant websites, but the short summarizations they provide in results lists are often little informative on how relevant a website is with respect to research interests. To yield better results, a strategy adopted by Google, Yahoo, Yandex and Bing involves consuming structured content that they extract from websites. Towards this end, the schema.org collaborative community defines vocabularies covering common entities and relationships (e.g., events, organizations, creative works) (Guha et al. 2016). Websites can leverage these vocabularies to embed semantic annotations within web pages, in the form of markup using standard formats. Search engines, in turn, exploit semantic markup to enhance the ranking of most relevant resources while providing more informative and accurate summarization. Additionally, adding such rich metadata is a step forward to make data FAIR, i.e. Findable, Accessible, Interoperable and Reusable. Although schema.org encompasses terms related to data repositories, datasets, citations, events, etc., it lacks specialized terms for modeling research entities. The Bioschemas community (Garcia et al. 2017) aims to extend schema.org to support markup for Life Sciences websites. A major pillar lies in reusing types from schema.org as well as well-adopted domain ontologies, while only proposing a limited set of new types. The goal is to enable semantic cross-linking between knowledge graphs extracted from marked-up websites. An overview of the main types is presented in Fig. 1. Bioschemas also provides profiles that specify how to describe an entity of some type. For instance, the protein profile requires a unique identifier, recommends to list transcribed genes and associated diseases, and points to recommended terms from the Protein Ontology and Semantic Science Integrated Ontology. The success of schema.org lies in its simplicity and the support by major search engines. By extending schema.org, Bioschemas enables life sciences research communities to benefit from a lightweight semantic layer on websites and thus facilitates discoverability and interoperability across them. From an initial pilot including just a few bio-types such as proteins and samples, the Bioschemas community has grown and is now opening up towards other disciplines. The biodiversity domain is a promising candidate for such further extensions. We can think of additional profiles to account for biodiversity-related information. For instance, since taxonomic registers are the backbone of many web portals and databases, new profiles could describe taxa and scientific names while reusing well-adopted vocabularies such as Darwin Core terms (Baskauf et al. 2016) or TDWG ontologies (TDWG Vocabulary Management Task Group 2013). Fostering the use of such markup by web portals reporting traits, observations or museum collections could not only improve information discovery using search engines, but could also be a key to spur large-scale biodiversity data integration scenarios.",2018,2018-05-22,article,en,19,4,True,diamond,Biodiversity Information Science and Standards,journal,Franck Michel; The Bioschemas Community,"Infection et inflammation; Laboratoire d'Informatique, Signaux et Systèmes de Sophia Antipolis",fr,1,0,Biomedical Text Mining and Ontologies; Semantic Web and Ontologies; Bioinformatics and Genomic Networks,Computer science; World Wide Web; Information retrieval; Schema (genetic algorithms); Metadata; Semantic Web; Data discovery; Markup language; Linked data; XML,,,knowledge graph,1,fr,v1,2026-08-13
https://openalex.org/W3210038925,https://doi.org/10.5281/zenodo.4299912,Surface appearance assessment as a tool for characterizing silver tarnishing,"The aim of this study is to create a methodological approach based on imaging techniques and computer vision that can be used as a tool for the characterization of silver tarnish and the presence of fingerprints on silver museum objects. To this extend, material properties of artificially tarnished silver coupons were examined, with the aim to classify the degree of tarnish and to detect fingerprints. Surface alterations were assessed using visual inspection, colorimetry, gloss measurements and monochromatic Reflectance Transformation Imaging (RTI). For the chemical characterization Scanning Electron Microscopy equipped with Energy Dispersive X-rays Spectroscopy (SEM-EDS) and Linear Scanning Voltammetry (LSV) was implemented.",2020,2020-11-27,conference-abstract,en,2,0,True,green,Zenodo (CERN European Organization for Nuclear Research),repository,Αμαλία Σιάτου; Marvin Nurit; Laura Brambilla; Alamin Mansouri; Gaëtan Le Goïc; Christian Degrigny,HES-SO University of Applied Sciences and Arts Western Switzerland; Université Bourgogne Franche-Comté; Université de Bourgogne,ch; fr,2,1,Industrial Vision Systems and Defect Detection,Materials science; Metallurgy; Computer science,,,computer vision,1,fr,v1,2026-08-13
https://openalex.org/W3183879821,,Deep learning-based blind quality assessment of 3D point clouds,"Point cloud (PC) quality assessment is of fundamental importance to enable the efficient processing, coding and transmission of 3D data for virtual/augmented reality, autonomous driving, cultural heritage, etc. The quality metrics proposed so far aim at quantifying the distortion in the PC geometry and/or attributes with respect to a reference pristine point cloud, using simple features extracted by the points. In this work, we target instead a blind (no-reference) scenario in which the original point cloud is not available. In addition, we learn features from data using deep neural networks. Given the limited availability of subjectively annotated datasets of corrupted point clouds, and the consequent difficulty to learn in an end-to-end fashion PC quality features, in this work we use instead a two-step procedure. First, we extract from local patches three relevant low-level features which have been commonly used in other PC quality metrics, i.e., geometric distance, local curvature and luminance values. Afterwards, we employ a deep neural network to learn, from these low-level features, a mapping to the PC ground truth mean opinion score. Our results on two state-of-the-art PC quality datasets show the potential of the proposed approach. The code is available here : https://github.com/achetouani/NR-CNN-3D-PC",2021,2021-05-10,conference-paper,en,1,0,False,closed,Oskar-Bordeaux (Universite de Bordeaux),repository,Aladine Chetouani; Maurice Quach; Giuseppe Valenzise; Fréderic Dufaux,Laboratoire des signaux et systèmes,fr,1,0,3D Shape Modeling and Analysis; 3D Surveying and Cultural Heritage; Optical measurement and interference techniques,Computer science; Point cloud; Quality (philosophy); Artificial intelligence; Point (geometry); Deep learning; Quality assessment; Reliability engineering; Evaluation methods; Engineering; Mathematics; Epistemology; Philosophy; Geometry,,,deep learning; neural network,2,fr,v1,2026-08-13
https://openalex.org/W4284963925,https://doi.org/10.21203/rs.3.rs-1765424/v1,Classifying and mapping cultural ecosystem service using artificial intelligence and social media data,,2022,2022-07-08,preprint,en,2,39,True,green,Research Square,repository,Ikram Mouttaki; Ingrida Bagdanavičiūtė; Mohamed Maanan; Mohammed Erraiss; Hassan Rhinane; Mehdi Maanan,Nantes Université; University of Hassan II Casablanca; Vilnius University,fr; lt; ma,3,1,Land Use and Ecosystem Services; Urban Green Space and Health; Diverse Aspects of Tourism Research,Social media; Data science; Computer science; Artificial intelligence; Service (business); Ecosystem services; World Wide Web; Ecosystem; Business; Ecology; Marketing; Biology,,,artificial intelligence,1,fr,v1,2026-08-13
https://openalex.org/W4401338981,https://doi.org/10.1007/978-3-031-45667-1_37,Artificial Intelligence Techniques in Software Design for Mathematics Education,,2024,2024-01-01,book-chapter,en,1,31,False,closed,Springer international handbooks of education,book series,Jean-Baptiste Lagrange; Philippe R. Richard; M. Pilar Vélez; Steven Van Vaerenbergh,Laboratoire de Didactique André Revuz; Universidad Nebrija; Universidad de Cantabria; Université Paris Cité; Université de Montréal,ca; es; fr,3,1,Online Learning and Analytics; Explainable Artificial Intelligence (XAI); Intelligent Tutoring Systems and Adaptive Learning,Computer science; Mathematics education; Software engineering; Artificial intelligence; Mathematics,,,artificial intelligence,1,fr,v1,2026-08-13
https://openalex.org/W2619548822,https://doi.org/10.1007/978-3-319-59767-6_32,An Approach for Evaluating Performance of Magnetic-Field Based Indoor Positioning Systems: Neural Network,,2017,2017-01-01,conference-paper,en,2,9,False,closed,Communications in computer and information science,book series,Serpil Üstebay; Züleyha Yiner; Muhammed Ali Aydın; Ahmet Sertbaş; Tülin Atmaca,Centre National de la Recherche Scientifique; Institut Polytechnique de Paris; Istanbul University; Université Paris-Saclay,fr; tr,2,1,Indoor and Outdoor Localization Technologies; Underwater Vehicles and Communication Systems; Inertial Sensor and Navigation,Indoor positioning system; Artificial neural network; Computer science; Field (mathematics); Support vector machine; Real-time computing; Positioning system; Artificial intelligence; Data mining; Machine learning; Engineering; Mathematics; Node (physics); Accelerometer; Structural engineering; Operating system; Pure mathematics,,,neural network,1,fr,v1,2026-08-13
https://openalex.org/W4388997199,https://doi.org/10.36887/2415-8453-2023-4-11,The impact of digitalization on the art market actors' activity management,"The article attempts to analyze how digital technologies change the paradigm of management of art market subjects as distributors of cultural content. In particular, the article examines how the transition to digitalization affects access to cultural consumption and the current challenges and opportunities in this new context. The study aims to determine the peculiarities of the management of art market entities, namely museums, in the conditions of digitalization. The paper analyzes the theoretical material of recent years related to new challenges in managing the activities of art market subjects and practical work on the preservation of art objects and the creation of a new generation of museums and cultural centers. It has been established that art markets are also characterized by an ecosystem of actors and institutions that carry out their activities on it, buy works of art and promote them on the market, provide consulting services on this market, and, in general, collectively contribute to the creation of value. It is outlined that the development of digital technologies also significantly influenced the increase in the number of art market participants and the organization of their activities. The ability to create new art forms thanks to technologies such as virtual reality and artificial intelligence is attracting new actors and expanding the horizons of the art market. It has been identified that online channels have become a significant source of new customers for art galleries and auction houses, particularly those operating at lower and mid-tier levels, in addition to their sales role. It has been proven that a significant problem in increasing the efficiency of management of art market subjects in the conditions of digitalization is the formation of new digital thinking at the top management level. A conclusion was made regarding the need to build new interaction mechanisms with different types of consumers, considering their characteristics and new technological possibilities. Keywords: management, subjects of the art market, digitization, business processes.",2023,2023-10-25,article,en,1,9,True,green,Ukrainian Journal of Applied Economics and Technology,journal,Svitlana Plotnytska; Тetiana Larina,Université d'Angers,fr,1,0,Diverse Scientific Research in Ukraine; Business and Economic Development; Sustainability and Innovation in Business,Context (archaeology); Value (mathematics); Business; Art market; Marketing; Emerging technologies; Work (physics); Consumption (sociology); Digital Revolution; Computer science; Sociology; Engineering; Telecommunications; Visual arts; Paleontology; Social science; Mechanical engineering; Machine learning; Art; Artificial intelligence; Biology,,,artificial intelligence,1,fr,v1,2026-08-13
https://openalex.org/W2875369225,https://doi.org/10.1109/icip.2018.8451094,Jigsaw Puzzle Solving Using Local Feature Co-Occurrences in Deep Neural Networks,"Archaeologists are in dire need of automated object reconstruction methods. Fragments reassembly is close to puzzle problems, which may be solved by computer vision algorithms. As they are often beaten on most image related tasks by deep learning algorithms, we study a classification method that can solve jigsaw puzzles. In this paper, we focus on classifying the relative position: given a couple of fragments, we compute their local relation (e.g. on top). We propose several enhancements over the state of the art in this domain, which is outperformed by our method by 25%. We propose an original dataset composed of pictures from the Metropolitan Museum of Art. We propose a greedy reconstruction method based on the predicted relative positions.",2018,2018-09-07,conference-paper,en,1,19,True,green,,,Marie-Morgane Paumard; David Picard; Hedi Tabia,CY Cergy Paris Université; Equipes Traitement de l'Information et Systèmes,fr,1,0,Image Processing and 3D Reconstruction; Archaeological Research and Protection; Cultural Heritage Materials Analysis,Jigsaw; Artificial neural network; Computer science; Feature (linguistics); Artificial intelligence; Deep neural networks; Deep learning; Co-occurrence; Pattern recognition (psychology); Mathematics education; Mathematics; Philosophy; Linguistics,,,deep learning; neural network; computer vision,3,fr,v1,2026-08-13
https://openalex.org/W4241090353,https://doi.org/10.1504/ijde.2021.113257,"Emotional characterisation of chairs by descriptors, neural network and verbalised analysis","In this article, we assess the emotional value of the chairs from the collections design, objects and furniture of the museum of modern and contemporary art in Saint-Etienne. The aim of this research is to study emotional responses to visual perception of chairs from declarative measurements based on: 1) emotional measurements made using the circumplex model which collects valence and arousal; 2) the evaluation of six appearance descriptors which describe aesthetics, safety and comfort. Using a mathematical model based on a neural network, an 'estimated valence' is then derived from the evaluation of these emotional descriptors. This 'estimated valence' is finally compared to the 'verbalised valence'. The results show that there is a significant correlation between verbalised and 'estimated valence'. These results attest that the evaluation of the six proposed descriptors could predict the emotional value of the chairs.",2021,2021-01-01,article,en,1,0,False,closed,International Journal of Design Engineering,journal,Cyril Bertheaux; Rosario Toscano; Roland Fortunier; Nicolas Poisson; Jean‐Christophe Roux; Céline Borg,Aix-Marseille Université; Centrale Lyon ENISE; Centre National de la Recherche Scientifique; Lyon 1 Université; École Nationale Supérieure de Mécanique et d'Aérotechnique,fr,1,0,Color perception and design,Valence (chemistry); Emotional valence; Arousal; Perception; Artificial neural network; Artificial intelligence; Computer science; Pattern recognition (psychology); Psychology; Cognition; Social psychology; Chemistry; Neuroscience; Organic chemistry,,,neural network,1,fr,v1,2026-08-13
https://openalex.org/W4399046475,https://doi.org/10.1007/978-3-031-59933-0_15,Machine Learning to Model the Risk of Alteration of Historical Buildings,,2024,2024-01-01,conference-paper,en,1,10,False,closed,Lecture notes in computer science,book series,Baptiste Petit; Emilie Huby; Céline Schneider; Patricia Vázquez; Cyril Rabat; Hacène Fouchal,Centre National de la Recherche Scientifique; Centre de Recherche sur la Conservation; Laboratoire de Recherche des Monuments Historiques; Ministère de la Culture; Université de Reims Champagne-Ardenne,fr,1,0,Building materials and conservation; Conservation Techniques and Studies; 3D Surveying and Cultural Heritage,Computer science; Artificial intelligence,,,machine learning,1,fr,v1,2026-08-13
https://openalex.org/W7124731554,https://doi.org/10.1111/ele.70303,The Coevolution of Colour Patterns and Hindwing Shapes on a Large Phylogenetic Scale Reveals Predation‐Driven Adaptive Syndromes in Swallowtail Butterflies,"Traits that reduce predation success may evolve together, leading to repeated evolution of similar anti-predator syndromes. In butterflies, predation likely shapes wing shape and colour patterns, promoting either aposematic or deflective features. Here, we studied the evolution of hindwing tail shape and colour pattern across swallowtail butterflies. Using standardised museum specimen photographs, we quantified colour variation via computer vision and tail shape with geometric morphometrics. We found significant evolutionary correlations between colour patterns and hindwing tail shapes across the phylogeny. Long tails were linked to high-contrast stripes and marginal spots, while short tails were associated with simple, spotted patterns. While accounting for developmental constraints, we show that stripes, spots, and long tails evolved in correlation and likely form a visual syndrome promoted by natural selection to deflect predator attacks. These results provide evidence that selection can drive the coordinated evolution of complex anti-predator traits over large evolutionary timescales.",2026,2026-01-01,article,en,1,53,True,hybrid,Ecology Letters,journal,Agathe Puissant; Ariane Chotard; Fabien L. Condamine; Vincent Debat; Violaine Llaurens,"Centre Interdisciplinaire de Recherche en Biologie; Centre National de la Recherche Scientifique; Inserm; Institut de Recherche pour le Développement; Institut de Systématique, Évolution, Biodiversité; Institut des Sciences de l'Evolution de Montpellier; École Pratique des Hautes Études",fr,1,0,Animal Behavior and Reproduction; Morphological variations and asymmetry; Neurobiology and Insect Physiology Research,Aposematism; Coevolution; Biology; Predation; Natural selection; Evolutionary biology; Parallel evolution; Phylogenetic tree; Mimicry; Selection (genetic algorithm); Predator; Morphology (biology); Wing; Scale (ratio); Ecology; Phylogenetic comparative methods; Biological evolution; Directional selection; Adaptive radiation; Adaptation (eye); Phylogenetics; Crypsis; Variation (astronomy); Heliconius; Müllerian mimicry; Ecomorphology; Camouflage; Thamnophis sirtalis,,,computer vision,1,fr,v1,2026-08-13
https://openalex.org/W4386751081,https://doi.org/10.3897/biss.7.112666,Leveraging Multimodality for Biodiversity Data: Exploring joint representations of species descriptions and specimen images using CLIP,"In recent years, the field of biodiversity data analysis has witnessed significant advancements, with a number of models emerging to process and extract valuable insights from various data sources. One notable area of progress lies in the analysis of species descriptions, where structured knowledge extraction techniques have gained prominence. These techniques aim to automatically extract relevant information from unstructured text, such as taxonomic classifications and morphological traits. (Sahraoui et al. 2022, Sahraoui et al. 2023) By applying natural language processing (NLP) and machine learning methods, structured knowledge extraction enables the conversion of textual species descriptions into a structured format, facilitating easier integration, searchability, and analysis of biodiversity data. Furthermore, object detection on specimen images has emerged as a powerful tool in biodiversity research. By leveraging computer vision algorithms (Triki et al. 2020, Triki et al. 2021,Ott et al. 2020), researchers can automatically identify and classify objects of interest within specimen images, such as organs, anatomical features, or specific taxa. Object detection techniques allow for the efficient and accurate extraction of valuable information, contributing to tasks like species identification, morphological trait analysis, and biodiversity monitoring. These advancements have been particularly significant in the context of herbarium collections and digitization efforts, where large volumes of specimen images need to be processed and analyzed. On the other hand, multimodal learning, an emerging field in artificial intelligence (AI), focuses on developing models that can effectively process and learn from multiple modalities, such as text and images (Li et al. 2020, Li et al. 2021, Li et al. 2019, Radford et al. 2021, Sun et al. 2021, Chen et al. 2022). By incorporating information from different modalities, multimodal learning aims to capture the rich and complementary characteristics present in diverse data sources. This approach enables the model to leverage the strengths of each modality, leading to enhanced understanding, improved performance, and more comprehensive representations. Structured knowledge extraction from species descriptions and object detection on specimen images synergistically enhances biodiversity data analysis. This integration leverages textual and visual data strengths, gaining deeper insights. Extracted structured information from descriptions improves search, classification, and correlation of biodiversity data. Object detection enriches textual descriptions, providing visual evidence for the verification and validation of species characteristics. To tackle the challenges posed by the massive volume of specimen images available at the Herbarium of the National Museum of Natural History in Paris, we have chosen to implement the CLIP (Contrastive Language-Image Pretraining) model (Radford et al. 2021) developed by OpenAI. CLIP utilizes a contrastive learning framework to recognize joint representations of text and images. The model is trained on a large-scale dataset consisting of text-image pairs from the internet, enabling it to understand the semantic relationships between textual descriptions and visual content. Fine-tuning the CLIP model on our dataset of species descriptions and specimen images is crucial for adapting it to our domain. By exposing the model to our data, we enhance its ability to understand and represent biodiversity characteristics. This involves training the model on our labeled dataset, allowing it to refine its knowledge and adapt to biodiversity patterns. Using the fine-tuned CLIP model, we aim to develop an efficient search engine for the Herbarium's vast biodiversity collection. Users can query the engine with morphological keywords, and it will match textual descriptions with specimen images to provide relevant results. This research aligns with the current AI trajectory for biodiversity data, paving the way for innovative approaches to address conservation and understanding of our planet's biodiversity.",2023,2023-09-14,article,en,8,12,True,diamond,Biodiversity Information Science and Standards,journal,Maya Sahraoui; Youcef Sklab; Marc Pignal; Régine Vignes‐Lebbe; Vincent Guigue,"Département mathématiques, informatique, sciences de la donnée et technologies du numérique; Institut Systèmes Intelligents et de Robotique; Institut de Recherche pour le Développement; Institut de Systématique, Évolution, Biodiversité; Mathématiques et Informatique Appliquées; Sorbonne Université",fr,1,0,Species Distribution and Climate Change; Genomics and Phylogenetic Studies; Environmental DNA in Biodiversity Studies,Digitization; Computer science; Context (archaeology); Field (mathematics); Identification (biology); Biodiversity; Artificial intelligence; Information retrieval; Data science; Herbarium; Process (computing); Natural language processing; Machine learning; Geography; Ecology; Computer vision; Biology; Archaeology; Pure mathematics; Operating system; Mathematics,,,artificial intelligence; machine learning; computer vision; natural language processing,4,fr,v1,2026-08-13
https://openalex.org/W3196817773,https://doi.org/10.3897/biss.5.73699,Biodiversity Knowledge Graphs: Time to move up a gear!,"Harnessing worldwide biodiversity data requires integrating myriad pieces of information, often sparse and incomplete, into a global, coherent data space. To do so, projects like the Global Biodiversity Information Facility, Catalog of Life and Encyclopedia of Life have set up platforms that gather, consolidate, and centralize billions of records from multiple data sources. This approach lowers the entry barrier for scientists willing to consume aggregated biodiversity data but tends to build silos that hamper cross-platform interoperability. The Web of Data embodies a different approach underpinned by the Linked Open Data (LOD) principles (Heath and Bizer 2011). These principles bring about the building of a large, distributed, cross-domain knowledge graph (KG), wherein data description relies on vocabularies with shared, formal, machine-processable semantics. So far however, little biodiversity data have been published this way. Early efforts focused primarily on taxonomic registers, such as NCBI, VTO and AGROVOC. More recent efforts have started paving the way for the publication of more diverse biodiversity KGs (Page 2019, Penev et al. 2019, Michel et al. 2017). Today, we believe that it is time for more biodiversity data producers to join in and start publishing connected KGs spanning a much broader set of domains, far beyond just taxonomic registers. In this talk, we wish to present an on-going endeavor in line with this vision. In a previous work, we published TAXREF-LD (Michel et al. 2017), a LOD representation of the French taxonomic register developed and maintained by the French National Museum of Natural History. We modeled nomenclatural information as a thesaurus of scientific names, taxonomic information as an ontology of classes denoting taxa, and additional information such as ranks and vernacular names. Recently, we have extended the scope of TAXREF-LD to represent and interlink data as various as geographic locations, species interactions, development stages, trophic levels, as well as conservation, biogeographic, and legal status (regulations, protections, etc.). We put a specific effort into working out a model that accurately accounts for the semantics of the data while respecting knowledge engineering practices. For instance, a common design shortcoming is to attach all information as properties of a taxon. This is a rightful choice for some properties like a scientific name or conservation status, but properties that actually pertain to biological individuals themselves, e.g. habitat and trophic level, should better be attched to class members. With the presentation of this work, we wish to advance the discussion about integration scenarios based on knowledge graphs with the different biodiversity data stakeholders.",2021,2021-08-31,article,en,4,4,True,diamond,Biodiversity Information Science and Standards,journal,Franck Michel; Antonia Ettorre; Catherine Faron Zucker; Julien Kaplan; Olivier Gargominy,"Infection et inflammation; Laboratoire d'Informatique, Signaux et Systèmes de Sophia Antipolis",fr,1,0,Semantic Web and Ontologies; Biomedical Text Mining and Ontologies; Genomics and Phylogenetic Studies,Biodiversity; World Wide Web; Computer science; Linked data; Interoperability; Data science; Taxonomic rank; Global biodiversity; Geography; Semantic Web; Information retrieval; Ecology; Biology; Taxon,,,knowledge graph,1,fr,v1,2026-08-13
https://openalex.org/W4406627678,https://doi.org/10.1002/smr.2764,Quality‐in‐Use in Practice: A Study for Context‐Aware Software Systems in Pervasive Environments,"ABSTRACT Software quality models have increasingly emphasized human factors and user needs. In 2011, ISO/IEC 25010 introduced the quality‐in‐use (QinU) model, designed to evaluate software quality as an outcome of a user utilizing a system through the evaluation of five characteristics: effectiveness, efficiency, freedom from risk, satisfaction, and context coverage. As a generic reference, this standard has been customized for various software types (e.g., web portals and artificial intelligence systems). This article presents a customization for context‐aware software systems (CASSs), which are software systems that interpret and use context information (regarding the user, the software application features, and the environment) to adapt their functionalities. We are particularly interested in CASS for pervasive, or ubiquitous, environments. To address this goal, each QinU characteristic was analyzed by professionals from the academy and industry, taking into account the CASS features for pervasive/ubiquitous environments. A cyclical process of definition, revision, and improvement based on measurement theory was carried out before empirical validation in case studies. As the main result, a novel set of QinU measures specifically tailored for CASSs in a pervasive environment is provided, considering not only the classic explicit user interactions (e.g., mouse clicks and text input) but also the implicit interactions during everyday activities (e.g., walking or driving), captured through sensors and processed to support the user (e.g., recommending nearby museums and providing driving guidance). This set of measures supports CASS assessment and improvements, offering more accurate and context‐sensitive quality measurement.",2025,2025-01-01,article,en,1,40,False,closed,Journal of Software Evolution and Process,journal,Sergio Salomón; Rafael Duque; Santos Bringas; Káthia Marçal de Oliveira,"Ingeniería y Soluciones Informáticas (Spain); Laboratoire d'Automatique, de Mécanique et d'Informatique Industrielles et Humaines; Universidad de Cantabria; Université Polytechnique Hauts-de-France",es; fr,2,1,Context-Aware Activity Recognition Systems; IoT and Edge/Fog Computing; Mobile Crowdsensing and Crowdsourcing,Computer science; Ubiquitous computing; Software quality; Context (archaeology); Quality (philosophy); Software; Software engineering; Software development; Human–computer interaction; Programming language; Philosophy; Paleontology; Epistemology; Biology,,,artificial intelligence,1,fr,v1,2026-08-13
https://openalex.org/W7124819062,,"Parents, enfants, cousins… Reconstituer les relations de parenté biologique des vestiges humains en contexte archéologique par des approches paléogénétiques","Genetic relatedness is considered a structuring aspect of human relations, governing many laws, customs, and social structures. However, identifying these biological links in past societies remains a substantial methodological challenge to this day, particularly for those with incomplete or non-existent written records. In order to ascertain close genetic ties, approaches targeting autosomal chromosomes are the only ones able to take into account the lineal descents of both parents, as well as specify the degree of genetic proximity between two individuals (parents, offspring, cousins, etc.). Numerous statistical methods now permit the inference of genetic relatedness from ancient DNA. However, the lack of formal studies regarding the reliability of the results obtained from these methods hinders their practical use, particularly in the case of poorly preserved samples. As a result, a complete and accurate assessment of close genetic ties within a given archaeological site often remains unfeasible, despite being in many regards a crucial criterion to piece together the social organisation of ancient populations.The aim of this thesis is therefore to contribute to the development of a framework facilitating the large-scale deployment of genetic relatedness analyses within archaeological sites.My research first led to the development of the software GRUPS-rs, which was achieved through a complete overhaul of GRUPS, a protocol for the determination of genetic relatedness initially developed by Michael D. Martin and colleagues in 2017. This development provided significant improvements to the estimation performance compared to the original method, notably through the implementation of a supervised machine learning algorithm (SVM), and an optimised data-indexing procedure using finite-state automata (DAFSA).Secondly, I present the results of a standardised comparative study, which gradually led me to the development of ""BADGER"" (Benchmark Ancient DNA GEnetic Relatedness), an automated software designed to evaluate the performance of GRUPS-rs and five other commonly used paleogenetic methods of estimating genetic relatedness. Drawing on the simulation of pedigrees and ancient DNA sequences, BADGER can be repurposed by the scientific community to assess the expected performance of a given method based on biological parameters specific to the available genetic material. BADGER made it possible to benchmark these methods on a wide range of biological parameters frequently encountered in palaeogenetics (i.e., low sequencing depth, contamination by modern human DNA, DNA damage, presence of inbred or admixed individuals).Finally, the knowledge acquired throughout this project has enabled me to apply these methods to a number of archaeological sites currently being studied by the Eco-anthropology laboratory and the preventive archaeological research private operator “Éveha”. Based on the various sites I have analysed, I present three application frameworks, according to three sampling strategies, namely: (I) The analysis of focal individuals, suspected to be genetically related based on archaeological criteria, at the sites of Mentesh Tepe and Ovçular-Tepesi (Azerbaijan); (II) the analysis of a restricted number of individuals, interred in the same funerary site, at the necropolises of Villiers-le-Bâcle - ‘Les Fonds d'Orsigny' - and Tremblay-en-France - “Vallon du Sausset”; and (III) the analysis of a maximum number of collectively buried subjects, on a group of archaeological sites attributed to the Cerny culture, as well as on the Neolithic hypogea of Saint-Memmie and Mesnil-sur-Oger “Les Mournouards”.",2025,2025-12-04,dissertation,en,0,0,False,closed,HAL (Le Centre pour la Communication Scientifique Directe),repository,Maël Lefeuvre,Éco-Anthropologie,fr,1,0,"Forensic and Genetic Research; Forensic Anthropology and Bioarchaeology Studies; Race, Genetics, and Society",Inference; Structuring; Genetic data; Computer science; Evolutionary biology; Ancient DNA; Order (exchange); History; Geography; Artificial intelligence; Genealogy; Software deployment; Data science; Reliability (semiconductor); Archaeology; Software; Biology; Sociology; Social relationship,,,machine learning,1,fr,v1,2026-08-13
https://openalex.org/W4318961997,,Inspecter les montagnes autrement.: Développement d'une nouvelle méthode d'approche archéologique des espaces d'altitude,"It took several decades of interaction and dialogue between human sciences and environmental sciences and a number of methodological advances for high altitude spaces to be considered as something other than immutable and atonic. Subjected to integrated interdisciplinary questioning, they reveal not one, but many complex histories and dynamics. By historicising mountain areas, the global point of view on societies is reversed and the whole of the valley systems are reconsidered. It is clear that the teams involved in this research are faced with the problem of acquiring primary information. An essential prerequisite for any archaeological research, high mountain prospecting has its own specificities and particular methodological challenges. How can we go beyond the threshold of the visible surface (micro-relief elevation) to enrich the information with infrastructures made of perishable materials or covered by vegetation? How can we systematise the acquisition to be able to process larger territories more quickly?Technological advances (photogrammetry, thermography, Lidar, georadar, magnetometer, chemical analysis of soils), the diversification and miniaturisation of sensors, the democratisation and development of aerial drones, which allow for the repeatability of acquisitions, are opening up the possibility of setting up new archaeological information acquisition procedures. The new data processing tools, the work on software ergonomics and the opening up of the field of possibilities offered by artificial intelligence allow us to foresee new possibilities for optimising the detection of archaeological remains in high altitude environments.",2022,2022-12-01,report,en,0,0,False,closed,HAL (Le Centre pour la Communication Scientifique Directe),repository,Carine Calastrenc; Pierre Campmajó; Nicolas Poirier; François Baleux; Christine Rendu; Marie-Claude Bal,"France, Amériques, Espagne, Sociétés, Pouvoirs, Acteurs; Laboratoire de Géographie Physique et Environnementale; Travaux et Recherches Archéologiques sur les Cultures, les Espaces et les Sociétés; Université Clermont Auvergne; Université de Limoges",fr,1,0,Species Distribution and Climate Change,Geography; Geology; Physical geography,,,artificial intelligence,1,fr,v1,2026-08-13
https://openalex.org/W7128364603,https://doi.org/10.5281/zenodo.18550545,Hôtel de la Marine dataset for 3D reconstruction,"A photographic cultural heritage dataset captured inside the Hôtel de la Marine, an 18th-century Palace located on the Place de la Concorde in Paris, France, and managed by the Centre des monuments nationaux. The monument was meticulously restored to recreate the historical atmosphere of the Intendant Apartments. The Hôtel de la Marine dataset comprises two indoor scenes: the Salon (a formal dining room) and the Bureau (a working office). Both scenes feature complex geometry and challenging material properties for 3D reconstruction, including transparent crystal glassware, highly reflective silverware and gilt bronze, polished wood furniture, textiles, fine porcelain objects, and intricate decorative details. The images were captured during evening hours after the museum closed to visitors, ensuring static scene conditions, consistent artificial illumination from period-appropriate fixtures, and no moving objects or people. Specification Salon Bureau Wide-angle capture (Canon professional camera, 24 mm lens) 916 images (8192 × 5464 px) 761 images (8216 × 5482 px) Close-up capture (iPhone 15 Pro Max) 221 images (3024 × 4032 px) — Total images 1137 images 761 images The multi-scale capture strategy (wide-angle + close-up) is designed to support region-of-interest (ROI) based 3D reconstruction, thereby enabling high-fidelity quality of specific objects within their broader scene context. The main objective of this dataset is to evaluate different 3D reconstruction methods. The dataset was used in our following publications: Quoc-Anh Bui, Gilles Rougeron, Géraldine Morin, and Simone Gasparini. ""ROI-NeRFs: Hi-Fi Visualization of Objects of Interest within a Scene by NeRFs Composition"". In: Proceedings of the 21st International Conference on Computer Vision Theory and Applications - VISAPP 2026. Quoc-Anh Bui, Gilles Rougeron, Géraldine Morin, and Simone Gasparini. ""ROI-GS: Interest-based Local Quality 3D Gaussian Splatting"". In: Proceedings of the International Conference on Visual Communications and Image Processing - IEEE VCIP 2025. Quoc-Anh Bui, Serhane Lim, Tom Boudard, Gilles Rougeron, Simone Gasparini, and Géraldine Morin. ""XROI-GS: Real-time XR Interactive Inspection of High-quality Objects of Interest in a 3D Gaussian Splats Scene"" . In: Proceedings of the 32nd International Conference on Multimedia Modeling - MMM2026 - Best Demonstration Award at MMM2026 Prague Conference. We gratefully acknowledge the Centre des monuments nationaux (CMN) and the team of the Hôtel de la Marine for granting access to the palace and authorizing the image capture sessions.",2026,2026-02-09,dataset,,0,0,True,green,Zenodo (CERN European Organization for Nuclear Research),repository,"Quoc Anh Bui; Gilles Rougeron; Boston, Mathis; Patrick Bergeot",CEA Paris-Saclay; Commissariat à l'Énergie Atomique et aux Énergies Alternatives; Institut de Recherche en Informatique de Toulouse; Laboratoire d'Intégration des Systèmes et des Technologies; National Agency for National Parks,fr; ga,2,1,,Feature (linguistics); Salon; Computer vision; Artificial intelligence; Computer science; Photography; Computer graphics (images); Visualization; 3D reconstruction; Cultural heritage; 3d model; Visual arts; Painting; Feature film; Level of detail; Reflectivity; Quality (philosophy),,,computer vision,1,fr,v1,2026-08-13
https://openalex.org/W7128643441,https://doi.org/10.5281/zenodo.18612941,Hôtel de la Marine dataset for 3D reconstruction,"A photographic cultural heritage dataset captured inside the Hôtel de la Marine, an 18th-century Palace located on the Place de la Concorde in Paris, France, and managed by the Centre des monuments nationaux. The monument was meticulously restored to recreate the historical atmosphere of the Intendant Apartments. The Hôtel de la Marine dataset comprises two indoor scenes: the Salon (a formal dining room) and the Bureau (a working office). Both scenes feature complex geometry and challenging material properties for 3D reconstruction, including transparent crystal glassware, highly reflective silverware and gilt bronze, polished wood furniture, textiles, fine porcelain objects, and intricate decorative details. The images were captured during evening hours after the museum closed to visitors, ensuring static scene conditions, consistent artificial illumination from period-appropriate fixtures, and no moving objects or people. Specification Salon Bureau Wide-angle capture (Canon professional camera, 24 mm lens) 916 images (8192 × 5464 px) 761 images (8216 × 5482 px) Close-up capture (iPhone 15 Pro Max) 221 images (3024 × 4032 px) — Total images 1137 images 761 images The multi-scale capture strategy (wide-angle + close-up) is designed to support region-of-interest (ROI) based 3D reconstruction, thereby enabling high-fidelity quality of specific objects within their broader scene context. The main objective of this dataset is to evaluate different 3D reconstruction methods. The dataset was used in our following publications: Quoc-Anh Bui, Gilles Rougeron, Géraldine Morin, and Simone Gasparini. ""ROI-NeRFs: Hi-Fi Visualization of Objects of Interest within a Scene by NeRFs Composition"". In: Proceedings of the 21st International Conference on Computer Vision Theory and Applications - VISAPP 2026. Quoc-Anh Bui, Gilles Rougeron, Géraldine Morin, and Simone Gasparini. ""ROI-GS: Interest-based Local Quality 3D Gaussian Splatting"". In: Proceedings of the International Conference on Visual Communications and Image Processing - IEEE VCIP 2025. Quoc-Anh Bui, Serhane Lim, Tom Boudard, Gilles Rougeron, Simone Gasparini, and Géraldine Morin. ""XROI-GS: Real-time XR Interactive Inspection of High-quality Objects of Interest in a 3D Gaussian Splats Scene"" . In: Proceedings of the 32nd International Conference on Multimedia Modeling - MMM2026 - Best Demonstration Award at MMM2026 Prague Conference. We gratefully acknowledge the Centre des monuments nationaux (CMN) and the team of the Hôtel de la Marine for granting access to the palace and authorizing the image capture sessions.",2026,2026-02-09,dataset,,0,0,True,green,Zenodo (CERN European Organization for Nuclear Research),repository,"Quoc Anh Bui; Gilles Rougeron; Boston, Mathis; Patrick Bergeot",CEA Paris-Saclay; Commissariat à l'Énergie Atomique et aux Énergies Alternatives; Institut de Recherche en Informatique de Toulouse; Laboratoire d'Intégration des Systèmes et des Technologies; National Agency for National Parks,fr; ga,2,1,,Feature (linguistics); Salon; Computer vision; Artificial intelligence; Computer science; Photography; Computer graphics (images); Visualization; 3D reconstruction; Cultural heritage; 3d model; Visual arts; Painting; Feature film; Level of detail; Reflectivity; Quality (philosophy),,,computer vision,1,fr,v1,2026-08-13
https://openalex.org/W7124670003,,Musées immersifs et responsabilité sociale : repenser l'accessibilité au savoir à l'ère numérique,"This doctoral dissertation explores the concept and development of immersive museum experiences, focusing on various technologies that simulate virtual environments. It examines immersive museums both as information systems and as spaces for heritage knowledge, while also considering them as institutional digital tools that carry the responsibility of ensuring not just the dissemination but the genuine accessibility of knowledge for all audiences. By employing cutting-edge technologies such as augmented and virtual reality, projections, interactive tools, and artificial intelligence, this research seeks to understand how immersion transforms the way information is conveyed—and how, depending on its design, it can either facilitate or hinder access for certain individuals (both neurodivergent and neurotypical). The primary goal is to define what constitutes an immersive museum and what truly enhances access to knowledge, going beyond mere physical access. This includes access for people with sensory impairments (e.g., subtitles, audio descriptions, sign language, motion adaptations), cognitive accessibility (e.g., clear information, progressive complexity, personalized experiences), linguistic and cultural accessibility (e.g., multilingual support, diverse perspectives, inclusion of marginalized audiences), and ethical access related to technology (e.g., transparency of algorithms, data protection, responsible and sustainable infrastructure use). Through case studies and analysis of immersive tools, this research highlights that museum institutions must take responsibility when animating objects and monuments within simulated environments. It is crucial to ensure that the content is authentic and verifiable, that reconstructions are understandable, that uncertainties are clearly explained, that sensitive topics (such as theft or colonial contexts) are handled with care, and that power is shared by enabling visitors to participate and contribute.Immersive museums create visitor-centered experiences. At the same time, mediation practices are evolving to adapt to the ongoing digital transformation. This reflection opens up new possibilities for considering museums as part of the digital humanities, through the use of various immersive methods. The focus is not only on technological innovation but also on the digital environment's role in preserving, protecting, and bringing heritage to life—animating static artifacts and dormant monuments in simulated settings. It is essential to understand the context and the many challenges of this renewal, which allows for the conservation and dissemination of universal heritage through a new lens.",2025,2025-12-10,dissertation,fr,0,0,True,green,HAL (Le Centre pour la Communication Scientifique Directe),repository,Fadoua Boulakal,Groupe d'Etudes et de Recherche Interdisciplinaire en Information et Communication,fr,1,0,Museums and Cultural Heritage; Migration and Exile Studies; Cultural Insights and Digital Impacts,Transparency (behavior); Cultural heritage; Sociology; Computer science; Physical access; Virtual reality; Immersive technology; Access to information; World Wide Web; Inclusion (mineral); Multimedia; Emerging technologies; Power (physics); Cultural artifact; Augmented reality; Human–computer interaction; Information access; Internet privacy; The Internet; Motion (physics); Adaptation (eye),,,artificial intelligence,1,fr,v1,2026-08-13
https://openalex.org/W2804336107,https://doi.org/10.3897/biss.2.25481,Integration of Biodiversity Linked Data and Web APIs using SPARQL Micro-Services,"Web APIs (Application Programming Interface) are a common means for Web portals and data producers to enable HTTP-based, machine-processable access to their data. They are a prominent source of information*1 pertaining to topics as diverse as scientific information, social networks, entertainment or finance. The methods of Linked Data (Heath and Bizer 2011) similarly aim to publish machine-readable data on the Web, while connecting related resources within and between datasets, thereby creating a large distributed knowledge graph. Today, the biodiversity community is increasingly adopting the Linked Data principles to publish data such as trait banks, museum collections and taxonomic registers (Parr et al. 2016, Baskauf et al. 2016). However, standard approaches are still missing to combine disparate representations coming from both Linked Data interfaces and the manifold Web APIs that were developed during the last two decades to expose legacy biodiversity databases on the Web. The SPARQL Micro-Service architecture (Michel et al. 2018) tackles the goal of reconciling Linked Data interfaces and Web APIs. It proposes a lightweight method to query a Web API using SPARQL (Harris and Seaborne 2013), the Semantic Web standard to query knowledge graphs expressed in the Resource Description Framework (RDF). A SPARQL micro-service provides access to a small RDF graph, typically resource-centric, that it builds at run-time by transforming a fraction of the whole dataset served by the Web API into RDF triples. Furthermore, Web APIs traditionally rely on internal, proprietary resource identifiers that are unsuited for use as Uniform Resource Identifiers (URIs). To address this concern, a SPARQL micro-service can assign a URI to a Web API resource, allowing an application to look up this URI and get a description of the resource in return (this process is referred to as dereferencing ). In this demo, we wish to showcase the value of SPARQL micro-services in the biodiversity domain. We first query TAXREF-LD, a Linked Data representation of the French taxonomic register of living beings (Michel et al. 2017), to retrieve information about a given taxon. Then, we demonstrate how we can enrich our knowledge about this taxon with various types of data retrieved on-the-fly from multiple Web APIs: trait data from the Encyclopedia of Life trait bank (Parr et al. 2016), articles or books from the Biodiversity Heritage Library, audio recordings from the Macaulay scientific media archive, photos from the Flickr photography social network, and music tunes from MusicBrainz. Different visualizations are demonstrated, ranging from raw RDF triples to Web pages generated dynamically and integrating heterogeneous data, as suggested in Fig. 1. Depending on the audience’s interests, we shall touch upon the alignment of Web APIs’ proprietary vocabularies with well-adopted thesauri or ontologies, or more technical concerns e.g. related to the effort required to deploy a new SPARQL micro-service.",2018,2018-05-22,article,en,2,7,True,diamond,Biodiversity Information Science and Standards,journal,Franck Michel; Catherine Faron Zucker; Fabien Gandon,"Infection et inflammation; Laboratoire d'Informatique, Signaux et Systèmes de Sophia Antipolis",fr,1,0,Species Distribution and Climate Change; Biomedical Text Mining and Ontologies; Semantic Web and Ontologies,SPARQL; Computer science; World Wide Web; Linked data; Data Web; RDF; Semantic Web; Named graph; Web service; Web modeling; Web standards; Identifier; Social Semantic Web; Database; Programming language,,,knowledge graph,1,fr,v1,2026-08-13
https://openalex.org/W7128614949,https://doi.org/10.5281/zenodo.18612709,Hôtel de la Marine dataset for 3D reconstruction,"A photographic cultural heritage dataset captured inside the Hôtel de la Marine, an 18th-century Palace located on the Place de la Concorde in Paris, France. The monument was meticulously restored to recreate the historical atmosphere of the Intendant Apartments. The Hôtel de la Marine dataset comprises two indoor scenes: the Salon (a formal dining room) and the Bureau (a working office). Both scenes feature complex geometry and challenging material properties for 3D reconstruction, including transparent crystal glassware, highly reflective silverware and gilt bronze, polished wood furniture, textiles, fine porcelain objects, and intricate decorative details. The images were captured during evening hours after the museum closed to visitors, ensuring static scene conditions, consistent artificial illumination from period-appropriate fixtures, and no moving objects or people. Specification Salon Bureau Wide-angle capture (Canon professional camera, 24 mm lens) 916 images (8192 × 5464 px) 761 images (8216 × 5482 px) Close-up capture (iPhone 15 Pro Max) 221 images (3024 × 4032 px) — Total images 1137 images 761 images The multi-scale capture strategy (wide-angle + close-up) is designed to support region-of-interest (ROI) based 3D reconstruction, thereby enabling high-fidelity quality of specific objects within their broader scene context. The main objective of this dataset is to evaluate different 3D reconstruction methods. The dataset was used in our following publications: Quoc-Anh Bui, Gilles Rougeron, Géraldine Morin, and Simone Gasparini. ""ROI-NeRFs: Hi-Fi Visualization of Objects of Interest within a Scene by NeRFs Composition"". In: Proceedings of the 21st International Conference on Computer Vision Theory and Applications - VISAPP 2026. Quoc-Anh Bui, Gilles Rougeron, Géraldine Morin, and Simone Gasparini. ""ROI-GS: Interest-based Local Quality 3D Gaussian Splatting"". In: Proceedings of the International Conference on Visual Communications and Image Processing - IEEE VCIP 2025. Quoc-Anh Bui, Serhane Lim, Tom Boudard, Gilles Rougeron, Simone Gasparini, and Géraldine Morin. ""XROI-GS: Real-time XR Interactive Inspection of High-quality Objects of Interest in a 3D Gaussian Splats Scene"" . In: Proceedings of the 32nd International Conference on Multimedia Modeling - MMM2026 - Best Demonstration Award at MMM2026 Prague Conference. We gratefully acknowledge the Centre des monuments nationaux (CMN) and the team of the Hôtel de la Marine for granting access to the palace and authorizing the image capture sessions.",2026,2026-02-09,dataset,,0,0,True,green,Zenodo (CERN European Organization for Nuclear Research),repository,Quoc Anh Bui; Gilles Rougeron; Patrick Bergeot,CEA Paris-Saclay; Commissariat à l'Énergie Atomique et aux Énergies Alternatives; Institut de Recherche en Informatique de Toulouse; Laboratoire d'Intégration des Systèmes et des Technologies; National Agency for National Parks,fr; ga,2,1,,Feature (linguistics); Computer vision; Salon; Artificial intelligence; Computer science; Computer graphics (images); Photography; Visualization; 3D reconstruction; Cultural heritage; 3d model; Visual arts; Level of detail; Painting; Reflectivity; Quality (philosophy),,,computer vision,1,fr,v1,2026-08-13
https://openalex.org/W7128380785,https://doi.org/10.5281/zenodo.18550546,Hôtel de la Marine dataset for 3D reconstruction,"A photographic cultural heritage dataset captured inside the Hôtel de la Marine, an 18th-century Palace located on the Place de la Concorde in Paris, France. The monument was meticulously restored to recreate the historical atmosphere of the Intendant Apartments. The Hôtel de la Marine dataset comprises two indoor scenes: the Salon (a formal dining room) and the Bureau (a working office). Both scenes feature complex geometry and challenging material properties for 3D reconstruction, including transparent crystal glassware, highly reflective silverware and gilt bronze, polished wood furniture, textiles, fine porcelain objects, and intricate decorative details. The images were captured during evening hours after the museum closed to visitors, ensuring static scene conditions, consistent artificial illumination from period-appropriate fixtures, and no moving objects or people. Specification Salon Bureau Wide-angle capture (Canon professional camera, 24 mm lens) 916 images (8192 × 5464 px) 761 images (8216 × 5482 px) Close-up capture (iPhone 15 Pro Max) 221 images (3024 × 4032 px) — Total images 1137 images 761 images The multi-scale capture strategy (wide-angle + close-up) is designed to support region-of-interest (ROI) based 3D reconstruction, thereby enabling high-fidelity quality of specific objects within their broader scene context. The main objective of this dataset is to evaluate different 3D reconstruction methods. The dataset was used in our following publications: Quoc-Anh Bui, Gilles Rougeron, Géraldine Morin, and Simone Gasparini. ""ROI-NeRFs: Hi-Fi Visualization of Objects of Interest within a Scene by NeRFs Composition"". In: Proceedings of the 21st International Conference on Computer Vision Theory and Applications - VISAPP 2026. Quoc-Anh Bui, Gilles Rougeron, Géraldine Morin, and Simone Gasparini. ""ROI-GS: Interest-based Local Quality 3D Gaussian Splatting"". In: Proceedings of the International Conference on Visual Communications and Image Processing - IEEE VCIP 2025. Quoc-Anh Bui, Serhane Lim, Tom Boudard, Gilles Rougeron, Simone Gasparini, and Géraldine Morin. ""XROI-GS: Real-time XR Interactive Inspection of High-quality Objects of Interest in a 3D Gaussian Splats Scene"" . In: Proceedings of the 32nd International Conference on Multimedia Modeling - MMM2026 - Best Demonstration Award at MMM2026 Prague Conference. We gratefully acknowledge the Centre des monuments nationaux (CMN) and the team of the Hôtel de la Marine for granting access to the palace and authorizing the image capture sessions.",2026,2026-02-09,dataset,,0,0,True,green,Zenodo (CERN European Organization for Nuclear Research),repository,Quoc Anh Bui; Gilles Rougeron; Patrick Bergeot,CEA Paris-Saclay; Commissariat à l'Énergie Atomique et aux Énergies Alternatives; Institut de Recherche en Informatique de Toulouse; Laboratoire d'Intégration des Systèmes et des Technologies; National Agency for National Parks,fr; ga,2,1,,Feature (linguistics); Computer vision; Salon; Artificial intelligence; Computer science; Computer graphics (images); Photography; Visualization; 3D reconstruction; Cultural heritage; 3d model; Visual arts; Level of detail; Painting; Reflectivity; Quality (philosophy),,,computer vision,1,fr,v1,2026-08-13
https://openalex.org/W4405834204,https://doi.org/10.48154/b17_24/7,"""Receptarea istoriografiei românești privitoare la Antichitate în Franţa, cu privire specială asupra corespondenței savante""","This chapter investigates the academic ties and intellectual exchanges between Romanian and French historians specializing in ancient history. By closely examining scholarly correspondence, the author charts the long-term development of these international relationships. The analysis highlights how individual connections withstood political barriers during the twentieth century. Ultimately, the study reveals how this continuous dialogue influenced the broader European reception and understanding of Romanian archaeological and classical research. THIS ABSTRACT IS GENERATED WITH ARTIFICIAL INTELLIGENCE.",2024,2024-10-10,book-chapter,ro,0,0,True,gold,,,Dan Dana,Histoire et Sources des Mondes Antiques; École Pratique des Hautes Études,fr,1,0,Classical Studies and Philology; European Cultural and National Identity; Historical Geography and Cartography,Art,,,artificial intelligence,1,fr,v1,2026-08-13
https://openalex.org/W7128109993,,"Une méthodologie en évolution culturelle (SIG, biostatistiques, phylogénie et Machine Learning) : exemple d'application aux populations du passé","Since Thomsen's Three-Age System, the concept of cultural evolution has undergone profound transformations. Today, culture is understood as a dynamic phenomenon shaped by complex mechanisms of transmission, adaptation, and social interaction. While recent advances in the social, biological, and computational sciences have enriched our understanding-particularly through the use of phylogenetic methods, advanced statistics, and artificial intelligence-these tools are still rarely applied to the study of archaeological funerary contexts.This dissertation proposes an innovative interdisciplinary approach to studying cultural transmission processes through funerary practices. Burials-biological, material, symbolic, and social testimonies-offer a unique entry point into the cultural fabric of past societies. The aim is to reconstruct cultural dynamics at the scale of a few generations by integrating cultural data (grave goods, architecture, rituals), biological data (osteological and genetic profiles), and environmental data (isotopic analyses).To achieve this, a rigorous and accessible methodology has been developed, structured in three stages: a descriptive phase (geospatial and statistical analyses), a phylogenetic and statistical phase (to identify cultural patterns and their evolutionary dynamics), and an interpretative phase using machine learning algorithms. The latter helps uncover underlying structures not easily discernible through traditional approaches.Three contrasting archaeological datasets were selected to test this methodology: the Xiongnu necropolis of Tamir (Mongolia), rich in grave goods but partially looted; the predynastic necropolis of Adaïma (Egypt), with a high number of well-preserved immature individuals and rich material culture; and several Neolithic European sites sharing a specific funerary practice, despite varied preservation conditions. These diverse cases enable a robust evaluation of the method's transferability across temporal, cultural, and taphonomic contexts.In addition, this research introduces IArch, an original application designed as an intuitive interface that allows archaeologists to apply machine learning algorithms without requiring technical or coding expertise. This tool aims to democratize access to advanced analytical techniques within the field of funerary archaeology.This work is rooted in a deeply interdisciplinary framework, bridging archaeology, biological anthropology, evolutionary biology, statistics, and computer science. It contributes to the renewal of cultural evolution studies by establishing a methodological foundation that is reproducible, adaptable, and accessible to all. Beyond disciplinary boundaries, this research encourages us to see funerary contexts not merely as material remnants, but as powerful indicators of cultural complexity in past human societies.",2025,2025-09-29,dissertation,fr,0,0,False,closed,HAL (Le Centre pour la Communication Scientifique Directe),repository,Ameline Alcouffe,Centre d'Anthropobiologie et de Génomique de Toulouse; Laboratoire d'Anthropologie Sociale,fr,1,0,Language and cultural evolution; Pleistocene-Era Hominins and Archaeology; Forensic Anthropology and Bioarchaeology Studies,Cultural transmission in animals; Taphonomy; Archaeology; Phylogenetic tree; Geography; Transferability; History; Phenomenon; Anthropology; Grave goods; Categorization; Sociocultural evolution; Point (geometry); Cultural diversity; Prehistory; Typology; Scale (ratio); Evolutionary theory; Test (biology); Statistical analysis; Big Five personality traits and culture; Ethnology; Genetic data; Archaeological record; Data science; Cultural background; Sociology; Genealogy; Archaic period; Certainty; Projectile point; Computer science,,,artificial intelligence; machine learning,2,fr,v1,2026-08-13
https://openalex.org/W4413086932,https://doi.org/10.1109/ssp64130.2025.11073403,A Plug-and-Play Approach for Point Cloud Registration,"Plug-and-play algorithms have shown impressive results on imaging inverse problems, such as registration, super-resolution, denoising and inpainting. These methods rely on a neural network denoiser to learn an implicit prior of the image to be estimated. This paper investigates a new plug-and-play approach for 3D point cloud registration, which is crucial for a wide range of applications such as urban planning, archaeology and autonomous vehicles. The 3D point cloud registration problem is formulated as an inverse problem whose unknowns are the image to be estimated and the transformation between the two point clouds. A plug-and-play approach using an alternating optimization strategy is proposed for solving the registration problem. Experiments conducted on synthetic data and LiDAR point clouds are presented showing the potential of the method.",2025,2025-06-08,conference-paper,en,0,28,False,closed,,,M. Bouzeid; P. Bruel; Vincent Poulain; Julián Tachella; J.-Y. Tourneret; David Youssefi,Centre National d'Études Spatiales; Centre National de la Recherche Scientifique; Institut Polytechnique de Bordeaux; Institut de Mathématiques de Toulouse; Institut de Recherche en Informatique de Toulouse; Laboratoire Leprince-Ringuet; Thales (Portugal); Université Toulouse - Jean Jaurès; Université Toulouse III - Paul Sabatier; Université Toulouse-I-Capitole; École Normale Supérieure de Lyon,fr; pt,2,1,Remote Sensing and LiDAR Applications; 3D Surveying and Cultural Heritage; Robotics and Sensor-Based Localization,Cloud computing; Plug-in; Computer science; Point cloud; Spark plug; Point (geometry); Artificial intelligence; Operating system; Engineering; Geometry; Mathematics; Aerospace engineering,,,neural network,1,fr,v1,2026-08-13
https://openalex.org/W4417036091,https://doi.org/10.1371/journal.pone.0336327,A bioavailable 87Sr/86Sr isoscape of Mongolia: Implications for the reconstruction of past human and animal mobility,"Understanding past human and animal mobility is essential for reconstructing the social and cultural dynamics of ancient societies. Strontium isotope analysis (87Sr/86Sr) offers a powerful tool to investigate provenance and movement. The bioavailable 87Sr/86Sr follows the underlying lithology, and increasing efforts have been made to map its spatial distribution across the landscape and produce 87Sr/86Sr isoscapes at local and more global scales. Mongolia's steppe landscapes have long supported highly mobile pastoralist societies whose movements were central to the formation of major polities, including Late Bronze Age cultures, Xiongnu first nomadic state and Mongol Empire. Despite the growing use of 87Sr/86Sr isotopic analysis to investigate past mobility, the lack of a robust 87Sr/86Sr baseline has hindered large-scale interpretations. Here, we generated a regionally-calibrated bioavailable 87Sr/86Sr isoscape for Mongolia by analysing modern plants collected at 534 sites, mostly from Arkhangai, central Mongolia. We used two machine learning approaches: the random forest regression (RF) and the ensemble machine learning (EML). Both methods produced comparable isoscapes with RF slightly outperforming EML. Three major regions have been identified, reflecting the complex geology of Mongolia: a western intermediate-to-high 87Sr/86Sr region (0.710-0.722), a central low 87Sr/86Sr region (0.707-0.711), and an eastern intermediate 87Sr/86Sr region (0.709-0.712). Comparison of archaeological 87Sr/86Sr data from 25 sites across Mongolia from the Late Bronze Age to the Medieval period with local isoscape predictions suggest that human, animal and plant samples are mainly of local origins for most of the sites, regardless of the period. This isoscape provides a strong baseline in Mongolia and not only enhances archaeological interpretations of past mobility but also holds significant potential for ecological monitoring and the authentication of regional products, such as cashmere.",2025,2025-12-03,article,en,0,69,True,gold,PLoS ONE,journal,Maël Le Corre; Éric Douville; Arnaud Dapoigny; Khanh-Vi Tran; Tsagaan Turbat; Ganbold Enkhbayar; Sébastien Lepetz; Antoine Zazzo,"Archéozoologie et Archéobotanique; CEA Paris-Saclay; Centre National de la Recherche Scientifique; Commissariat à l'Énergie Atomique et aux Énergies Alternatives; Laboratoire de Géologie de Lyon : Terre, Planètes et Environnement; Laboratoire des Sciences du Climat et de l'Environnement; Lyon 1 Université; Muséum national d'Histoire naturelle; National Museum of Mongolia; National University of Mongolia; Sorbonne Université; Université Paris-Saclay; Université de Versailles Saint-Quentin-en-Yvelines; École Normale Supérieure de Lyon",fr; mn,2,1,Archaeology and ancient environmental studies; Rangeland Management and Livestock Ecology; Pleistocene-Era Hominins and Archaeology,Pastoralism; Steppe; Provenance; Geography; Bronze Age; Isotope analysis; Baseline (sea); Ecology; Ungulate; Prehistory; Phytolith; Archaeology; Spatial ecology; Pleistocene; Paleoanthropology; Physical geography; Period (music); Livestock; Middle Stone Age; Archaeological science; Environmental change; Human evolution; Habitat; Geographic information system; Stable isotope ratio; Arid; Biology; Spatial analysis; Climate change; Temporal scales; Human migration; Random forest; Ancient DNA; Global change; Spatial distribution,,,machine learning,1,fr,v1,2026-08-13
https://openalex.org/W4401220857,https://doi.org/10.1108/ijchm-08-2024-174,Guest editorial: Wine and hospitality research: opportunities and challenges,"Wine and hospitality are intrinsically linked from both consumer and business perspectives. In a hospitality setting, wine can complement food (Aune, 2002) and can form part of a pleasurable, educational, social and entertaining experience (Dodd, 1995). Wine is sold at the cellar door of a winery, sometimes accompanied by a visit to the winery or a meeting with the winemaker, and is also served on the winery premises or in cafes and restaurants. The winery itself can be a place of consumption and hospitality. Empirical research at the intersection of the studies of wine and hospitality can have important implications for businesses in all hospitality segments, including food and beverage, accommodation, travel and tourism, and entertainment and recreation. However, research on wine and hospitality is limited. This is confirmed by Bonn et al. (2018), who review the literature on wine research over a period of 26 years and find that studies on wine and hospitality primarily focus on wine marketing and tourism, largely ignoring consumers’ wine experiences in hospitality settings.Wine consumption in both emerging and developed economies has increased significantly over the past decade. This has had a notable impact on the foodservice industry and the performance of restaurants and hotels. Not surprisingly, the study of wine in the on-trade sector has been a fruitful and expanding area of research since the 1960s, when it was recognized that wine contributes to the reputation and profitability of restaurants (Barbour, 1961; Wile, 1962). One of the factors found to influence consumer choice is whether these on-trade establishments have well-crafted wine lists and offer sommelier or wine steward services (Yüksel and Yüksel, 2002).Food and wine pairings are often a priority for restaurants (Terblanche and Pentz, 2019). These pairings influence customer satisfaction with a restaurant’s service and, if done well, can increase consumers’ willingness to pay for the food and service provided (Paulsen et al., 2015), thereby increasing a restaurant’s profitability (Thompson, 2010). Kustos et al. (2019) conclude that effectively communicating wine attributes, production regions and preferred food pairings to consumers helps hospitality service providers in their marketing endeavors. As such, wine is important for the reputation of foodservice operators. A restaurant’s wine list can be used as a differentiation strategy to gain a competitive advantage (Berenguer et al., 2009), to enhance the prestige of the restaurant (Wansink et al., 2006), and to raise the status of the restaurant in the culinary hierarchy (Lane and Opazo, 2023). A wine list can also be a way of communicating the image of a restaurant, conveying attributes such as localness and typicality (Hill and Fountain, 2022).The content of wine lists has received much attention, with focus placed on the selection of local and organic wines (Preszler and Schmit, 2009; Perla et al., 2014), conventional versus innovative wines and the breadth and length of a wine list (Berenguer et al., 2009), among others. Restaurants manage their wine lists in different ways, with varying approaches to selection, specialization and complementarity (Gil et al., 2009). The design of the list itself has also been studied, including through analyses of the order in which wines are presented (Corsi et al., 2012) and the use of dollar signs (Yang and Lynn, 2009).In the hospitality industry, wine-related operations often require dedicated staff. In restaurants, sommeliers or wine stewards ensure proper wine storage and service (Howland, 2013). They act as cultural mediators, elaborating on their technical knowledge to translate the features of a wine in the context of an interpersonal interaction with a consumer (Tiefenbacher and Townsend, 2020). The empirical literature has documented a “sommelier effect” (Manske and Cordua, 2005) through which the technical skills of a sommelier aid in staff training, increase credibility and boost wine sales for an establishment.Restaurants generate profit from wine sales. However, the strategies used to price wine are diverse and may be puzzling, leading establishments to determine pricing strategies often through trial and error (Pavesic, 1989; Kimes et al., 2012). A cost-based approach may be used to determine the price of wine in a restaurant. One simple rule of thumb is to apply a decreasing multiplier to the cost of a wine. An extension of this approach is to add an additional charge to the multiplier to cover overhead costs, such as glassware or labor. Demand-based pricing is possible, although assessing the price elasticity of demand for wine on-premise is difficult in practice (Jiang et al., 2016). Restaurants may also suggest good deals to patrons through the use of decoy pricing, such as by including a highly priced wine on a wine list to make other wines seem more affordable or by suggesting the second-cheapest wine to make consumers feel like they are getting a good deal without appearing cheap. The trend of consuming wine by the glass is growing among consumers seeking variety (Acuti et al., 2019). This has led to the emergence of new pricing strategies, such as pricing that covers the cost of the bottle when selling two glasses and dividing the price of the bottle on the wine list by the number of servings (Latour, 1994). The bring-your-own-bottle (BYOB) phenomenon, used by consumers as a risk-reduction strategy in the restaurant context (Bruwer and Campusano, 2018), often involves charging a corkage fee to partially offset the revenue lost by restaurants when consumers do not purchase from the restaurant’s wine list (Taylor and Barber, 2014).The restaurant and tourism sectors are often intertwined with the wine and entertainment sectors. Combining food and wine can create a pleasant esthetic experience and enhance enjoyment (Koponen and Mustnen, 2020). When paired with food, wine is an important component of the gastronomic experience (Yüksel and Yüksel, 2002) and may also be a relevant dimension of eating out, even in a nongastronomic setting. Attention to glassware may also enhance this experience (Billing et al., 2008). Overall, Aune (2002) argues that in the restaurant industry, the boundaries between entertainment, education and the consumption of food and drinks are becoming increasingly blurred.Wineries, wine museums and wine routes can be considered attractions, as they offer educational and gastronomic experiences (Farsani et al., 2019). These destinations contribute to a region’s attractiveness (Martin and Delmelle, 2021) and promote sustainable rural development (Oltea and Gabor, 2022). Torres et al. (2021) state that the wine industry is the only agribusiness sector that provides comprehensive and organized tourism services. Wine tourism also serves as a marketing strategy for wineries that can improve brand recognition (Torres and Kunc, 2016), promote loyalty (Bruwer et al., 2013) and increase perceived product quality (Gómez-Carmona et al., 2023). According to Brannon and Wiklund (2014), incorporating wine tourism strategies can drive wine sales and may become part of the business model. Tourist destinations that use wine as a key attraction often market their tourism and hospitality products and services through cellar door experiences to increase tourism demand (Getz and Brown, 2007). However, the opportunities for emerging wine regions (Duarte Alonso and Liu, 2010) and the economic benefits of wine tourism also come with an environmental impact (Sun and Drakeman, 2022).This special issue on wine and hospitality consists of 15 articles that offer insights into the opportunities and challenges that lie at the intersection of the wine and hospitality sectors. The articles cover traditional as well as emerging wine regions. China receives considerable attention and is one of the main areas of research discussed in this issue.Climate change may impact wine tourism, especially with regard to seasonality (Sottini et al., 2021) and changes in the wine landscape (Albuquerque et al., 2023), which raises concerns for tourism stakeholders. The wine industry is significantly affected by climate change, particularly in terms of short-term costs to winegrowers as they adapt to new climatic conditions (Ashenfelter and Storchmann, 2016). In their article, “From risk to reward: the strategic advantages of diversifying grape varietals,” Masset and Weisskopf (2024) investigate the impact of diverse grape varieties on reducing the variability of grape quantity and quality under erratic climatic conditions. Their study, which uses detailed data on Swiss wines over a period of highly variable climatic conditions and extreme climatic events, demonstrates that maintaining a broad grape variety portfolio is an effective solution for managing climate risk. This innovative strategy appears to be a promising approach to mitigating the effects of climate change in the wine industry.As suggested by Kim and So (2022), tourism is strongly experiential in nature. Hospitality operators provide facilities and services that aim to create unique experiences for tourists. These unique experiences allow operators to differentiate themselves from growing numbers of competitors and to meet consumer demands (Sipe and Testa, 2018). The hospitality industry has embraced the experiential paradigm (Gallarza and De Diego Velasco, 2018) to achieve this goal. In their article, “The ability of experience design characteristics to elicit epistemic value, hedonic value, and visitor satisfaction in a wine museum,” Ponsignon et al. (2024) analyze the influence of experience design on visitor satisfaction in the context of a French wine museum. Their results highlight the importance of epistemic (i.e. learning) and hedonic (i.e. enjoyment) values as key determinants of a positive visitor experience: it is not only the content of the experience that matters but also how the content is communicated. In a similar vein, memorable tourism experiences capture the emotional and subjective responses of tourists (Kladou and Mavragani, 2015). This consumer-centric view is echoed by Wu et al. (2024) in the article “Wine tourism experiences of Chinese tourists: a tourist-centric perspective,” which identifies the salient characteristics of wine tourism experiences for Chinese tourists. In this study, the authors conduct both an analysis of online reviews written by domestic and outbound Chinese visitors and in-depth interviews. They then use topic modeling and sentiment analysis to perform an importance–performance analysis, which reveals two sets of salient characteristics concerning the wine tourism experiences of domestic and inbound Chinese wine tourists. The authors identify three common attributes: scenic views, wine tasting and purchasing, and wine knowledge. The qualitative analysis confirms that the services and appeal of a wine attraction are the primary motivating factors for Chinese tourists when engaging in wine tourism. In the era of digital transformation of consumer behavior, virtual wine experiences may also influence wine consumers’ interests in physical wine consumption and visit to wine regions. In their study of Uncorking the virtual frontier of wine experiences,” Gastaldello et al. (2024) studied the factors that determine the interests of virtual wine experiences based on an online questionnaire survey of wine consumers in Oregon and California and found that individuals with a high interest in virtual wine experience are normally associated with strong wine involvement either as wine consumers or as wine tourists. Therefore, wine businesses and wine tourism destinations could leverage virtual wine experiences to enhance the demand for their products and services.Hospitality operators often offer add-on items, such as spa services or gym access, to increase profitability and improve the guest experience (Kim and Tanford, 2022). Pricing these add-ons can be difficult and counterintuitive (Lin, 2017). In “How do wineries price their wine experiences?” Gergaud and Livat (2024) use a hedonic pricing approach to model the price of winery visits, adopting an add-on perspective and focusing on the effect of the price of the most expensive wine sold by the winery, which is seen as the base product. They analyze a data set of over 1,000 winery experiences in Europe and find that the reputation of the winery and the length of the visit are important factors. They confirm that wine tourism is a territorial experience rooted in authenticity, as the price of tourism experiences increases with the local agglomeration of wineries.The interconnectedness of tourism and hospitality stakeholders is critical for destination development (Timur and Getz, 2008). The typology of stakeholders involved in tourism clusters is large and diverse (Perkins et al., 2022), and intensifying relationships between these parties, including public stakeholders, can improve a destination’s tourism performance (Presenza and Cipollina, 2010). However, the effect of the spatial structure of tourism and hospitality stakeholders on the formation of tourism networks remains unknown. Gu et al. (2024) investigate this effect in their article, “Spatial structure and influencing factors of an emerging wine tourism network: a case study of the Ningxia wine region.” By focusing on an emerging Chinese wine region and combining survey data from wine tourists with 16 in-depth interviews with wine tourism stakeholders, this study identifies networks based on tourist movements. The study measures centrality, closeness centrality and betweenness centrality and highlights the roles that scenic areas play as central nodes, as these areas absorb most of the tourist flows. The authors also find that the government plays a critical role in the formation of networks. While this last finding makes sense in the Chinese context, as China has a highly centralized government, it also highlights that governments can play a role in supporting tourism businesses in general. Similarly, in “Delineating wine tourism experiences in Ningxia, China: a supply-demand perspective,” Zhan and Shi (2024) examine both the supply of wine tourism experiences and the behavioral intentions of visitors. They first conduct a qualitative analysis based on interviews with winery owners and managers and identify four key factors that define the experiences offered by Ningxia wineries: the tangible elements of the winery, including its location; the quality of service; the distinctive features of the brand; and the motivations of tourists, ranging from ordinary tourists who want to try something new to wine consumers who want to learn more about winemaking techniques. This qualitative exploration is combined with a quantitative analysis of a survey of wine tourists. A partial least squares structural equation modeling analysis indicates that the four factors mentioned above are positively related to satisfaction, which can influence loyalty and revisit intention. The analysis underscores the importance of transport infrastructure, existing accommodation, restaurants and other tourism facilities for the development of wine tourism. Networks and public support are found to be crucial for the success of a region’s wine tourism.The interplay between hospitality and wine is subject to the role of the government. Tourism statistics have political implications (Pratt and Tolkach, 2018), and tourism taxes can impact inbound tourism demand (Adedoyin et al., 2023). Additionally, wine imports may be affected by anti-dumping duties. In “The impact of policy intervention on international wine demand,” Liu et al. (2024) assess the immediate impact of imposing anti-dumping tariffs on Australian wine imported into China. The authors estimate difference-in-differences models and demonstrate a significant and substantial decline in Australian exports of red, rose, white and sparkling wines to China. Their forecasts predict a continuing downward trend in 2023–2025. The authors’ counterfactual prediction, which assumes no anti-dumping duties, indicates a potential increase in demand for Australian wines.Demand modeling and forecasting is a major area of tourism and hospitality research and is often associated with the study of tourism demand or hotel demand (Wu et al., 2017). Price forecasting and modeling has recently become a pressing topic due to global issues such as disease, terrorism and conflicts, as well as advancements in artificial intelligence techniques (Binesh et al., 2024). In “Point and interval forecasting for wine prices: an approach based on artificial intelligence,” Cui et al. (2024) use these new techniques to enhance the prediction of wine prices. This is particularly relevant for restaurant and hotel purchasing decisions and inventory management. The authors’ modeling framework is based on a hybrid kernel extreme learning machine (K-ELM), to which they add several modules that improve the accuracy and stability of the forecasts generated. The analysis, which uses Liv-Ex time series, shows that macroeconomics, financial and have varying of influence on wine price Additionally, the study that the of wine on emerging particularly on is in the is a for wine and hospitality as it customer loyalty in the restaurant sector hotel performance et al., and is a key of wine et al., 2009). the Chinese wine industry is it is in its and and how Chinese wineries their remains a In brand a case study of Chinese Shi et al. (2024) analyze the reputation of Chinese wineries in to the quality and of the wine regions in which they are government design and and social The authors also the role of consumer wine knowledge. on survey data from Chinese wine the study that reputation is not Additionally, wine knowledge the effect of and social on brand The authors suggest that Chinese wineries can enhance their by adopting consumer-centric operators are linked to tourism local and in a and 2018). provide about the hospitality et al., and their into the restaurant industry for in meeting changes in demand and 2017). quality attributes are also et al. (2024) investigate these quality attributes in of the importance of wine quality attributes for on-premise and wine attributes in the wine industry product quality and price reputation and between and structural equation the authors analyze survey data from wine purchasing managers on-premise and establishments in The study shows that quality attributes have an impact on the strategic and performance of However, the effect on the of wine in quality attributes are found to to financial performance and satisfaction with The study that product quality is more critical for wine for on-premise wine quality of experience such as wine and wine tourism is often to purchase et al., 2019). In this context, industry stakeholders may provide quality and although these may not be effective or et al., 2017). improve consumers’ of a industry may require to on the such as the for In “The effects of wine on wine et al. (2024) conduct two studies to investigate the effect of a on wine a They find both positive and While the increases purchase it also the willingness to pay of wine who a wine with a as of quality a wine with a like other gastronomic may elicit emotional responses from consumers et al., 2010). wine on a of wine et al., Additionally, a positive has been to be associated with et al., 2024). In the influence of and on online wine knowledge to et al. (2024) analyze the online review of wine consumers by combining a data analysis of wine reviews on with a structural equation modeling analysis of survey data from wine from the The authors the in reviews the and 2015), a and find that is positively associated with online review but that the effect of on review is by wine marketing literature which are significant for wine et al., 2020). These effects are related to purchasing and prices. These effects also apply to the hotel industry when a brand image is associated with its brand et al., 2017). In “The influence of perceived of image on Chinese consumers purchase of imported and (2024) analyze the perceived quality of and purchase intentions concerning imported wine by the effect approach to the of and The authors analyze survey data from Chinese wine consumers and conduct a The results that both the perceived and perceived of a wine of are linked to the perceived and of the wine to its perceived and to purchase intention. wine is by et al. (2024) in “The effects of and knowledge on wine consumers’ and model of The authors a structural equation modeling approach to examine the relationships among wine purchase ability to in wine wine knowledge and wine purchase and intention. The analysis of survey data from reveals that the to purchase wine is primarily by and which are in by the social of",2024,2024-08-01,editorial,en,7,61,True,bronze,International Journal of Contemporary Hospitality Management,journal,Florine Livat; Haiyan Song,Hong Kong Polytechnic University; Kedge Business School,fr; hk,2,1,Wine Industry and Tourism; Culinary Culture and Tourism; Sport and Mega-Event Impacts,Hospitality; Wine; Hospitality industry; Marketing; Business; Hospitality management studies; Tourism; Advertising; Political science; Food science; Law; Chemistry,,,artificial intelligence,1,fr,v1,2026-08-13
https://openalex.org/W4415791049,https://doi.org/10.1017/jmo.2025.10061,Aesthetic signals in organizational space: AI-driven visual contrast analysis of coworking and open-plan offices,"Abstract This study explores the visual aesthetics of organizational space by contrasting coworking spaces with traditional open-plan offices. Drawing on signaling theory and symbolic interactionism, we examine how ambience communicates symbolic meaning. Employing an archaeological approach to retrieve large-scale online photo data from Coworker and Pinterest, we then apply AI-driven deep learning visual contrast analysis to reveal clear aesthetic distinctions in organizational space. Coworking spaces evoke a homely, dining-room-like ambiance, with artwork, plants, warmer color palettes, and a more homely and hospitable ambience. Traditional open-plan offices, by contrast, tend toward cooler colors and industrial design elements. Findings suggest that coworking spaces visually signal greater affective and sensory value, promoting belonging, creativity, and warmth. The study contributes to organizational space theory by theorizing how visual aesthetics act as symbolic cues that shape workplace experiences and by introducing a methodological framework that integrates AI-based analysis with interpretive meaning-making.",2025,2025-11-03,article,en,0,64,True,hybrid,Journal of Management & Organization,journal,Birgit Muskat; Haiyang Xia; Amitabh Anand; Gang Li; Adrian Heng Tsai Tan; Ingo Oswald Karpen,Australian National University; Curtin University; Deakin University; Excelia Business School; Karlstad University; The University of Adelaide,au; fr; se,3,1,Facilities and Workplace Management; Management and Organizational Studies; Consumer Retail Behavior Studies,Contrast (vision); Space (punctuation); Aesthetics; The Symbolic; Psychology; Sociology; Cognitive science; Cognitive psychology; Epistemology; Sensory system; Social psychology; Organizational studies; Organizational theory; Aesthetic experience,,,deep learning,1,fr,v1,2026-08-13
https://openalex.org/W7160910934,https://doi.org/10.35530/it.077.02.2025156,Deep learning-based recognition of Miao ethnic costumes via YOLOv5s: A step toward digital cultural preservation,"Miao ethnic costumes, celebrated for rich diversity, intricate craftsmanship, and distinctive patterns, represent an important aspect of China’s cultural heritage and the broader realm of intangible cultural heritage. In response to the growing need for digital preservation, this study proposes a deep learning-based approach to recognise and document Miao costumes effectively. While traditional costume recognition methods face challenges such as high computational costs and limited analytical capacity, the YOLOv5s framework offers automatic feature extraction and improved scalability. However, its standard form struggles to adequately focus on critical visual features, reducing recognition performance accuracy. To overcome this, we introduce the YOLOv5s-SED model, which incorporates a Squeeze-and- Excitation (SE) attention mechanism and Deformable convolution (DCNv2) into YOLOv5s to enhance feature representation and improve the recognition of fine details. A dedicated dataset of 4,468 annotated images was compiled, and the model was refined through hyperparameter tuning and comparative experiments. The results demonstrate notable performance gains, with precision increasing from 97.1% to 97.6%, recall from 99.3% to 99.8%, and mean Average Precision (mAP) from 70.7% to 71.5%. These outcomes highlight the model’s strong generalisation ability in complex environments and its potential to support the digital preservation and promotion of Miao ethnic costumes.",2026,2026-05-05,article,,0,0,True,diamond,Industria Textila,journal,RUI GUO; TING CHEN; YAN HONG; Xianyi Zeng,Henan University of Engineering; Laboratoire Génie et Matériaux Textiles; Soochow University; École Nationale Supérieure des Arts et Industries Textiles,cn; fr,2,1,Generative Adversarial Networks and Image Synthesis; Face recognition and analysis; Aesthetic Perception and Analysis,Computer science; Representation (politics); Realm; Artificial intelligence; Ethnic group; Feature (linguistics); Cultural heritage; Feature extraction; Recall; Heuristics; Face (sociological concept); Focus (optics); Digitization; Hyperparameter; Promotion (chess); Facial recognition system; Precision and recall; Perception; Pattern recognition (psychology); Sociocultural evolution; Convolution (computer science); Indigenous; Sketch; Machine learning,,,deep learning,1,fr,v1,2026-08-13
https://openalex.org/W7131813627,https://doi.org/10.1007/s11042-026-21443-y,Open-vocabulary models for object detection and segmentation in visual art: survey and comparative study,"Abstract Objects present in paintings help art history specialists interpret and decode artworks. The analysis of large, digitized artistic collections became feasible thanks to modern object detection approaches. Nevertheless, the use of object detection models typically requires fine-tuning for specific tasks. Therefore, art history specialists remain constrained by the categories of objects in existing labeled artistic datasets when using artificial intelligence methods. This limitation can be overcome by using recent models that combine two modalities: vision and text. Vision-language models have made open-vocabulary detection (OVD) possible, allowing detection without restrictions on the applied categories, in contrast to fixed-vocabulary detection. Recent literature lacks a comprehensive review focusing on OVD in artistic images. In this paper we analyze state-of-the-art models for OVD, analyze their transferability to cultural heritage categories and systematically evaluate them on artistic datasets commonly used in literature. The DEArt and IconArt datasets, which are annotated with cultural heritage-specific categories contain paintings from the 11th to the 20th century. While the Watercolor2K dataset, annotated with common object categories consists of watercolor paintings. Based on our analysis, the OWLv2 model achieved the best performance in both object detection and grounding task scenarios on these datasets. Additionally, we discuss existing challenges of open-vocabulary segmentation in artistic images and future tasks.",2026,2026-02-28,article,en,0,100,True,hybrid,Multimedia Tools and Applications,journal,Tetiana Yemelianenko; Iuliia Tkachenko; Tess Masclef; Mihaela Scuturici; Serge Miguet,Centre National de la Recherche Scientifique; Institut National des Sciences Appliquées de Lyon; Lyon 1 Université; Université Lumière Lyon 2; École Centrale de Lyon,fr,1,0,Face Recognition and Perception; Visual Attention and Saliency Detection; Aesthetic Perception and Analysis,Computer science; Object detection; Artificial intelligence; Segmentation; Object (grammar); Painting; Transferability; Cultural heritage; Task (project management); Contrast (vision); Computer vision; Image segmentation; Machine learning; Benchmark (surveying); Cognitive neuroscience of visual object recognition; Pattern recognition (psychology); Image (mathematics); Cultural background,,,artificial intelligence,1,fr,v1,2026-08-13
https://openalex.org/W4403768678,https://doi.org/10.1016/j.procs.2024.10.215,Automatic Abstracting For Bibliographic Record Semantic Enrichment,"Cultural heritage institutions store and digitize large amounts of bibliographic data within archives to make records accessible to archivists, librarians, and the general public. However, cataloging standards vary from one archive to another, which limits the sharing and use of these data. To address this issue, it is necessary to work on multilingual bibliographic records and enrich them. This would help standardize and harmonize the information, facilitating interoperability between different databases and systems. Enriching multilingual bibliographic data is essential to open up and provide broader access to these resources, thereby enhancing the dissemination of cultural heritage and enabling more efficient use by an international audience. This paper proposes a new methodology built within the framework of the interdisciplinary ROSETTA project, dedicated to enrichment of multilingual Bibliographic Records for Transnational Works. To experiment with our approach, we select 30 transnational literary works that have been translated into 15 languages, including non-dominant languages. We aggregate multilingual bibliographic records for these works from various sources. We employ an Large language model(LLM) model to enrich these records by generating summaries of works and calculating the similarity between different translations. To ensure quality and accuracy, we had Mark Twain experts at Stanford University meticulously evaluate each summary for fidelity, clarity, and coherence, and received positive feedback highlighting their precision and ability to capture the essence of the original work.",2024,2024-01-01,conference-paper,en,0,34,True,diamond,Procedia Computer Science,journal,Nassreddine Znaidi; Amel Fraisse; Fadoua Ouamani,Manouba University; National Office of Mines; Université de Lille,fr; tn,2,1,Data Quality and Management; Semantic Web and Ontologies; Advanced Database Systems and Queries,Computer science; Information retrieval; World Wide Web; Natural language processing,,,large language model,1,fr,v1,2026-08-13
https://openalex.org/W4406461340,https://doi.org/10.1109/bigdata62323.2024.10826031,Scalable Sampling for High Utility Patterns,"Discovering valuable insights from data through meaningful associations is a crucial task. However, it becomes challenging when trying to identify representative patterns in quantitative databases, especially with large datasets, as enumeration-based strategies struggle due to the vast search space involved. To tackle this challenge, output space sampling methods have emerged as a promising solution thanks to its ability to discover valuable patterns with reduced computational overhead. However, existing sampling methods often encounter limitations when dealing with large quantitative database, resulting in scalability-related challenges. In this work, we propose a novel high utility pattern sampling algorithm and its on-disk version both designed for large quantitative databases based on two original theorems. Our approach ensures both the interactivity required for user-centered methods and strong statistical guarantees through random sampling. To demonstrate the interest of our approach, we present a compelling use case involving archaeological knowledge graph sub-profiles discovery. Experiments on semantic and none-semantic quantitative databases show that our approach outperforms the state-of-the art methods.",2024,2024-12-15,conference-paper,en,0,13,True,green,,,Lamine Diop; Marc Plantevit,École Pour l'Informatique et les Techniques Avancées,fr,1,0,Data Mining Algorithms and Applications; Advanced Database Systems and Queries; Machine Learning and Data Classification,Computer science; Scalability; Sampling (signal processing); Database; Telecommunications; Detector,,,knowledge graph,1,fr,v1,2026-08-13
https://openalex.org/W2615203283,https://doi.org/10.5194/isprs-archives-xlii-5-w1-357-2017,"COMPUTER VISION IN THE TEMPLES OF KARNAK: PAST, PRESENT &amp; FUTURE","Abstract. CFEETK, the French-Egyptian Center for the Study of the Temples of Karnak, is celebrating this year the 50th anniversary of its foundation. As a multicultural and transdisciplinary research center, it has always been a playground for testing emerging technologies applied to various fields. The raise of automatic computer vision algorithms is an interesting topic, as it allows nonexperts to provide high value results. This article presents the evolution in measurement experiments in the past 50 years, and it describes how cameras are used today. Ultimately, it aims to set the trends of the upcoming projects and it discusses how image processing could contribute further to the study and the conservation of the cultural heritage.",2017,2017-05-16,article,en,0,6,True,diamond,"The international archives of the photogrammetry, remote sensing and spatial information sciences/International archives of the photogrammetry, remote sensing and spatial information sciences",journal,V. Tournadre; C. Labarta; P. Megard; A. Garric; Émilie Saubestre; Bernard Durand,Archéologie et Histoire Ancienne : Méditerranée – Europe; Centre Franco-Égyptien d’Étude des Temples de Karnak; Centre National de la Recherche Scientifique,fr,1,0,3D Surveying and Cultural Heritage; Archaeological Research and Protection; Advanced Image and Video Retrieval Techniques,Cultural heritage; Foundation (evidence); Multiculturalism; Value (mathematics); Set (abstract data type); Center (category theory); Emerging technologies; Computer science; Visual arts; History; Artificial intelligence; Archaeology; Art; Political science; Law; Chemistry; Machine learning; Crystallography; Programming language,,,computer vision,1,fr,v1,2026-08-13
https://openalex.org/W4415537623,https://doi.org/10.1145/3746027.3762098,"SUMAC '25: 7th Workshop on analySis, Understanding and proMotion of heritAge Contents: Advances in Machine Learning, Signal Processing, Multimodal Techniques and Human-machine Interaction","SUMAC 2025 is the 7th edition of the workshop on analySis, Understanding and proMotion of heritAge Contents. It is held in Dublin, Ireland, on 27 October and is co-located with the 33rd ACM International Conference on Multimedia. The workshop's objective is to present and discuss the latest and most significant trends, challenges, and advances in the fields of machine learning, signal processing, multimodal techniques, and human-machine interaction. The workshop is dedicated to the valorization of cultural heritage, with an emphasis on unlocking and access to the big data of the past. A representative scope of Computer Science methodologies dedicated to the processing of multimedia heritage contents and their exploitation is covered by the works presented, with the ambition of advancing and raising awareness about this fully developing research field.",2025,2025-10-25,conference-paper,,0,0,False,closed,,,Valérie Gouet-Brunet; Edgar Román-Rangel; Li Weng,Instituto Tecnológico Autónomo de México; Université Gustave Eiffel; Zhejiang Financial College,cn; fr; mx,3,1,Computational Physics and Python Applications,Scope (computer science); Promotion (chess); Computer science; Cultural heritage; Data science; Big data; SIGNAL (programming language); Field (mathematics); Human–computer interaction; Emphasis (telecommunications); Emerging technologies; Engineering ethics; Multimedia; Engineering; World Wide Web,,,machine learning,1,fr,v1,2026-08-13
https://openalex.org/W4403222864,https://doi.org/10.1145/3689094.3696017,"SUMAC '24: 6th workshop on the analySis, Understanding and proMotion of heritAge Contents: Advances in Machine Learning, Signal Processing, Multimodal Techniques and Human-machine","SUMAC 2024 is the sixth edition of the workshop on analySis, Un- derstanding and proMotion of heritAge Contents. It is held in Mel- bourne, Australia, on 28 October and is co-located with the 32nd ACM International Conference on Multimedia. The workshop's objective is to present and discuss the latest and most significant trends, challenges and advances in the fields of machine learning, signal processing, multimodal techniques and human-machine in- teraction. The workshop is dedicated to the valorization of cultural heritage, with the emphasis on the unlocking of and access to the big data of the past. A representative scope of Computer Science methodologies dedicated to the processing of multimedia heritage contents and their exploitation is covered by the works presented, with the ambition of advancing and raising awareness about this fully developing research field.",2024,2024-10-08,conference-paper,en,0,0,False,closed,,,Valérie Gouet-Brunet; Ronak Kosti; Li Weng,Friedrich-Alexander-Universität Erlangen-Nürnberg; Université Gustave Eiffel; Zhejiang Financial College,cn; de; fr,3,1,Computational Physics and Python Applications,Computer science; Signal processing; Promotion (chess); Human–computer interaction; Digital signal processing; Computer hardware; Law; Political science; Politics,,,machine learning,1,fr,v1,2026-08-13
https://openalex.org/W4408632140,https://doi.org/10.3233/faia250205,How to Embed Large but Incomplete Knowledge Graphs in the Culture Heritage Sector: Lessons Learned from Odeuropa,"Classic machine learning tasks, such as clustering and link prediction, can be applied to Knowledge Graphs making used of the so-called graph embeddings, mathematical vector representations of the nodes present within the graph structure. Often, the data structure of Knowledge Graphs in Digital Humanities is at the same time versatile and complex, challenging the machine learning tasks. In this work, we compare algorithms on two different subgraphs extracted from a large knowledge graph developed in the cultural heritage domain: one is randomly selected while the other is built to maximise the triple density. Using the European Olfactory Knowledge Graph (EOKG) as use-case, we show that embedding dense subgraph can improve the performances of state-of-art algorithms.",2025,2025-03-17,book-chapter,en,0,0,True,green,Frontiers in artificial intelligence and applications,journal,Pasquale Lisena; Thibault Ehrhart; Raphaël Troncy,EURECOM,fr,1,0,Semantic Web and Ontologies,Computer science; Business; Knowledge management,,,machine learning; knowledge graph,2,fr,v1,2026-08-13
https://openalex.org/W4407929842,https://doi.org/10.1007/s11042-025-20699-0,GNNBoost: boosting artwork classification with graph embeddings,"Abstract The use of AI systems for managing large-scale cultural heritage artifacts has become possible due to the rise of digitization. To classify such content, machine learning is typically used, where contextual information is important to structure the data. One way to capture context is through a knowledge graph. In this study, we propose a newd graph neural networks, we can improve artwork classification by utilizing the relationships between entities of the knowledge graph. Our experiments demonstrate that this approach achieves state-of-the-art results on multiple classification tasks across three datasets (SemArt paintings, Buddha statues, and Ukiyo-e woodblock prints). Moreover, our approach is effective in dealing with unbalanced data and we explore the use of both graph attention mechanisms and focal loss functions.",2025,2025-02-25,article,en,0,34,True,hybrid,Multimedia Tools and Applications,journal,Cheikh Brahim El Vaigh; Noa García; Benjamin Renoust; Chenhui Chu; Yuta Nakashima; Yiming Qian; Hajime Nagahara,"Agency for Science, Technology and Research; Kyoto University; The University of Osaka; Université de Bourgogne",fr; jp; sg,3,1,Aesthetic Perception and Analysis; Generative Adversarial Networks and Image Synthesis; Image Retrieval and Classification Techniques,Computer science; Boosting (machine learning); Graph; Artificial intelligence; Machine learning; Theoretical computer science,,,machine learning; neural network; knowledge graph,3,fr,v1,2026-08-13
https://openalex.org/W7163997615,https://doi.org/10.1145/3748522.3779763,Using LLMs to Automate Schema Mappings for RDF Knowledge Graphs Construction,"Knowledge Graphs (KGs) are often produced through the semantic integration of heterogeneous data sources using a unified ontology. Schema mapping languages support this process by specifying the correspondences between source schemata and target ontologies; among them, the X3ML mapping definition language is widely used in domains, such as cultural heritage and biodiversity. However, creating schema mappings remains a manual and expertise-intensive task that limits large-scale integration. This paper investigates how Large Language Models (LLMs) can assist in automating the construction of schema mappings using X3ML. We present a benchmark built from real-world X3ML mappings and evaluate multiple prompting strategies across several LLMs. The results offer insights into the feasibility of using LLMs for schema mappings generation.",2026,2026-03-23,conference-paper,,0,6,True,gold,,,Yannis Marketakis; Milio Lintanff-Castel; Yannis Tzitzikas,Foundation for Research and Technology Hellas; University of Crete; Université Rennes 2; Université de Rennes,fr; gr,2,1,Semantic Web and Ontologies; Advanced Graph Neural Networks; Data Quality and Management,Computer science; Schema (genetic algorithms); Conceptual schema; RDF; Information retrieval; Natural language processing; Database schema; Linked data; Data integration; Artificial intelligence; Task (project management); Knowledge graph; Data modeling; Programming language; Process (computing); SPARQL; Semantic mapping; Data science; Semantic Web; Benchmark (surveying); Software engineering,,,knowledge graph; large language model,2,fr,v1,2026-08-13
https://openalex.org/W4316015551,https://doi.org/10.21203/rs.3.rs-2462359/v1,A geometric morphometric approach to testing discrete categories of backed flakes from recurrent centripetal core reduction,"Abstract Paleolithic lithic assemblages are usually dominated by flakes, which display a high degree of morphological variability. When analyzing Paleolithic lithic assemblages, it is common to classify flakes into categories based on their morphological and technological features, which are linked to the position of the flake in a reduction sequence and how removals are organized in a given production method. For the analysis of Middle Paleolithic lithic assemblages, two categories of flakes are commonly used: core edge flakes and pseudo-Levallois points. A third type, core edge flakes with a limited back, is also commonly found in the archaeological literature, providing an alternative category with a definition that does not match the two previous types but shares many of their morphological and technological features. The present study addresses whether these three flakes constitute discrete categories based on their morphological and technological attributes. Geometric morphometrics are employed on an experimental set composed of the three categories of flakes to quantify morphological variation. Machine learning models and principal components biplots are used to test the discreteness of the categories. The results indicate that geometric morphometrics succeed in capturing the morphological and technological features that characterize each type of product. Pseudo-Levallois points have the highest discreteness of the three technological products, and while some degree of mixture exists between core edge flakes and core edge flakes with a limited back, they are also highly distinguishable. We conclude that the three categories are discrete and can be employed in technological lists of products for the analysis of lithic assemblages and that geometric morphometrics is useful for testing for the validity of categories.",2023,2023-01-13,preprint,en,0,63,True,green,Research Square,repository,Guillermo Bustos‐Pérez; Brad Gravina; Michel Brenet; Francesca Romagnoli,"Centre National de la Recherche Scientifique; De la Préhistoire à l'Actuel : Culture, Environnement et Anthropologie; Universidad Autónoma de Madrid; Université de Bordeaux",es; fr,2,1,Pleistocene-Era Hominins and Archaeology; Morphological variations and asymmetry; Image Processing and 3D Reconstruction,Flake; Morphometrics; Lithic technology; Middle Paleolithic; Upper Paleolithic; Biplot; Core (optical fiber); Knapping; Artificial intelligence; Mathematics; Computer science; Archaeology; Geography; Biology; Zoology; Biochemistry; Genotype; Pleistocene; Fishery; Telecommunications; Gene,,,machine learning,1,fr,v1,2026-08-13
https://openalex.org/W4387969827,https://doi.org/10.1145/3581783.3610941,"SUMAC '23: 5th Workshop on the analySis, Understanding and proMotion of heritAge Contents: Advances in Machine Learning, Signal Processing, Multimodal Techniques and Human-machine Interaction","SUMAC 2023 is the fifth edition of the workshop on analySis, Understanding and proMotion of heritAge Contents. It is held in Ottawa, Canada on November 2, 2023 and is co-located with the 31st ACM International Conference on Multimedia. The workshop's objective is to present and discuss the latest and most significant trends, challenges and advances in the fields of machine learning, signal processing, multimodal techniques and human-machine interaction. The workshop is dedicated to the valorization of cultural heritage, with the emphasis on the unlocking of and access to the big data of the past. A representative scope of Computer Science methodologies dedicated to the processing of multimedia heritage contents and their exploitation is covered by the works presented, with the ambition of advancing and raising awareness about this fully developing research field. The complete SUMAC'23 workshop proceedings are available at: https://dl.acm.org/doi/proceedings/10.1145/3581783.3610949.",2023,2023-10-26,conference-paper,en,0,0,True,gold,,,Valérie Gouet-Brunet; Ronak Kosti; Li Weng,Université Gustave Eiffel; Zhejiang Financial College,cn; fr,2,1,3D Surveying and Cultural Heritage; Image Processing and 3D Reconstruction; Handwritten Text Recognition Techniques,Promotion (chess); Scope (computer science); Computer science; Cultural heritage; Field (mathematics); Big data; Artificial intelligence; Data science; Political science; Data mining; Mathematics; Programming language; Pure mathematics; Politics; Law,,,machine learning,1,fr,v1,2026-08-13
https://openalex.org/W7153882642,https://doi.org/10.1093/mnras/stag671,Global asteroseismology of 19 000 red giants in the <i>TESS</i> Continuous Viewing Zones,"ABSTRACT Transiting Exoplanet Survey Satellite (TESS) has produced long-term photometry for millions of stars across the sky. In this work, we present an asteroseismic catalogue of 19 151 red giants in the TESS Continuous Viewing Zones using sectors 1–87 (Years 1–7). We visually assessed the power spectra for oscillations, and then applied the computationally efficient nuSYD method to confirm reliability. We identified an increase of 80 per cent in the number of previously known oscillating red giants at a TESS magnitude $\gt$ 8. We determined the frequency of maximum power ($\nu _{\rm max}$) and the large frequency separation ($\Delta \nu$) using the pySYD pipeline, achieving typical precisions of 1.5 per cent and 1.0 per cent, respectively. We classified the stars into red giant branch (RGB) and Core Helium Burning (CHeB) classes using a convolutional neural network. Using spectroscopic data for 10 298 stars with reliable asteroseismic measurements, we have been able to measure stellar mass and radii with precisions of 7.5 per cent and 2.8 per cent, which is comparable to that from 4-yr Kepler data. A comparison of the seismic radii with Gaia radii shows excellent agreement. With 3 yr of TESS data, the asteroseismic parameters are precise enough to identify the RGB bump and delineate the Zero Age Helium Burning edge. Combined with astrometric data, these parameters reveal established trends across the Galactic plane, providing a valuable set of uniformly determined asteroseismic parameters for Galactic Archaeology.",2026,2026-04-09,article,en,0,0,True,gold,Monthly Notices of the Royal Astronomical Society,journal,K R Sreenivas; T. R. Bedding; D. Huber; Dennis Stello; Marc Hon; Claudia Reyes; Yaguang Li; Daniel Hey,Australian National University; Massachusetts Institute of Technology; Mount Stromlo Observatory; National University of Singapore; The University of Sydney; UNSW Sydney; University of Hawaii System; Université Bourgogne Franche-Comté,au; fr; sg; us,4,1,"Stellar, planetary, and galactic studies; Astronomy and Astrophysical Research; Educational Leadership and Practices",Asteroseismology; Physics; Exoplanet; Photometry (optics); Red giant; Stars; Astronomy; Astrophysics; Red-giant branch; Giant star; Red clump; Stellar evolution; Apparent magnitude; Jovian; Asymptotic giant branch; Spectral line; Subgiant; Magnitude (astronomy); Kepler; Spectral density; Stellar mass,,,neural network; convolutional,2,fr,v1,2026-08-13
https://openalex.org/W4301020725,https://doi.org/10.17605/osf.io/684y7,Teknik Pencocokan Citra dalam Fotogrametri untuk Dokumentasi Cagar Budaya,"AbstrakDewasa ini teknik pencocokan citra banyak dimanfaatkan dalam fotogrametri. Metode yang berasal dari ranah penglihatan komputer ini dapat mempermudah sejumlah tugas dalam fotogrametri yang sebelumnya harus dikerjakan secara manual. Fotogrametri sendiri merupakan teknik yang sering digunakan dalam dokumentasi cagar budaya dan arkeologi untuk menghasilkan model trimatra (3D). Fotogrametri dapat menjadi alternatif ataupun komplemen dari teknik pemindaian laser dalam menghasilkan model 3D yang akurat. Makalah ini bermaksud merangkum secara umum teknik pencocokan citra otomatis yang banyak digunakan di perangkat lunak fotogrametri modern, dengan menyertakan sejumlah contoh kasus untuk penggunaannya dalam rangka dokumentasi cagar budaya.Kata kunci: Pencocokan Citra, Fotogrametri, Cagar Budaya, Dokumentasi, Model 3D AbstractToday the image matching technique is used extensively in photogrammetry. This method, which originated from the computer vision domain, facilitates several tasks within the photogrammetric workflow which previously had to be performed manually. Photogrammetry itself is a technique which is often employed in the documentation of heritage as well as archaeology in order to create 3D models. Photogrammetry can be an alternative or a complement to laser scanning in producing accurate and reality-based 3D models. This paper will summarize the state of the art of the image matching technique often used in modern photogrammetry software packages. Several case studies of its use in the area of heritage documentation will also be presented.Keywords: Image Matching, Photogrammetry, Heritage, Documentation, 3D Model",2017,2017-01-01,preprint,id,0,276,True,green,INA-Rxiv (OSF Preprints),repository,Arnadi Murtiyoso; Deni Suwardhi,"Laboratoire des Sciences de l'Ingénieur, de l'Informatique et de l'Imagerie",fr,1,0,3D Surveying and Cultural Heritage; Computer Science and Engineering; Image Processing and 3D Reconstruction,Photogrammetry; Humanities; Computer science; Art; Artificial intelligence,,,computer vision,1,fr,v1,2026-08-13
https://openalex.org/W4313594387,,"D2.4: Methods for interlinking knowledge graphs (V1.0) », European Commission, Grant Agreement number: 101004746 — Polifonia — H2020-SC6-TRANSFORMATIONS-2018-2019-2020 / H2020-SC6- TRANSFORMATIONS-2020","One of the key missions of the Polifonia project is to build and interlink knowledge graphs of European musical cultural heritage. These interconnected music knowledge graphs act as a data backbone for the project. This deliverable is centred around one of the ten Polifonia pilots: INTERLINK. The INTERLINK pilot is not bound to a specific institutional dataset, collection or use case; but rather summarises the common needs of all pilots of representing their data as music knowledge graphs, and finding meaningful connections among them. Existing work in the relevant areas of knowledge engineering, knowledge graph construction, and knowledge graph interlinking is promising but presents a number of pitfalls in its direct application to Polifonia from the point of view of achieving this knowledge graph building and interlinking:(a) existing knowledge engineering methodologies do not account for “in-between” knowledge graph construction processes that are not fully distributed nor local; (b) in an integrated vision of European musical cultural heritage through knowledge graphs, both musical content and its ’context’ or metadata need to co-exist; and (c) no current techniques address the issue of finding missing links between different music knowledge graphs at scale, accounting for this co-existence of musical content and context in the same knowledge graph.This deliverable describes our efforts, particularly gathered in Polifonia’s WP2 and Task T2.3, in addressing these challenges, delivering: (a) a scalable methodology for knowledge graph construction that is well suited for the project and sits in-between the two classic extremes of ontology engineering; (b) a music knowledge graph construction framework that leverages modules of the Polifonia Ontology Network and the SPARQL Anything tool; and (c) a music knowledge graph interlinking framework, based on both heuristics and neural network-based link prediction through music knowledge graph embeddings. The latter two are evaluated in two different use-cases, the ChoCo-KG chord annotation knowledge graph, and the MIDI2vec music knowledge graph interlinking method, with encouraging results.",2022,2022-01-01,report,en,0,0,False,closed,HAL (Le Centre pour la Communication Scientifique Directe),repository,Albert Meroño-Peñuela; Jacopo de Berardinis; Fiorela Ciroku; Valentina Anita Carriero; Christophe Guillotel­-Nothmann,Bibliothèque Nationale de France; King's College London; University of Bologna,fr; gb; it,3,1,Data Quality and Management; Scientific Research and Philosophical Inquiry; linguistics and terminology studies,European commission; Commission; Computer science; Political science; Business; European union; Law; International trade,,,neural network; knowledge graph,2,fr,v1,2026-08-13
https://openalex.org/W4389370715,https://doi.org/10.21203/rs.3.rs-3646159/v1,A machine learning approach to Nemrut Dağ and Bingöl Obsidians: non-invasive and non-destructive geochemical analyses for provenance source of Tulūl al Baqarat tools (Iraq),"Abstract A machine learning approach to Nemrut Dağ and Bingöl geological obsidians was performed to determine the provenance of source material of nine obsidian blades from the archaeological site of Tulūl al Baqarat (Iraq). Obsidians tools have been chemically analysed with a non-invasive and non-destructive approach by a low vacuum SEM-EDS microprobe for determining major and minor elements and by a bench-to-top micro-XRF for trace elements. To identify the supply volcanic complex which produced the blocks from which they were knapped, a geochemical identification of Turkish obsidian sources, from the volcano to the artefact samples, was carried out introducing the use of the machine learning approach as exhaustive discriminative approach with complementary well-known geochemical comparisons and Principal Component Analysis. Obsidian tools show a rather homogeneous comendite and peraluminous rhyolite composition with an high Zr amount which excludes most obsidian outcrops in Turkish and Armenian volcanic sites as original obsidian sources. However, only using a machine learning approach to major, minor and trace elements, the obsidian tools have resulted geochemically comparable to Nemrut Dağ mild alkaline rhyolitic obsidians from pre-caldera eruptions, and now outcropping inside the caldera and in Sicaksu exposure. This source provenance from Nemrut Dağ stratovolcano in South-eastern Turkey, located near the Turkish route of the Tigris River, supports the evidence of a network of trade and broad exchange since 4th Millennium from Turkey and the South Near East, presumably through the basins of the Tigris and Euphrates to the shores of the Persian Gulf.",2023,2023-12-06,preprint,en,0,55,True,green,Research Square,repository,G. Vaggelli; Roberto Cossio; Alessandro Borghi; Carlo Lippolis,Institut des Géosciences de l'Environnement; Institute of Geosciences and Earth Resources; University of Turin,fr; it,2,1,Archaeology and ancient environmental studies; Cultural Heritage Materials Analysis; Geochemistry and Geologic Mapping,Caldera; Rhyolite; Geology; Provenance; Volcano; Outcrop; Geochemistry; Volcanic rock; Archaeology; Geography,,,machine learning,1,fr,v1,2026-08-13
https://openalex.org/W7139934800,https://doi.org/10.63744/e978p947mfxt,Conceptual Modeling of European Silk Heritage with the SILKNOW Data Model and Extension,"Silk holds significant historical importance in European history, fostering economic growth, innovation in weaving techniques, and the creation of exceptional artifacts. Despite the conservation efforts of numerous institutions, silk heritage remains at risk due to its fragile nature. This paper outlines the methodology employed by the Horizon 2020 SilkNow project aimed at enhancing the promotion and preservation of silk-related cultural heritage collections. We present the development of a CIDOC CRM-based data model for the creation of a comprehensive knowledge graph. We also introduce the SilkNow extension, designed to encapsulate the intricate semantics associated with the production processes of silk fabrics. Our results demonstrate the potential of Semantic Web technologies in safeguarding and enriching the visibility of silk heritage through improved data interoperability and accessibility.",2024,2024-08-01,article,en,0,0,True,diamond,Digital humanities quarterly,journal,Marie Puren; Pierre Vernus,Université Lumière Lyon 2,fr,1,0,Silk-based biomaterials and applications; Semantic Web and Ontologies; Image Processing and 3D Reconstruction,Interoperability; Cultural heritage; Safeguarding; Computer science; Data science; Conceptual model; Weaving; Semantics (computer science); Data model (GIS); Data modeling; SILK; Visibility; Industrial heritage; Semantic interoperability; Promotion (chess); Knowledge management; Semantic Web; Metamodeling; Extension (predicate logic); Horizon; World Wide Web; Cultural heritage management; Engineering; Exhibition; Open data,,,knowledge graph,1,fr,v1,2026-08-13
https://openalex.org/W4296998810,https://doi.org/10.5194/epsc2022-507,EXPLORE - Innovative Scientific Data Exploration and Exploitation Applications for (Planetary) Space Sciences&amp;#160;,"&amp;lt;p&amp;gt;&amp;lt;strong&amp;gt;Introduction&amp;lt;/strong&amp;gt;&amp;lt;/p&amp;gt; &amp;lt;p&amp;gt;In this contribution we present the EXPLORE Horizon 2020 Research &amp;amp; Innovation project and the new tools and services it is providing to promote scientific exploitation of planetary and astrophysical data. EXPLORE's main objective is to develop and deploy a suite of scientific data applications (SDAs, aka Apps) for Lunar exploration and Gaia. EXPLORE is placed in a broader landscape of open science platforms and initiatives such as the European Open Science Cloud [1]. Our ambition is to support and accelerate space science exploration and exploitation with open data and open science.&amp;lt;/p&amp;gt; &amp;lt;p&amp;gt;&amp;lt;strong&amp;gt;EXPLORE platform&amp;lt;/strong&amp;gt;&amp;lt;/p&amp;gt; &amp;lt;p&amp;gt;To support the development, testing, and demonstration of the SDAs we set-up a virtual platform, https://explore-platform.eu which, in addition to running SDAs for users, also has a space browser to easily find data from selected planetary missions (see Figures below). The final goal is to deploy the SDAs, under open-source licences, on different cloud science platforms where and when possible (e.g. ESA Datalabs [2] and ESCAPE Science Analysis Platform [3]) to stimulate uptake and sustainability of both SDAs and these platforms. The EXPLORE platform could also be used, as a bespoke (application agnostic) service, by research groups / institutions.&amp;lt;/p&amp;gt; &amp;lt;p&amp;gt;&amp;lt;img src=&amp;quot;&amp;quot; alt=&amp;quot;&amp;quot; width=&amp;quot;850&amp;quot; height=&amp;quot;476&amp;quot; /&amp;gt;&amp;lt;/p&amp;gt; &amp;lt;p&amp;gt;&amp;lt;img src=&amp;quot;&amp;quot; alt=&amp;quot;&amp;quot; width=&amp;quot;851&amp;quot; height=&amp;quot;519&amp;quot; /&amp;gt;&amp;lt;/p&amp;gt; &amp;lt;p&amp;gt;&amp;lt;strong&amp;gt;Scientific Data Applications&amp;lt;/strong&amp;gt;&amp;lt;/p&amp;gt; &amp;lt;p&amp;gt;Within EXPLORE six scientific data applications (SDAs) produce new scientific data products and offer new scientific services. Two applications integrate data from a range of lunar missions to focus on characterisation of the Moon&amp;amp;#8217;s surface and potential human landing sites. The other four applications leverage data primarily from Gaia, developing tools to study the evolution of our galaxy (stellar archaeology), interstellar dust clouds, and support the discovery, classification, and characterisation of stars. The SDAs utilise state-of-the-art machine learning and visual analytics to further enhance scientific return and discovery potential of space science missions.&amp;lt;/p&amp;gt; &amp;lt;p&amp;gt;&amp;lt;strong&amp;gt;Our SDAs (Apps)&amp;lt;/strong&amp;gt;&amp;lt;/p&amp;gt; &amp;lt;p&amp;gt;The six (initial) SDAs, from Lunar, stellar to Galactic science are summarised as follows (proto-types on https://explore-platform.eu):&amp;lt;/p&amp;gt; &amp;lt;ul&amp;gt; &amp;lt;li&amp;gt;L-Explo is a service that aims to be complementary to existing initiatives such as Moon Trek [4], QuickMap [5], and Orbital Data Explorer [6]. We focused it on supporting large scale lunar mapping in a 2/2.5D environment. The backend access and queries the ingested higher-level lunar data through WMS standards and custom processing APIs.&amp;lt;/li&amp;gt; &amp;lt;li&amp;gt;L-Hex focusses on the smaller scale Lunar features that are of interest to local, (human and robotic) exploration, with visualisations extending to 3D. Backend is common to L-Explo. See also [9].&amp;lt;/li&amp;gt; &amp;lt;li&amp;gt;S-Phot reconstructs stellar spectral energy distributions (SEDs) by collating archival photometric surveys, from UV to infrared, including the Gaia (e)DR3 to derive accurate stellar properties for a wide range of applications such as finding stars with blue or red excess, studying stellar clusters, characterising exoplanet host stars, etc.&amp;lt;/li&amp;gt; &amp;lt;li&amp;gt;S-Disco brings a new dimension to exploring large spectroscopic, photometric, and astrometric data sets and particularly to the discovery of unusual, anomalous objects, and finding similar objects, through providing new representations and visualisations of higher dimensionality data with machine learning.&amp;lt;/li&amp;gt; &amp;lt;li&amp;gt;G-Tomo is an application that serves a set of public 3D tomography cubes with different extents / spatial resolutions [7]. It allows to create different visualisations (currently 1D profiles, 2D slices and 3D volume contours) of the galactic interstellar dust cloud distribution (up to 10 kpc extent).&amp;lt;/li&amp;gt; &amp;lt;li&amp;gt;G-Arch is a sophisticated tool to infer stellar parameters and abundances (Teff, logg, [alpha/H], [Fe/H], etc) from stellar spectra (based on the Matisse software [8]) and providing a suite of visualisations and machine learning analysis functionalities.&amp;lt;/li&amp;gt; &amp;lt;/ul&amp;gt; &amp;lt;p&amp;gt;&amp;lt;strong&amp;gt;Concluding statement&amp;lt;/strong&amp;gt;&amp;lt;/p&amp;gt; &amp;lt;p&amp;gt;EXPLORE&amp;amp;#8217;s ambition is to support and accelerate space science exploration and exploitation with open data and open science. The lunar SDAs are timely in light of the 50&amp;lt;sup&amp;gt;th&amp;lt;/sup&amp;gt; year celebration of the last humans to set foot on the Moon (11 December 2022) and the global renewed interest to visit our celestial sister. The &amp;amp;#8220;Gaia&amp;amp;#8221; SDAs are also timely with the Gaia DR3 release and the additional data it brings over the earlier eDR3.&amp;lt;/p&amp;gt; &amp;lt;p&amp;gt;&amp;lt;strong&amp;gt;Acknowledgments&amp;lt;/strong&amp;gt;&amp;lt;/p&amp;gt; &amp;lt;p&amp;gt;This project has received funding from the European Union&amp;amp;#8217;s Horizon 2020 research and innovation programme under grant agreement No 101004214.&amp;lt;/p&amp;gt; &amp;lt;p&amp;gt;&amp;lt;strong&amp;gt;References&amp;lt;/strong&amp;gt;&amp;lt;/p&amp;gt; &amp;lt;p&amp;gt;[1]&amp;amp;#160;Pasian et al. (2020), &amp;lt;em&amp;gt;What can Open Clouds do for Astronomy? Interaction between the ASTERICS and EOSC Projects&amp;lt;/em&amp;gt;, ADASS XXVII, 522, 707&amp;lt;/p&amp;gt; &amp;lt;p&amp;gt;[2] Arviset et al. (2021), &amp;lt;em&amp;gt;ESA Datalabs: Towards a collaborative e-science platform for ESA,&amp;lt;/em&amp;gt; LPI Contributions, 2549, 7014.&amp;lt;/p&amp;gt; &amp;lt;p&amp;gt;[3] Allen et al. (2020), &amp;lt;em&amp;gt;ESCAPE &amp;amp;#8211; addressing Open Science challenges&amp;lt;/em&amp;gt;, arXiv:2012.11534&amp;lt;/p&amp;gt; &amp;lt;p&amp;gt;[4]&amp;amp;#160;Law et al. (2021), &amp;lt;em&amp;gt;Feature detector on the Moon Trek Portal&amp;lt;/em&amp;gt;, EPSC2021-151, doi:10.5194/epsc2021-151&amp;lt;/p&amp;gt; &amp;lt;p&amp;gt;[5] &amp;lt;em&amp;gt;QuickMap help&amp;lt;/em&amp;gt;, https://docs.quickmap.io&amp;lt;/p&amp;gt; &amp;lt;p&amp;gt;[6] Wang et al. (2021), Planetary data search with PDS geosciences node&amp;amp;#8217;s Orbital Data Explorer, LPI Contributions, 2549, 7025&amp;lt;/p&amp;gt; &amp;lt;p&amp;gt;[7] Lallement et al. (2022), &amp;lt;em&amp;gt;Updated Gaia-2MASS 3D maps of Galactic interstellar dust&amp;lt;/em&amp;gt;, arXiv:2203.01627&amp;lt;/p&amp;gt; &amp;lt;p&amp;gt;[8] Recio-Blanco et al. (2006), &amp;lt;em&amp;gt;Automated derivation of stellar atmospheric parameters and chemical abundances: the MATISSE algorithm&amp;lt;/em&amp;gt;, MNRAS, 370, 141&amp;lt;/p&amp;gt; &amp;lt;p&amp;gt;[9] Cox et al. (2022), EXPLORE &amp;amp;#8211; Innovative Scientific Data Exploration and Exploitation Applications for Space Sciences &amp;amp;#8211; The lunar case, 6th Planetary Science Informatics and Data Analytics Conference 2022.&amp;lt;/p&amp;gt;",2022,2022-09-23,conference-abstract,en,1,0,True,gold,,,N. L. J. Cox; Angelo Pio Rossi; Giacomo Nodjoumi; D. Poznanski; Yarden Eilat-Bloch; A. Recio–Blanco; A. A. Zijlstra; Iain McDonald; Manuela Rauch; Vedran Sabol; Anita Heward; Giovanni Corrato; Andree Genot; J. Bernard‐Salas; Antoine Mangin,Constructor University; Know Center Research GmbH (Austria); Observatoire de la Côte d’Azur; Tel Aviv University; The Open University; University of Manchester,at; de; fr; gb; il,5,1,Scientific Computing and Data Management; Research Data Management Practices; Distributed and Parallel Computing Systems,Bespoke; Cloud computing; Suite; Data science; Computer science; Leverage (statistics); Citizen science; Space exploration; Cyberinfrastructure; Open data; Space (punctuation); Provisioning; Astronomer; Sustainability; Space Science; Deliverable; Focus (optics); Engineering; Scientific instrument; AKA; Open research; Systems engineering; Raw data; Grand Challenges,,,machine learning,1,fr,v1,2026-08-13
https://openalex.org/W4393900295,https://doi.org/10.1111/1365-2656.14061,<i>Journal of Animal Ecology</i> in 2023: Looking back and looking forward,"We want to start by acknowledging that 2023 was a tough year for many of us in many ways, as well as the billions of people who have likely never heard of the Journal of Animal Ecology. Against the backdrop of recent tragedies, throughout 2023, Journal of Animal Ecology has continued to publish the best fundamental research in animal ecology to underpin understanding and protecting species and their natural settings. Given what else was going on in the world, it does seem a bit odd to write about what happened to Journal of Animal Ecology in 2023, but for those of us for whom it was possible, doing our research, writing, and reading papers, even editing and reviewing papers, all likely served as a respite. So what did Journal of Animal Ecology get up to in 2023? Early in the year, we co-organized a cross-journal special feature on Leveraging Natural History Collections to ask questions about global change biology. Associate Editor Alison Davis Rabosky and Natalie Cooper, Senior Editor at Methods in Ecology and Evolution, deserve a special round of applause for shepherding this special feature to the finish line. One major outcome of this special feature was that many of the authors convened at the Natural History Museum in London (thanks again to Natalie for organizing!) for a symposium to highlight the findings published in the Special Feature. The major theme that emerged from both the Special Feature and the symposium was that natural history collections can and should be leveraged to address a whole host of questions about the response of biodiversity to ongoing global change, but our community of ecologists could do a better job of singing the praises of natural history collections and museums. We also participated in another Special Feature, this time with Functional Ecology, on the Mechanisms and Consequences of Infection-induced Phenotypes. Another special feature (this one joint with Methods in Ecology and Evolution) focused on Contemporary Methods for Studying Animal Sociality in the Wild. Looking ahead, three other special features are accumulating submissions as we speak, and we look forward to publishing them in 2024: One on Marine Heatwaves; one on Global Energy Transition: ecological impact, mitigation, and restoration; and one on Intraspecific Variation in Ecology and Evolution. These special features really highlight what Journal of Animal Ecology is increasingly focused on: fundamental aspects of the ecology of animals, but also important, timely and emerging issues. Our internal data demonstrate that these special features attract increased attention to the papers we publish, and, to be honest, they are just really fun to organize and promote. So if you have any ideas for special features, please do get in touch! This year, we also published one of the journal's most read articles since 2020! The paper by Koger et al. (2023; deCastro-Arrazola et al., 2023) entitled ‘Quantifying the movement, behaviour and environmental context of group-living animals using drones and computer vision’ has been read over 7000 times since its publication, putting it in the top 2% of all papers published since 2020. This Research Methods Guide paper was also a part of the Special Feature on Active Remote Sensing for Ecology and Ecosystem Conservation. The article provides an important new development in how we monitor and protect the social fabric of animal societies at a larger scale than previously possible, thus enabling better conservation of animal well-being. The paper itself also highlights a main front in animal ecology research: the usage of novel technology to tackle classical questions. We welcome more submissions at this interface—and as ever, if you would like to discuss proposals, get in touch with our Commissioning Editor, Rob Salguero-Gómez. In addition to publishing papers on everything from the functional ecology of dung beetles (deCastro-Arrazola et al., 2023) and global variation in nest cup size of passerine birds (Vanadzina et al., 2023) to the thermal physiology of urban ants (Youngsteadt et al., 2023), we recruited 19 new associate editors through an open call to our Editorial Board. Journal of Animal Ecology is proud of the diversity reflected among our Associate Editors, especially the fact that we have achieved and maintained gender parity on our Editorial Board (currently 49F:41M), but we also recognize we must work to continue to attract, and attract more, research on the ecology of animals from all corners of the earth, and across all tips of the phylogenetic tree of animals, from honeybees (Hasenjager et al., 2024) to killer whales (Remili et al., 2023), and anything in between. We also continued our long tradition of celebrating the work published in Journal of Animal Ecology. We awarded the 2022 Elton Prize for best original research published in the journal by an early career researcher to Pablo Augusto P. Antiqueira for the research article ‘Warming and top predator loss drive direct and indirect effects on multiple trophic groups within and across ecosystems’ (Antiqueira et al., 2022). The shortlisted papers for the Elton Award exemplify the breadth and depth of what Journal of Animal Ecology publishes: There were papers about robot frogs (Caldart et al., 2022), interaction networks (Parra et al., 2022) and latitudinal gradients and range-expanding species (Jones et al., 2022). We also awarded the Sidnie Manton Award to Ellis-Soto et al. (2021) for their paper entitled ‘A methodological roadmap to quantify animal-vectored spatial ecosystem subsidies’ which lays out a framework for thinking about how animals influence the structure, function and connection of ecosystems via deposition of nutrient subsidies. The Sidnie Manton Award aims to inspire early career researchers working on any aspect of animal ecology to publish review or synthesis papers. We also published 51 blog posts, in both English, Spanish, Portuguese, Hebrew and Swahili (thanks Julie Sheard and Beth Preston). In fact, it was a record year for the blog: There were 23,114 visits to the blog from 180 countries. One new initiative that we are really excited about and led the launch of is Key Concepts in Ecology, a series of reading lists designed to help ecologists learn about some of the key topics in ecology, with examples from papers published by Journal of Animal Ecology and our sister journals in the BES. We know that many folks use the primary literature in courses or want to point interested students to papers published in the peer-reviewed literature on what you lecture. Go take a look for yourself here and see if you can implement any of the papers in your courses, or learn about a concept that you might not be familiar with. So, we are proud of our work (and your work!) in 2023. But what are we most looking forward to in 2024? Journal of Animal Ecology has been publishing work that has shaped the field since 1932, and continues to do so. We also continue to push the frontiers of the field into new areas and highlight new technologies. Two forthcoming special features point to Journal of Animal Ecology's focus on the future while not forgetting about the past: One special feature in the works focuses on the growing field of macrosystems ecology and while another will revisit some of Charles Elton's seminal work published in Journal of Animal Ecology. (As an aside, one of us, NJS, would like to note that there were two papers by Elton in the first issue of Journal of Animal Ecology, both on ants!). We are also beginning to draft out something on what Animal Ecology, the field, not the journal, actually is. Of course, it is anything to do with the ecology of animals, but it seems that there is sometimes a perception that Animal Ecology, or at least the Journal of Animal Ecology, focuses purely on something affecting the animals, say, for example, how predators affect population dynamics of prey or how climate affects phenotypes. But we are increasingly publishing papers on how animals affect the ecosystems they are embedded in rather than simply respond to changes in the environment (e.g. Ellis-Soto et al., 2021; Ferraro et al., 2023; Grant et al., 2022; McCary & Schmitz, 2021; Swain et al., 2023). Understanding the ecology of animals, across temporal, spatial and evolutionary scales is more important now than likely ever before. And we learn about the ecology of animals by the work you submit to our journal. We are of course as excited as ever to see what you submit to our Journal, and to continue to work with you to get the best research in animal ecology published! Though it takes time to collect the data, analyse the data, write the manuscript, submit the manuscript, review the manuscript and revise the manuscript, we feel it is time well spent.",2024,2024-04-01,article,en,1,17,True,hybrid,Journal of Animal Ecology,journal,Nathan J. Sanders; Roberto Salguero‐Gómez; Darren M. Evans; Jean‐Michel Gaillard; Lesley T. Lancaster,Centre National de la Recherche Scientifique; Laboratoire de Biométrie et Biologie Evolutive; Lyon 1 Université; Newcastle University; Oxford Spires Academy; Science Oxford; University of Aberdeen; University of Michigan,fr; gb; us,3,1,Wildlife Ecology and Conservation; Rangeland and Wildlife Management; Species Distribution and Climate Change,Ecology; Geography; Biology,,,computer vision,1,fr,v1,2026-08-13
https://openalex.org/W4386969967,https://doi.org/10.31449/inf.v47i3.4785,A Hybrid Deep Learning Approach to Keyword Spotting in Vietnamese Stele Images,"In order to access the rich cultural heritage conveyed in Vietnamese steles, automatic reading of stone engravings would be a great support for historians, who are analyzing tens of thousands of stele images. Approaching the challenging problem with deep learning alone is difficult because the data-driven models require large representative datasets with expert human annotations, which are not available for the steles and costly to obtain. In this article, we present a hybrid approach to spot keywords in stele images that combines data-driven deep learning with knowledge-based structural modeling and matching of Chu Nom characters. The main advantage of the proposed method is that it is annotation-free, i.e. no human data annotation is required. In an experimental evaluation, we demonstrate that keywords can be successfully spotted with a mean average precision of more than 70% when a single engraving style is considered.",2023,2023-08-29,article,en,0,33,True,diamond,Informatica,journal,Anna Scius-Bertrand; Marc Bui; Andreas Fischer,HES-SO Fribourg; University of Fribourg; École Pratique des Hautes Études,ch; fr,2,1,Handwritten Text Recognition Techniques; Image Processing and 3D Reconstruction; Image Retrieval and Classification Techniques,Stele; Computer science; Deep learning; Artificial intelligence; Annotation; Vietnamese; Reading (process); Matching (statistics); Information retrieval; Natural language processing; History; Linguistics; Statistics; Ancient history; Mathematics; Philosophy,,,deep learning,1,fr,v1,2026-08-13
https://openalex.org/W7129690227,https://doi.org/10.17882/112204,Exploring the submerged valley of lake Guerlédan using multibeam echosounder watercolumn data and a deep learning network - neural network weigths,"Guerlédan Lake is a large artificial reservoir located in central Brittany (France) created by flooding a valley and its associated infrastructures. As a consequence, the water column contains a wide variety of natural and anthropogenic targets, including submerged trees, buildings, and hydraulic structures such as old locks on the former river (Blavet). Because the lake depth varies in time (hydroelectric dam), these submerged obstructions sometimes represent a significant risk for surface and underwater navigation safety. Besides, their detection is of high interest for underwater archaeology and for automatic analysis of fishery echosounders data (fish schools versus trees). To detect these targets a Kongsberg EM2040C multibeam echosounder was mounted on ENSTA hydrographic survey vessel Mélité to acquire bathymetric and water-column data on the lake. Its very high ping rates in shallow waters (40 m deep) generate an extremely large dataset, making manual interpretation time-consuming, which motivates the development of automated detection approaches based on deep learning algorithms. We apply the YOLOv5 object detection framework to the water-column dataset. The aim is to detect acoustic signatures associated with trees and anthropogenic structures' echoes, to situate them geographically and also enable their subsequent three-dimensional representation to estimate their spreading in the water column. This dataset contains models that have been trained to detect obstructions (such as trees, houses and old locks) in different areas of Guerlédan Lake (Pouldu, Caurel and Kergoff). The neural networks are named after their training, validation and testing sets. For example, the C_K_P network was trained using the Caurel dataset for the training set, validated using the Kergoff dataset, and tested using the Pouldu dataset. Inference code (YOLOv5 with G3D files) is available on github repository.",2026,2026-01-01,dataset,,0,0,True,green,Open MIND,repository,Tyméa Perret; Irène Mopin; Hugues Moreau,Geo-Ocean; Ifremer; Laboratoire des Sciences et Techniques de l’Information de la Communication et de la Connaissance,fr,1,0,,Echo sounding; Bathymetry; Underwater; Hydrography; Geology; Artificial neural network; Flooding (psychology); Deep learning; Remote sensing; Deep water; Hydrographic survey; Geophysical survey; Bathymetric chart; Artificial intelligence; Cartography; Sonar; Water column; Hydrology (agriculture); Natural (archaeology); Representation (politics); Waves and shallow water; High resolution,,,deep learning; neural network,2,fr,v1,2026-08-13
https://openalex.org/W7168091752,https://doi.org/10.5281/zenodo.21320321,AI-Enabled Digital Transformation and Inclusive Tourism Development: The Role of Inbound Tour Operators in Coastal Karnataka,"Abstract The tourism sector is experiencing a paradigm shift through the integration of Artificial Intelligence (AI), digital technologies, and smart tourism innovations. Inbound tour operators serve as vital intermediaries, connecting domestic and international tourists with destinations by facilitating travel planning, marketing, and service coordination. In Coastal Karnataka—renowned for its beaches, cultural heritage, temples, eco-tourism, and rural tourism potential—AI-enabled digital transformation offers opportunities to enhance accessibility, operational efficiency, and inclusive development. This conceptual paper investigates how inbound tour operators leverage AI technologies to advance inclusive tourism development and proposes a framework linking AI adoption, digital transformation, service innovation, tourist satisfaction, and sustainable outcomes. The study contributes to tourism scholarship by illustrating how technology-driven ecosystems can foster sustainable and inclusive regional growth within India’s evolving digital economy.",2026,2026-06-30,article,en,0,0,True,green,Zenodo (CERN European Organization for Nuclear Research),repository,Virendra Channur; V Janardhan Babu,Department of Commerce; International School of Management,au; fr,2,1,Diverse Aspects of Tourism Research; AI in Service Interactions; Digital Marketing and Social Media,Tourism; Business; Digital transformation; Sustainable tourism; Leverage (statistics); Tourism geography; Co-creation; Marketing; Destinations; Service (business); Sustainability; Ecotourism; Conceptual framework; Tourist destinations; Leapfrogging; Knowledge management; Service innovation; Sustainable development; Scholarship; Geography; Regional science; Rural tourism; Environmental resource management; Digital economy; Information and Communications Technology; Digital ecosystem; Transformative learning; Economic geography; Conceptual model,,,artificial intelligence,1,fr,v1,2026-08-13
https://openalex.org/W7168081169,https://doi.org/10.5281/zenodo.21320320,AI-Enabled Digital Transformation and Inclusive Tourism Development: The Role of Inbound Tour Operators in Coastal Karnataka,"Abstract The tourism sector is experiencing a paradigm shift through the integration of Artificial Intelligence (AI), digital technologies, and smart tourism innovations. Inbound tour operators serve as vital intermediaries, connecting domestic and international tourists with destinations by facilitating travel planning, marketing, and service coordination. In Coastal Karnataka—renowned for its beaches, cultural heritage, temples, eco-tourism, and rural tourism potential—AI-enabled digital transformation offers opportunities to enhance accessibility, operational efficiency, and inclusive development. This conceptual paper investigates how inbound tour operators leverage AI technologies to advance inclusive tourism development and proposes a framework linking AI adoption, digital transformation, service innovation, tourist satisfaction, and sustainable outcomes. The study contributes to tourism scholarship by illustrating how technology-driven ecosystems can foster sustainable and inclusive regional growth within India’s evolving digital economy.",2026,2026-06-30,article,en,0,0,True,green,Zenodo (CERN European Organization for Nuclear Research),repository,Virendra Channur; V Janardhan Babu,Department of Commerce; International School of Management,au; fr,2,1,Diverse Aspects of Tourism Research; AI in Service Interactions; Digital Marketing and Social Media,Tourism; Business; Digital transformation; Sustainable tourism; Leverage (statistics); Tourism geography; Co-creation; Marketing; Destinations; Service (business); Sustainability; Ecotourism; Conceptual framework; Tourist destinations; Leapfrogging; Knowledge management; Service innovation; Sustainable development; Scholarship; Geography; Regional science; Rural tourism; Environmental resource management; Digital economy; Information and Communications Technology; Digital ecosystem; Transformative learning; Economic geography; Conceptual model,,,artificial intelligence,1,fr,v1,2026-08-13
https://openalex.org/W4387802439,https://doi.org/10.1109/igarss52108.2023.10282901,Reconstruction of the Snow Cover at High Spatial Resolution Since 1985: an Image Emulation Approach for Training a Deep Learning Model without Reference Data,"Multi-decade time series of the snow cover area are typically derived from low resolution sensors such as MODIS (20 years, 500 m) or AVHRR (35 years, 1 km) and fail to capture the high spatial variability of mountain snowpack [1] , [2] . The vast Landsat archive (Landsat 5-8), with an image of the same location captured every 16 days at 30 m spatial resolution since 1984 remains largely untapped in European mountains. In addition, the recent initiative by the French Space Agency (CNES) to release in the public domain the full collection of SPOT 1-5 images with the SPOT World Heritage (SWH) program [3] provides a unique opportunity to densify the Landsat time series from 1986 to 2015 with thousands of 20 m resolution multispectral images, [4] .",2023,2023-07-16,conference-paper,en,0,9,False,closed,,,Zacharie Barrou Dumont; Simon Gascoin; Jordi Inglada,"Centre National de la Recherche Scientifique; Centre d'Études Spatiales de la Biosphère; Institut National de Recherche pour l'Agriculture, l'Alimentation et l'Environnement; Institut de Recherche pour le Développement; Université Toulouse III - Paul Sabatier",fr,1,0,Cryospheric studies and observations; Climate change and permafrost; Landslides and related hazards,Multispectral image; Snowpack; Remote sensing; Snow; Image resolution; Training (meteorology); Snow cover; Emulation; Computer science; Cartography; Geography; Meteorology; Artificial intelligence; Economic growth; Economics,,,deep learning,1,fr,v1,2026-08-13
https://openalex.org/W2612749051,,La photogrammétrie rapprochée au service de l'archéologie préventive,"The development of digital cameras, the computational power of computers, photogrammetry and computer vision research has led to the recent emergence of operational solutions for building automatically 3D models from shooting multiple overlays (stereoscopic multi).For example, taking the ""good"" photos, it is now possible to achieve in a few hours of calculation and a few minutes of operator interaction, rigorous ortho-photos that, there a few years have asked for days restitution. These methods are starting to be widespread among some in the heritage survey (architects or archaeologists) and an economy even starting to build around 3D modeling services.However, these methods are far from being fully accepted by the majority of potential users. Among the brakes associated with the dissemination of these techniques to the scientific heritage, ignorance of the rules of photographic acquisition to take optimum advantage of modeling tools per photo.The objective of this thesis is to do a job transfer and accompany the actual world of technology tools and IT to the users in the field of heritage. More specifically, the theme chosen for application is that of preventive archeology, in which the constraints of budget and timetable for the completion of excavations make it particularly interesting methods identified by photograph.Our work has focused exclusively on the development of photogrammetric methods from acquiring reliable and lightweight image protocols and treatments for each stage of the calculation chain.The choice to treat a particular type of object in the context of our work is independent of any classification of the many specialties of archeology, but is instead linked to a methodological framework, preferring multiply experimental protocols documentation rather small artifacts that diversify the type remains to be documented. Beyond the case of small artifacts, the issues raised by the documentation of an archaeological dig as a site ""living"" were also partially addressed. Survey methods capable of recording exhaustively all objects discovered while linking to a particular stratigraphy have indeed been studied",2016,2016-06-20,other,fr,0,0,True,green,theses.fr (ABES),repository,Mariam Samaan,Laboratoire d'Optique Appliquée,fr,1,0,3D Surveying and Cultural Heritage; Advanced Image and Video Retrieval Techniques; Archaeological Research and Protection,Humanities; Art; Political science,,,computer vision,1,fr,v1,2026-08-13
https://openalex.org/W4302560652,https://doi.org/10.1002/9781394163908.ch12,Medical Imaging,"This chapter reviews the contribution of digital technology used in medical imaging, health sector, m-health, military robotics, mobiquity, massively open online courses (MOOCs) and museums. Digital technology virtually tears down the walls of hospital structures and instigates new organizational procedures, reconfigures architectural designs and transforms care. On the side of the health professional, the recent successes of artificial intelligence are bringing to light a new category of liability regimes. These new liability regimes do not arise from the actions of the professionals themselves, but from potential damages arising by self-generated developments by the machine beyond its initial programming. The museum approach aims to understand how mediation is constructed in exhibition spaces, how the practices, behaviors and uses of visitors are changed by the digitization of heritage and how the museum institution deals with it. The aim is to build knowledge in relation to the thematic knowledge of the different routes.",2022,2022-08-26,reference-entry,en,0,13,False,closed,,,Marie Cauli; Jean‐Pierre Pruvo,Université d'Artois; Université de Lille,fr,1,0,Artificial Intelligence in Healthcare and Education; Radiology practices and education,Digitization; Mediation; Exhibition; Liability; Damages; Health care; Digital transformation; Cultural heritage; Knowledge management; Computer science; Engineering; Business; Political science; Visual arts; World Wide Web; Law; Art; Telecommunications,,,artificial intelligence,1,fr,v1,2026-08-13
https://openalex.org/W7163317343,https://doi.org/10.5281/zenodo.20448152,ECHOES Evaluation Framework (D9.1),"This document lays out the groundwork for the Cloud Assessment Framework that ECHOES is developing to support the continuous assessment of the European Collaborative Cloud for Cultural Heritage (ECCCH). As the first deliverable on evaluation, it represents an initial step in an iterative and collaborative effort that will be expanded and refined as the project progresses. Later deliverables, together with the associated wiki, will further specify indicators, data sources, roles, procedures, and supporting tools. The document defines the purpose, scope, and overall approach of evaluation as a continuous activity that supports both quality assurance and evaluation-informed governance as the ECCCH evolves into a sustainable, long-term ecosystem. It identifies the ECCCH resources to be assessed and organizes them into resource categories, including data and knowledge graph resources, semantic resources, software, infrastructure and services, community-oriented services, and AI-enabled resources. For each category, it outlines a set of evaluation dimensions aligned with the nature of the resource, combining technical, user-oriented, and sustainability perspectives. To support future implementation, the deliverable also presents examples of assessment instruments, such as standards, checklists, questionnaires, and software-based tools, and introduces a preliminary set of candidate indicators.",2026,2026-05-01,article,en,0,0,True,green,Zenodo (CERN European Organization for Nuclear Research),repository,"Carlos Andújar; Victor Piñón; Imanol Muñoz Pandiella; Cadevall, Lydia; Alexandra Sicobean; Sam Habibi Minelli; Anna Puhr; Rémi Petitcol; Yannick Pflanzer",Austrian National Library; FORTH Institute of Electronic Structure and Laser; Fondation Maison des Sciences de l'Homme; Fondation des Sciences du Patrimoine; Fraunhofer-Gesellschaft; Socionext (Japan); Universitat Politècnica de Catalunya,at; de; es; fr; gr; jp,6,1,Conservation Techniques and Studies; Research Data Management Practices; Libraries and Information Services,Deliverable; Computer science; Cloud computing; Set (abstract data type); Resource (disambiguation); Sustainability; Quality assurance; Data science; Process management; Data quality; Quality (philosophy); Graph; Knowledge management; Management science; Systems engineering; Semantic Web; Best practice; Engineering; Multidisciplinary approach; Corporate governance; Quality assessment; Software engineering; Data governance; Cultural heritage; Interoperability; Data sharing; Data mining; Impact assessment; Workflow; Quality management; Data set,,,knowledge graph,1,fr,v1,2026-08-13
https://openalex.org/W7163412456,https://doi.org/10.5281/zenodo.20448153,ECHOES Evaluation Framework (D9.1),"This document lays out the groundwork for the Cloud Assessment Framework that ECHOES is developing to support the continuous assessment of the European Collaborative Cloud for Cultural Heritage (ECCCH). As the first deliverable on evaluation, it represents an initial step in an iterative and collaborative effort that will be expanded and refined as the project progresses. Later deliverables, together with the associated wiki, will further specify indicators, data sources, roles, procedures, and supporting tools. The document defines the purpose, scope, and overall approach of evaluation as a continuous activity that supports both quality assurance and evaluation-informed governance as the ECCCH evolves into a sustainable, long-term ecosystem. It identifies the ECCCH resources to be assessed and organizes them into resource categories, including data and knowledge graph resources, semantic resources, software, infrastructure and services, community-oriented services, and AI-enabled resources. For each category, it outlines a set of evaluation dimensions aligned with the nature of the resource, combining technical, user-oriented, and sustainability perspectives. To support future implementation, the deliverable also presents examples of assessment instruments, such as standards, checklists, questionnaires, and software-based tools, and introduces a preliminary set of candidate indicators.",2026,2026-05-01,article,en,0,0,True,green,Zenodo (CERN European Organization for Nuclear Research),repository,"Carlos Andújar; Victor Piñón; Imanol Muñoz Pandiella; Cadevall, Lydia; Alexandra Sicobean; Sam Habibi Minelli; Anna Puhr; Rémi Petitcol; Yannick Pflanzer",Austrian National Library; FORTH Institute of Electronic Structure and Laser; Fondation Maison des Sciences de l'Homme; Fondation des Sciences du Patrimoine; Fraunhofer-Gesellschaft; Socionext (Japan); Universitat Politècnica de Catalunya,at; de; es; fr; gr; jp,6,1,Conservation Techniques and Studies; Research Data Management Practices; Libraries and Information Services,Deliverable; Computer science; Cloud computing; Set (abstract data type); Resource (disambiguation); Sustainability; Quality assurance; Data science; Process management; Data quality; Quality (philosophy); Graph; Knowledge management; Management science; Systems engineering; Semantic Web; Best practice; Engineering; Multidisciplinary approach; Corporate governance; Quality assessment; Software engineering; Data governance; Cultural heritage; Interoperability; Data sharing; Data mining; Impact assessment; Workflow; Quality management; Data set,,,knowledge graph,1,fr,v1,2026-08-13
https://openalex.org/W2981206537,https://doi.org/10.1145/3347317.3357243,Pseudo-Cyclic Network for Unsupervised Colorization with Handcrafted Translation and Output Spatial Pyramids,"We present a novel pseudo-cyclic adversarial learning approach for unsupervised colorization of grayscale images. We investigate the use of a non-trainable, lightweight and well-defined Handcrafted Translation to enforce the generation of realistic images and replace one of the two deep convolutional generative adversarial neural networks classically used in cyclic models. Additionally, we propose to use Output Spatial Pyramids to jointly constrain the deep latent spaces of an encoder-decoder generator to preserve spatial structures and improve the quality of the generated images. We demonstrate the interest of our approach compared with the state of the art on standard datasets (paintings, landscapes, aerial, thumbnails) that we modified for the purpose of colorization. We evaluate colorization quality of the generated images along the training with deterministic and reproducible criteria. In complement, we demonstrate the ability of our method to generate representations that are prone to make a classification network generalize well to slightly different color spaces. We believe our approach has potential applications in arts and cultural heritage to produce alternative representations without requiring paired data.",2019,2019-10-15,conference-paper,en,0,52,False,closed,,,Rémi Ratajczak; Carlos Crispim-Junior; Béatrice Fervers; Élodie Faure; Laure Tougne,Centre Léon Bérard; Laboratoire d'Informatique en Images et Systèmes d'Information; Lyon 1 Université,fr,1,0,Generative Adversarial Networks and Image Synthesis; Advanced Vision and Imaging; Computer Graphics and Visualization Techniques,Computer science; Thumbnail; Artificial intelligence; Generator (circuit theory); Deep learning; Grayscale; Translation (biology); Pattern recognition (psychology); Semantics (computer science); Adversarial system; Encoder; Convolutional neural network; Image translation; Image (mathematics); Computer vision; Power (physics); Biochemistry; Programming language; Quantum mechanics; Physics; Chemistry; Messenger RNA; Operating system; Gene,,,neural network; convolutional,2,fr,v1,2026-08-13
https://openalex.org/W4404531226,,Vers un environnement numérique collaboratif pour l'analyse multimodale du comportement de structures,"Evaluating the stability of built structures and understanding their structural behavior are critical for shaping their resilience. Heritage buildings present unique challenges in structural diagnosis due to the complexity and diversity of techniques employed throughout their lifecycle. However, interdisciplinary collaboration between Cultural Heritage and Architecture, Engineering, and Construction fields faces obstacles from the heterogeneity of produced information. This often results in linear, disconnected diagnostic processes instead of iterative and integrated ones.This study proposes linking structural diagnostic information and processes using a knowledge graph built on Semantic Web technologies. Its development follows a dual methodological approach: reusing the CIDOC CRM ontology via ontological patterns and defining a system architecture to manage and preserve this information.The study focuses on combining visual inspection data, such as masonry deterioration, with mechanical simulation results using the Discrete Element Method to support decision-making during diagnosis and restoration strategy design. This approach is applied to the structural diagnosis of Notre-Dame de Paris' buttressing system, demonstrated through a proof-of-concept.",2024,2024-06-19,conference-paper,en,0,0,False,closed,HAL (Le Centre pour la Communication Scientifique Directe),repository,Antoine Gros,Centre National de la Recherche Scientifique; Laboratoire d’Ingénierie des Systèmes Physiques et Numériques; Modèles et simulations pour l'Architecture et le Patrimoine,fr,1,0,Agriculture and Rural Development Research,Computer science,,,knowledge graph,1,fr,v1,2026-08-13
https://openalex.org/W4394893918,,Evolution morphologique et écologique des Rongeurs sud-africains : pour une meilleure connaissance des paléoenvironnements des Hominines anciens,"At the end of the Pliocene and the beginning of the Pleistocene in South Africa, climate changes leading to progressive aridification of the environment favored the establishment of new habitats. This period also corresponds to the emergence of new hominin taxa, suggesting that climatic and environmental changes played a significant role in the morphological and behavioural evolution of the human lineage. The fossiliferous karsts of the 'Cradle of Humankind,' located in the Gauteng province, have provided a rich and well-preserved sequence of fossils that shed light on the evolution of fauna and environments over the past three million years. Among this fossil record, rodents are particularly abundant and serve as excellent palaeoenvironmental indicators, providing local climate data complementing other biological and geological proxies. However, the fossil microfauna of the 'Cradle of Humankind' has received limited attention compared to studies on larger mammals. This situation, partly explained by difficulties in identifying species and a lack of ecological data for many taxa, highlights the limitations of traditional palaeontological study methods. This thesis explores new approaches for palaeoclimatic and palaeoenvironmental reconstructions using micromammal remains, combining classical microfaunal analyses with artificial intelligence and geometric morphometric tools. Initially, the bone assemblages of micro- and mesomammals from the Cooper's D and Swartkrans sites were studied with a triple systematic, taphonomic, and palaeoecological approach. A biochronology method based on Mystromys molars suggests an age for the microfaunal assemblage of Swartkrans Member 3 prior to the radiometric dates obtained from sediment and bovid teeth. To refine the understanding of climatic conditions during the Pleistocene, a new machine learning-based climate inference method was developed and applied to various African Quaternary assemblages to reconstruct the climatic niches occupied by Pleistocene African hominins. Finally, a study of the role of climatic factors in shaping the morphological and functional diversity of current rodent communities across the entire African continent was conducted using geometric morphometric analysis methods. The detection of significant spatial patterns offers promising prospects for the study and palaeoecological interpretation of fossil communities found in archaeological and palaeontological contexts.",2023,2023-12-08,dissertation,en,0,0,False,closed,HAL (Le Centre pour la Communication Scientifique Directe),repository,Pierre Linchamps,"Histoire Naturelle des Humanités Préhistoriques; Institut de Systématique, Évolution, Biodiversité",fr,1,0,Pleistocene-Era Hominins and Archaeology; Evolution and Paleontology Studies; Morphological variations and asymmetry,Diversity (politics); Geography; Paleontology; Quaternary; Fauna; Evolutionary biology; Geology; Biology; Ecology; Anthropology; Sociology,,,artificial intelligence; machine learning,2,fr,v1,2026-08-13
https://openalex.org/W4226509746,https://doi.org/10.5281/zenodo.5783085,MELHISSA: a multilingual entity linking architecture for historical press articles,"Digital libraries have a key role in cultural heritage as they provide access to our culture and history by indexing books and historical documents (newspapers and letters). Digital libraries use natural language processing (NLP) tools to process these documents and enrich them with meta-information, such as named entities. Despite recent advances in these NLP models, most of them are built for specific languages and contemporary documents that are not optimized for handling historical material that may for instance contain language variations and optical character recognition (OCR) errors. In this work, we focused on the entity linking (EL) task that is fundamental to the indexation of documents in digital libraries. We developed a Multilingual Entity Linking architecture for HIstorical preSS Articles that is composed of multilingual analysis, OCR correction, and filter analysis to alleviate the impact of historical documents in the EL task. The source code is publicly available. Experimentation has been done over two historical documents covering five European languages (English, Finnish, French, German, and Swedish). Results have shown that our system improved the global performance for all languages and datasets by achieving an F-score@1 of up to 0.681 and an F-score@5 of up to 0.787.",2021,2021-12-15,article,en,0,0,True,green,Zenodo (CERN European Organization for Nuclear Research),repository,Elyvs Linhares Pontes; Luis Adrián Cabrera-Diego; José G. Moreno; Emanuela Boroş; Ahmed Hamdi; Antoine Doucet; Nicolas Sidère; Mickaël Coustaty,Institut Polytechnique de Bordeaux; Institut de Recherche en Informatique de Toulouse; La Rochelle Université; Université Toulouse - Jean Jaurès; Université Toulouse III - Paul Sabatier; Université Toulouse-I-Capitole,fr,1,0,Digital Humanities and Scholarship; Semantic Web and Ontologies,Architecture; Linguistics; Computer science; History; Philosophy; Archaeology,,,natural language processing,1,fr,v1,2026-08-13
https://openalex.org/W4415741354,https://doi.org/10.24072/pcjournal.647,Convolutional neural networks and outline analyses for archaeobotanical studies of domestication and subspecific identification,"The identification of archaeological fruits and seeds is crucial for understanding the relationships between humans and plants within the cultural and biological history of both wild and cultivated species. We compared the relative performance of a deep learning approach, namely convolutional neural networks (CNN), and outline analyses via geometric morphometrics using elliptical Fourier transforms (EFT) at identifying pairs of plant taxa. We used their seeds and fruit stones that are the most abundant organs in archaeobotanical assemblages, and whose morphological identification, chiefly between wild and domesticated types, allows to document their domestication and biogeographical history. We used existing modern datasets of four plant taxa (barley, olive, date palm and grapevine) corresponding to photographs of two orthogonal views of their seeds that were analysed separately to offer a larger spectrum of shape diversity. Sample sizes ranged from 473 to 1,769 seeds per class, which constitute a relatively small dataset for training CNNs models yet typical within archaeobotanical research. On these eight datasets, we compared the performance of CNN and EFT coupled with linear discriminant analyses. Our objectives were twofold: i) to test whether CNN can beat geometric morphometrics in taxonomic identification and if so, ii) to test which minimal sample size is required. We ran simulations on the full datasets and also on subsets, starting from 50 images in each binary class. For the CNN network, we deliberately used a candid approach relying on pre-parameterised VGG19 network. For EFT, we used a state-of-the art morphometrical pipeline. The main difference rests in the data used by each model: our CNN used bare photographs where EFT used outline coordinates. This “pre-distilled” geometrical description of seed outlines is often the most time-consuming part of morphometric studies. Results show that our CNN beats EFT in most cases, even for very small datasets. We finally discuss the potential of CNNs for archaeobotany, and how bioarchaeological studies could embrace both approaches, used in a complementary way, to better assess and understand the past history of species.",2025,2025-10-31,article,en,0,58,True,diamond,Peer Community Journal,journal,Vincent Bonhomme; Laurent Bouby; Julien Claude; Camille Dham; Muriel Gros‐Balthazard; Sarah Ivorra; Angèle Jeanty; Clémence Pagnoux; Thierry Pastor; Jean‐Frédéric Terral; Allowen Evin,"Archéozoologie et Archéobotanique; Centre National de la Recherche Scientifique; Centre de Coopération Internationale en Recherche Agronomique pour le Développement; Chulalongkorn University; Diversité, adaptation et développement des plantes; Institut de Recherche pour le Développement; Institut des Sciences de l'Evolution de Montpellier; Structure et Instabilité des Génomes; Université de Montpellier; École Pratique des Hautes Études",fr; th,2,1,Morphological variations and asymmetry; Archaeology and ancient environmental studies; Plant Diversity and Evolution,Morphometrics; Domestication; Convolutional neural network; Identification (biology); Artificial intelligence; Taxon; Pattern recognition (psychology); Linear discriminant analysis; Biology; Artificial neural network; Sample (material); A priori and a posteriori; Evolutionary biology; Computer science; Paleoethnobotany; Biological classification; Shape analysis (program analysis); Trait; Taxonomy (biology); Species identification; Taxonomic rank; Range (aeronautics); Plant identification; Deep learning,,,deep learning; neural network; convolutional,3,fr,v1,2026-08-13
https://openalex.org/W7130870899,https://doi.org/10.5281/zenodo.18723021,The Digital Dilemma: Maharashtra's Tourism at the Crossroads of Innovation and Heritage,"The rapid integration of digital technologies into tourism governance has changed how heritage is produced, consumed, and understood. In Maharashtra, the push for Smart Tourism and Tourism 4.0 under the Maharashtra Tourism Policy 2024 shows a strategic effort to meet global standards through the use of artificial intelligence (AI), virtual reality (VR), augmented reality (AR), and immersive visualization tools. While these initiatives improve accessibility, conservation, and visitor engagement, they also create significant cultural tension. This study calls this tension the Digital Dilemma. This study explores the conflict between technology and cultural authenticity in Maharashtra’s heritage tourism sector. It argues that relying too much on visually appealing digital content can weaken intangible cultural heritage. This includes oral traditions, performance histories, and community stories. Algorithmic erasure, where complex histories are simplified for mass consumption, is a major concern. Using primary data from tourists, local guides, and cultural practitioners, along with secondary policy and literature analysis, this study examines whether digital innovation helps cultural sustainability or sidelines the traditional guardians of heritage. The findings suggest that while digital tools can improve experiences, they often fail to preserve historical depth and narrative richness. This study ultimately recommends a hybrid interpretation framework that mixes digital innovation with community-led storytelling, prioritizing cultural integrity in smart tourism development.",2026,2026-01-31,article,,0,0,True,green,Zenodo (CERN European Organization for Nuclear Research),repository,Shravani Anil Sole; Kirti Singh Thakur,Maison des Sciences de l'Homme,fr,1,0,Diverse Aspects of Tourism Research; Museums and Cultural Heritage; Cultural Heritage Management and Preservation,Tourism; Visitor pattern; Cultural heritage; Tourism geography; Interpretation (philosophy); Sustainability; Public relations; Heritage tourism; Narrative; Cultural tourism; Political science; Business; Corporate governance; Industrial heritage; Digital content; Sociology; Virtual reality; Augmented reality; Cultural heritage management; Marketing; Co-creation; Knowledge management; Public policy; Ecotourism; Digital economy; Information and Communications Technology; Consistency (knowledge bases); Digital goods; Workflow; Nation branding,,,artificial intelligence,1,fr,v1,2026-08-13
https://openalex.org/W7161836150,https://doi.org/10.5281/zenodo.20312522,TOTh 2026 Terminology & Ontology: Theories and Applications / Book of Abstracts,"This volume contains the Book of Abstracts of TOTh 2026 – Terminology & Ontology: Theories and Applications, the 20th anniversary edition of the longest-running international conference dedicated to terminology. The conference will take place on 4–5 June 2026 at Université Savoie Mont-Blanc, France, and online. The Book of Abstracts presents the contributions selected for TOTh 2026. The programme covers current research in terminology, ontology, translation, corpus linguistics, natural language processing, knowledge engineering, semantic technologies, digital humanities, cultural heritage, and artificial intelligence. It includes the opening talk by Danielle Candel (CNRS, Université Paris Cité), titled “On the 20th Anniversary of the TOTh Conference,” as well as papers and posters addressing theoretical, methodological, and applied perspectives on terminology and ontological modelling. TOTh 2026 is chaired by Christophe Roche (University of Crete & Université Savoie Mont-Blanc). The organizing committee consists of Maria Papadopoulou (University of Crete), Silvia Piccini (Italian National Research Council), and Rafail Giannadakis (University of Crete). The conference is organized by the University of Crete – TALOS AI for SSH project, with the support of the University of Crete, Université Savoie Mont-Blanc – Polytech Annecy Chambéry, and Ass.I.Term – Associazione Italiana per la Terminologia. Conference website: https://toth.condillac.org/ Conference programme: https://toth.condillac.org/wp-content/uploads/2026/04/TOTh_2026_Program_En.pdf Licenced under CC BY-NC-SA 4.0; https://creativecommons.org/licenses/by-nc-sa/4.0/",2026,2026-05-20,conference-paper,enc,0,0,True,green,Zenodo (CERN European Organization for Nuclear Research),repository,Christophe Roche; Μαρία Παπαδοπούλου; Silvia Piccini; Rafail Giannadakis,Consorzio Roma Ricerche; University of Crete; Université Savoie Mont Blanc,fr; gr; it,3,1,,Terminology; Library science; Media studies; Sociology; Göran; Operations research; Style (visual arts); Artificial intelligence; Art history; Engineering; George (robot),,,artificial intelligence; natural language processing,2,fr,v1,2026-08-13
https://openalex.org/W7130829549,https://doi.org/10.5281/zenodo.18723020,The Digital Dilemma: Maharashtra's Tourism at the Crossroads of Innovation and Heritage,"The rapid integration of digital technologies into tourism governance has changed how heritage is produced, consumed, and understood. In Maharashtra, the push for Smart Tourism and Tourism 4.0 under the Maharashtra Tourism Policy 2024 shows a strategic effort to meet global standards through the use of artificial intelligence (AI), virtual reality (VR), augmented reality (AR), and immersive visualization tools. While these initiatives improve accessibility, conservation, and visitor engagement, they also create significant cultural tension. This study calls this tension the Digital Dilemma. This study explores the conflict between technology and cultural authenticity in Maharashtra’s heritage tourism sector. It argues that relying too much on visually appealing digital content can weaken intangible cultural heritage. This includes oral traditions, performance histories, and community stories. Algorithmic erasure, where complex histories are simplified for mass consumption, is a major concern. Using primary data from tourists, local guides, and cultural practitioners, along with secondary policy and literature analysis, this study examines whether digital innovation helps cultural sustainability or sidelines the traditional guardians of heritage. The findings suggest that while digital tools can improve experiences, they often fail to preserve historical depth and narrative richness. This study ultimately recommends a hybrid interpretation framework that mixes digital innovation with community-led storytelling, prioritizing cultural integrity in smart tourism development.",2026,2026-01-31,other,,0,0,True,green,Open MIND,repository,Shravani Anil Sole; Kirti Singh Thakur,Maison des Sciences de l'Homme,fr,1,0,Diverse Aspects of Tourism Research; Museums and Cultural Heritage; Cultural Heritage Management and Preservation,Tourism; Visitor pattern; Cultural heritage; Tourism geography; Interpretation (philosophy); Sustainability; Public relations; Heritage tourism; Narrative; Cultural tourism; Political science; Business; Corporate governance; Industrial heritage; Digital content; Sociology; Virtual reality; Augmented reality; Cultural heritage management; Marketing; Co-creation; Knowledge management; Public policy; Ecotourism; Digital economy; Information and Communications Technology; Consistency (knowledge bases); Digital goods; Workflow; Nation branding,,,artificial intelligence,1,fr,v1,2026-08-13
https://openalex.org/W4415993539,https://doi.org/10.1080/15583058.2025.2586029,A Semi-Automatic Annotation Methodology for Photogrammetric Images of Heritage Buildings,"Heritage Building Information Modelling (H-BIM) plays an increasing role in the Cultural Heritage sector. However, a key challenge persists in the Scan-to-BIM, the process of transforming point cloud data into usable models. Recent advancements in machine learning have enhanced the Scan-to-BIM, particularly by enabling more efficient 3D point cloud processing through semantic segmentation. In addition to methods based on the direct segmentation of 3D point clouds, there are also indirect approaches that rely on the intermediate segmentation of images representative of the 3D scene. However, their development remains limited due to the need for large datasets, which are currently unavailable for images of historical buildings and whose creation requires labour-intensive manual operations. This study introduces a semi-automated annotation technique to reduce per-pixel image annotation time by projecting manually assigned labels from 3D point clouds onto 2D images. The generated images can then support the training of image-based semantic segmentation models, which can then be integrated into multi-view or projection-based strategies for transferring the results back into 3D space. When compared to manual annotation and existing semi-automatic tools, our procedure, applied to selected case studies, yielded significant quantitative improvements in evaluation metrics such as Global Accuracy and Intersection over Union.",2025,2025-11-07,article,en,0,36,False,closed,International Journal of Architectural Heritage,journal,Eugenio Pellis; Andrea Masiero; Michele Betti; Grazia Tucci; Pierre Grussenmeyer,Centre National de la Recherche Scientifique; Institut National des Sciences Appliquées de Strasbourg; University of Florence; University of Padua; Université de Strasbourg,fr; it,2,1,3D Surveying and Cultural Heritage; Remote Sensing and LiDAR Applications; Robotics and Sensor-Based Localization,Point cloud; Computer science; Segmentation; USable; Annotation; Cultural heritage; Intersection (aeronautics); Process (computing); Photogrammetry; Point (geometry); Artificial intelligence; Image segmentation; Key (lock); Computer vision; Semantics (computer science); Automatic image annotation; Image (mathematics); Image processing; Information retrieval; Semantic annotation; 3d model; Cloud computing,,,machine learning,1,fr,v1,2026-08-13
https://openalex.org/W7161815909,https://doi.org/10.5281/zenodo.20312523,TOTh 2026 Terminology & Ontology: Theories and Applications / Book of Abstracts,"This volume contains the Book of Abstracts of TOTh 2026 – Terminology & Ontology: Theories and Applications, the 20th anniversary edition of the longest-running international conference dedicated to terminology. The conference will take place on 4–5 June 2026 at Université Savoie Mont-Blanc, France, and online. The Book of Abstracts presents the contributions selected for TOTh 2026. The programme covers current research in terminology, ontology, translation, corpus linguistics, natural language processing, knowledge engineering, semantic technologies, digital humanities, cultural heritage, and artificial intelligence. It includes the opening talk by Danielle Candel (CNRS, Université Paris Cité), titled “On the 20th Anniversary of the TOTh Conference,” as well as papers and posters addressing theoretical, methodological, and applied perspectives on terminology and ontological modelling. TOTh 2026 is chaired by Christophe Roche (University of Crete & Université Savoie Mont-Blanc). The organizing committee consists of Maria Papadopoulou (University of Crete), Silvia Piccini (Italian National Research Council), and Rafail Giannadakis (University of Crete). The conference is organized by the University of Crete – TALOS AI for SSH project, with the support of the University of Crete, Université Savoie Mont-Blanc – Polytech Annecy Chambéry, and Ass.I.Term – Associazione Italiana per la Terminologia. Conference website: https://toth.condillac.org/ Conference programme: https://toth.condillac.org/wp-content/uploads/2026/04/TOTh_2026_Program_En.pdf Licenced under CC BY-NC-SA 4.0; https://creativecommons.org/licenses/by-nc-sa/4.0/",2026,2026-05-20,conference-paper,enc,0,0,True,green,Zenodo (CERN European Organization for Nuclear Research),repository,Christophe Roche; Μαρία Παπαδοπούλου; Silvia Piccini; Rafail Giannadakis,Consorzio Roma Ricerche; University of Crete; Université Savoie Mont Blanc,fr; gr; it,3,1,,Terminology; Library science; Media studies; Sociology; Göran; Operations research; Style (visual arts); Artificial intelligence; Art history; Engineering; George (robot),,,artificial intelligence; natural language processing,2,fr,v1,2026-08-13
https://openalex.org/W7130388924,https://doi.org/10.1007/978-3-032-08726-3_12,Exhibiting Contemporary Artworks Co-produced with Artificial Intelligence,,2026,2026-01-01,book-chapter,en,0,9,False,closed,Lecture notes in morphogenesis,book series,Aluminé Rosso,Lyon 1 Université; University of Liège,be; fr,2,1,"Art, Technology, and Culture; Aesthetic Perception and Analysis; Ethics and Social Impacts of AI",Performative utterance; Exhibition; Materiality (auditing); Contemporary art; Semiotics; Performativity; Interpretation (philosophy); Aesthetics; Visual arts; Sociology; Generative grammar; Art methodology; Sculpture; Painting; Art; Digital media; Order (exchange); Style (visual arts); Anthropology of art; Digital art; Art world; Space (punctuation); New media; Photography,,,artificial intelligence,1,fr,v1,2026-08-13
https://openalex.org/W7166106790,https://doi.org/10.1016/b978-0-443-45513-1.00008-5,"Modern technology application in ethnoscience: machine learning, digital tools, and sustainability",,2026,2026-01-01,book-chapter,en,0,83,False,closed,Elsevier eBooks,ebook platform,Dilshith A. Kabeer; W. Vinu; N. K. Ashif Ali; V.C. Fuad; P. M. Ajmal; Hassane Zouhal,Pondicherry University; Université Rennes 2,fr; in,2,1,"Indigenous Knowledge Systems and Agriculture; Nutrition, Genetics, and Disease; Diverse Musicological Studies",Sustainability; Scope (computer science); Traditional knowledge; Mainstream; Knowledge management; Indigenous; Cloud computing; Engineering ethics; Business; Sustainable agriculture; Engineering; Sustainable development; Cultural diversity; Health care; Big data; Information technology; Food processing; Knowledge-based systems; Sociology; Developing country; Digital divide; Environmental resource management; Political science; Food security; Emerging technologies; Sustainability science,,,machine learning,1,fr,v1,2026-08-13
https://openalex.org/W4393623492,https://doi.org/10.5281/zenodo.6940891,TAXREF-LD: Knowledge Graph of the French taxonomic registry,"TAXREF-LD is a Linked Data knowledge graph representing TAXREF, the French national taxonomical register for fauna, flora and fungus, that covers mainland France and overseas territories. TAXREF-LD is a joint initiative of the UMS Patrinat of the National Museum of Natural History, and the I3S laboratory, University Côte d'Azur, Inria, CNRS. Homepage: https://github.com/frmichel/taxref-ld/",2022,2022-07-29,dataset,en,0,0,True,green,Zenodo (CERN European Organization for Nuclear Research),repository,Franck Michel; Catherine Faron Zucker; Sandrine Tercerie; Olivier Gargominy,Institut national de recherche en sciences et technologies du numérique; Muséum national d'Histoire naturelle,fr,1,0,Species Distribution and Climate Change; Semantic Web and Ontologies; Invertebrate Taxonomy and Ecology,Graph; Computer science; Theoretical computer science,,,knowledge graph,1,fr,v1,2026-08-13
https://openalex.org/W4393471193,https://doi.org/10.5281/zenodo.5876775,TAXREF-LD: Knowledge Graph of the French taxonomic registry,"TAXREF-LD is a Linked Data knowledge graph representing TAXREF, the French national taxonomical register for fauna, flora and fungus, that covers mainland France and overseas territories. TAXREF-LD is a joint initiative of the UMS Patrinat of the National Museum of Natural History, and the I3S laboratory, University Côte d'Azur, Inria, CNRS. Homepage: https://github.com/frmichel/taxref-ld/",2022,2022-01-19,dataset,en,0,0,True,green,Zenodo (CERN European Organization for Nuclear Research),repository,Franck Michel; Catherine Faron Zucker; Sandrine Tercerie; Olivier Gargominy,Institut national de recherche en sciences et technologies du numérique; Muséum national d'Histoire naturelle,fr,1,0,Species Distribution and Climate Change; Semantic Web and Ontologies; Invertebrate Taxonomy and Ecology,Graph; Computer science; Theoretical computer science,,,knowledge graph,1,fr,v1,2026-08-13
https://openalex.org/W4393499597,https://doi.org/10.5281/zenodo.5848915,TAXREF-LD: Knowledge Graph of the French taxonomic registry,"TAXREF-LD is a Linked Data knowledge graph representing TAXREF, the French national taxonomical register for fauna, flora and fungus, that covers mainland France and overseas territories. TAXREF-LD is a joint initiative of the UMS Patrinat of the National Museum of Natural History, and the I3S laboratory, University Côte d'Azur, Inria, CNRS. Homepage: https://github.com/frmichel/taxref-ld/",2024,2024-07-30,dataset,en,0,0,True,green,Zenodo (CERN European Organization for Nuclear Research),repository,Franck Michel; Catherine Faron Zucker; Sandrine Tercerie; Olivier Gargominy,Institut national de recherche en sciences et technologies du numérique; Muséum national d'Histoire naturelle,fr,1,0,Species Distribution and Climate Change; Semantic Web and Ontologies; Invertebrate Taxonomy and Ecology,Graph; Computer science; Geography; Combinatorics; Mathematics,,,knowledge graph,1,fr,v1,2026-08-13
https://openalex.org/W4393342670,https://doi.org/10.9734/bpi/pller/v7/2253g,"Review of the Trikirion of Communication: Symboleracy, Numeracy and Techneracy","The starting point is the phylogeny of communication because the educational topic I am going to address cannot even exist if there is no communication. We have to understand that all Hominins were communicating. Probably all Hominins after Homo Erectus included had some command of some articulated language, but only Homo Sapiens reached the comprehensive and sustainable command of the fully-articulated language, probably around 200,000 BCE. The next great stage is the development of representational and symbolic inscriptions and paintings or engravings on all durable media available, rockface in caves, stone, bone, ivory, and tusks. This symbolic transcription of stories and experience, maybe some spiritual language accompanying some rituals, is the first form of writing seen as symbolic transcription and going back to 300,000 BCE with Homo Naledi, 100,000 BCE with Homo Neanderthalensis, and 50,000 with Homo Sapiens. Syllabic and alphabetical writing only came around 3,500 BCE for Homo Sapiens. There might have been older cases, but archaeology has not yet covered the whole world for all types of symbolic inscriptions that could have led to symbolic phonetic writing. The next stage was the printing press which enabled mass education and mass communication. The next stage is the digital age as the most advanced form of the mechanical development of oral and written communication, the latest development being Generative Artificial Intelligence. In this modern age, education has to shift completely from teacher-centered education to guided self-learning which is based on 1- The self-learner’s desires; 2- The self-learner’s choices; 3- Teamwork; 4- The freedom of expression, tolerance, and discussion, and the freedom of emotional intelligence; 5- Motivation; 6- No disruptive self-learners, only disruptive treatment of self-learners; 7- All tools available to all self-learners with NO restrictions; 8- Flexibility: top self-learners, average midway self-learners, students with special needs and differently-abled students, Vygotsky’s Zone of Proximal Development, Guide-Coach-Teacher’s flexible self-learning; 9- Systematic recap and discussion of achieved self-learning at the end of each phase; 10- Multi-ism and Pluri-ism. This article presents a globalizing vision of about 65 years of experience in education in many countries and many circumstances. The main methodological procedure is to capture the phylogeny of what I am studying, meaning the inner logic and processing that makes all these phenomena sustainable: at every step in the development, the phenomena themselves produce the means and energy that enable the next step to emerge. Language is a self-developing communicational tool, and communication itself is a self-developing behavioral competence.",2024,2024-03-29,book-chapter,en,0,0,False,closed,,,Jacques Coulardeau,Université Paris 1 Panthéon-Sorbonne,fr,1,0,Digital Communication and Language; Cultural and Communication Design Research,Numeracy; Psychology; Pedagogy; Literacy,,,artificial intelligence,1,fr,v1,2026-08-13
https://openalex.org/W4320458119,https://doi.org/10.5281/zenodo.7636360,The Cosmic Muon Images demonstrator within the REINFORCE project,"Cosmic Muon Images is a muon tomography citizen science framework developed within the EU-funded (GA-872859) REINFORCE project (REsearch Infrastructures FOR Citizens in Europe). REINFORCE aspires to decrease the knowledge gap between research and society. Citizen scientists will engage in the process of scientific discovery by analyzing detector data from four major physics domains. Muon Tomography, Gravitational Waves, Neutrino Astronomy and High Energy Physics join forces with people from all over the world to do science and discuss detection techniques, signal vs background discrimination, environmental effects on measurement, and broadcast the impact of fundamental research on everyday life and on societal progress. In this effort we want to reach the broader audience possible,and this means also making our data accessible to as many people as possible. SonoUno is a user centered software developed within REINFORCE that allows people with different sensory styles to explore scientific data, both visually and through sonorization. Cosmic Muon Images utilizes the Zooniverse website to bring muon tomography to the general public and the citizen science community. Muon telescope data are visualized with 3D and 1D plots with the goal being the identification of patterns through a series of lines and points on these plots. The results of this pattern identification will be used to train machine learning (ML) algorithms to discriminate between signal and background events. We will then evaluate the performance of these ML algorithms to more traditional track reconstruction and event selection algorithms that are already in use. The key factor being how they compare with respect to speed and pattern recognition accuracy. Furthermore, a large dataset catalogued by eye will act as a stepping-stone towards other studies like background identification and Monte Carlo simulation development. Citizen scientists will benefit through their exposure to calibration and detection techniques for muon telescopes to make their scientific contributions more robust. This will also provide a more fulfilling experience by learning new stuff which are for the most part reserved for higher education audiences. They are going to learn about the different applications of muon tomography in fields like volcanology, archaeology, civil engineering, hazard monitoring and others. A great effort is made towards the inclusion of school students through a series of schools and seminars co-organized together with other EU-funded projects (e.g. FRONTIERS Summer School 2021) since young people have much to gain from learning about interdisciplinarity between sciences and how scientists from different domains collaborate towards a common goal.",2022,2022-03-23,article,en,0,0,True,green,Zenodo (CERN European Organization for Nuclear Research),repository,Theodore Avgitas; J. Marteau,Institut de Physique; Institut de Physique des 2 Infinis de Lyon,fr,1,0,Particle Detector Development and Performance; Astrophysics and Cosmic Phenomena; Particle physics theoretical and experimental studies,COSMIC cancer database; Muon; Cosmic ray; Physics; Astronomy; Nuclear physics; Geology,,,machine learning,1,fr,v1,2026-08-13
https://openalex.org/W4287952840,,Assessing the dominant height of oriental beech (Fagus orientalis L.) in relation to edaphic and physiographic variables in the Hyrcanian Forests of Iran,"Description of the subject. This study evaluates the application of Boosted Regression Trees (BRT) for predicting beech dominant height in the Hyrcanian forests of Iran, inscribed as a UNESCO’s World Heritage due to its remarkable biodiversity. Objectives. It is widely accepted that tree growth can be influenced by a wide variety of factors such as climate, topography, soil conditions and competition for resources. The early dominant height of trees modelling studies used the multiple linear regression. The development of more advanced non-parametric and machine learning methods provided opportunities to overcome the nonlinear relationships in forest ecosystems. Method. In this study, boosted regression trees was evaluated to model the dominant height of Fagus orientalis as the most important tree species in the Hyrcanian forest, Iran. Dominant height was related to soil and topographical variables, which are available for 190 sample plots covering all importance environmental gradients in the research area. Results. The results indicated BRT were found to outperform for modelling beech dominant height. This technique showed that phosphorus, percentage nitrogen, magnesium and percentage sand were among the most important variables. Conclusions. This study demonstrates the ability of BRT to accurately model the dominant height of oriental beech in relation to environmental predictors, and encourages its use in forest ecology. Keywords. Site quality, forest modelling, response curves, machine learning, mixed forest.",2020,2020-01-01,article,en,0,0,True,green,,,Seyed Jalil Alavi; Kourosh Ahmadi; Carsten F. Dormann; Josep M. Serra‐Diaz; Zahra Nouri,Aarhus University; Silva; Tarbiat Modares University; University of Freiburg; University of Mazandaran,de; dk; fr; ir,4,1,Forest ecology and management; Tree Root and Stability Studies; Data Analysis with R,Beech; Edaphic; Fagus orientalis; Forestry; Geography; Ecology; Biology; Soil water,,,machine learning,1,fr,v1,2026-08-13
https://openalex.org/W2913119871,,L'analyse lexicale au service de la cliodynamique : traitement par intelligence artificielle de la base Google Ngram,"Cliodynamics is a fairly recent research field that considers history as an object of scientific study. Thanks to its transdisciplinary nature, cliodynamics tries to explain historical dynamical processes such as the rise or collapse of empires or civilizations, economic cycles, population booms, fashions through mathematical modeling, datamining, econometrics or cultural sociology. ""Big data"" aggregating historical, archaeological or economic informations is the material to feed these quantitative models. It can also incluse empirical analysis to validate assumptions and predictions of dynamic models using historical data. Cliodynamics is part of the cliometrics approach or ""new economic history"" which studies history through econometrics. Objectives On the one hand, we designed a robust lexical analysis method able to deal with a very large dated corpus series whose content evolves over time (big data) with the challenge of identifying societal evolutions and major historical periods in a cliodynamics perspective. Lexical analysis also examined the teachings to be learned from the Google books Ngram database, which details the number of annual words occurrences in scanned publications available in the Google Books search engine . It is assumed that this database has compiled about 20% of all books ever published in major languages. We focused our study on English-language books published in the United States and Great Britain. The objective was to identify the words frequencies evolving from year 1860 to 2008. Method Principles The method was to constitute, as a first step, a dictionary of the most commonly used English words, disregarding two-way terms, preposition, articles, pronouns. This dictionary has collected 1592 words covering many aspects of social and cultural life with terms related to politics, religion, arts and sciences, industry, objects, family and sentiments. In a second step, the percentage representation of each word in the dictionary was determined for each year after loading the huge Ngram Google Books (1-gram) database on Postgresql. Some words like ""king"" or ""queen"" are very well represented in the 19th century dictionary with the reign and power of royalties in Europe, but the use of these phrases declined in the 20th century. The words frequency in books is constantly evolving as time goes by. The third step was to perform a centered and standardized principal component analysis (PCA) on the table describing the representation of words in % by years from 1860 to 2008. A clustering of ""years"" is carried out using a neural network (artificial intelligence Kohonen map). The results show 8 different periods in history according to 3 different major tendancies in speeches : Humanist versus Scientific ; Chaos versus Organization ; Individualist versus Collectivist.",2017,2017-11-24,conference-paper,en,0,0,True,green,HAL (Le Centre pour la Communication Scientifique Directe),repository,Jérôme Baray; Albert da Silva; Jean-Marc Leblanc,Institut de Recherche en Gestion; Université Paris-Est Créteil,fr,1,0,Advanced Text Analysis Techniques,Boom; Computer science; Field (mathematics); Population; Big data; Historical linguistics; Artificial intelligence; Perspective (graphical); Service (business); Natural language processing; Data science; Linguistics; Sociology; Economy; Data mining; Mathematics; Environmental engineering; Demography; Economics; Pure mathematics; Engineering; Philosophy,,,artificial intelligence; neural network,2,fr,v1,2026-08-13
https://openalex.org/W4376102230,https://doi.org/10.5281/zenodo.7919340,KGHeartbeat,"This repository behaves as a support material for the paper entitled ""KGHeartBeat: a Knowledge Graph QualityManagement Tool"" submitted (and under evaluation) as resource paper at ESWC 2024. This is a python application that automatically analyzes the quality of Knowledge Graphs available on LODCloud and DataHUB. The quality categories analyzed by the application are: Accessibilithy Intrinsic Trust Dataset dynamicity Contextual Representational Each of these categories is made up of quality dimensions. Overall, the tool analyzes 23 different quality dimensions, without the need of iteraction with the user. Input configuration From the configuration.json file, you can choose the Knowledge Graph to analyze. You can analyze it by using a list of keywords or ids. In the example below, all the Knowledge Graphs that have keywords museum will be analyzed. {""name"": [""museum""], ""id"": []} Or, by a list of ids like this: {""name"": [], ""id"": [""dbpedia"",""taxref-ld""]} If instead, you want to analyze all the Knowledge Graphs automatically discoverable from LODCloud and DataHub: {""name"": [], ""id"": []} Start of the analysis After the input configuration, to execute the analysis simply execute from the main directory of the project: python manager.py The content of this repository is also provided on GitHub at https://github.com/isislab-unisa/KGHeartbeat.The entire project is released under the MIT license.",2023,2023-05-10,conference-paper,en,0,0,True,green,Zenodo (CERN European Organization for Nuclear Research),repository,Maria Angela Pellegrino; Vittorio Scarano; Gabriele Tuozzo,Laboratoire d'Informatique de Paris-Nord; University of Salerno,fr; it,2,1,Urticaria and Related Conditions; Systemic Sclerosis and Related Diseases,Computer science,,,knowledge graph,1,fr,v1,2026-08-13
https://openalex.org/W4317889773,https://doi.org/10.1101/2023.01.23.525183,"All Quiet on the Western Front? The evolutionary history of monogeneans (Dactylogyridae: <i>Cichlidogyrus, Onchobdella</i> ) infecting a West and Central African tribe of cichlid fishes (Chromidotilapiini)","Abstract Owing to the largely unexplored diversity of metazoan parasites, their speciation mechanisms and the circumstances under which such speciation occurs—in allopatry or sympatry—remain vastly understudied. Cichlids and their monogenean flatworm parasites have previously served as study system for macroevolutionary processes, e.g. for the role of East African host radiations on parasite communities. Here, we investigate the diversity and evolution of the poorly explored monogeneans infecting a West and Central African lineage of cichlid fishes: Chromidotilapiini Greenwood, 1987, which is the most species-rich tribe of cichlids in this region. We screened gills of 149 host specimens (27 species) from natural history collections and measured systematically informative characters of the sclerotised attachment and reproductive organs of the parasites. Ten monogenean species (Dactylogyridae: Cichlidogyrus and Onchobdella ) were found, eight of which are described and one redescribed herein. The phylogenetic positions of chromidotilapiines-infecting species of Cichlidogyrus were inferred through a parsimony analysis of the morphological characters. Furthermore, we employed machine learning algorithms to detect morphological features associated with the main lineages of Cichlidogyrus . Although the results of these experimental algorithms remain inconclusive, the parsimony analysis indicates that West and Central African lineages of Cichlidogyrus and Onchobdella are monophyletic, unlike the paraphyletic host lineages. Several instances of host sharing suggest occurrences of intra-host speciation (sympatry) and host switching (allopatry). Some morphological variation was recorded that may also indicate the presence of species complexes. We conclude that collection material can provide important insights on parasite evolution despite the lack of well-preserved DNA material. Data availability statement Type material was deposited in the invertebrate collection of the Royal Museum for Central Africa (Tervuren, Belgium) (RMCA) (RMCA_VERMES_XXXXX–XXX), the collection of the Research Group Zoology: Biodiversity and Toxicology of Hasselt University (Diepenbeek, Belgium) (HU XXX–XXX), the Finnish Museum of Natural History (Helsinki, Finland) (MZH XXXXX–XXX), and the Iziko South African Museum (Cape Town, South Africa) (SAMC-XXXXXXX-XXX). The morphological data that support the findings of this study are openly available in MorphoBank at www.morphobank.org , at https://dx.doi.org/XXXXXXXX. Phylogenetic trees and data matrices for the analysis in TNT are included as additional data in MorphoBank.",2023,2023-01-24,preprint,en,0,100,True,green,bioRxiv (Cold Spring Harbor Laboratory),repository,Tanisha Moons; Nikol Kmentová; Antoine Pariselle; Tom Artois; Wim Bert; Maarten P. M. Vanhove; Armando J. Cruz‐Laufer,Centre National de la Recherche Scientifique; Ghent University; Hasselt University; Institut de Recherche pour le Développement; Institut des Sciences de l'Evolution de Montpellier; Mohammed V University; Sewanee: The University of the South; University of South Bohemia in České Budějovice; Université de Montpellier,be; cz; fr; ma; us,5,1,Parasite Biology and Host Interactions; Genetic diversity and population structure; Fish Biology and Ecology Studies,Biology; Allopatric speciation; Sympatry; Zoology; Cichlid; Monophyly; Evolutionary biology; Phylogenetic tree; Sympatric speciation; Clade; Population; Genetics; Fishery; Demography; Sociology; Fish <Actinopterygii>; Gene,,,machine learning,1,fr,v1,2026-08-13
https://openalex.org/W7108342194,https://doi.org/10.5281/zenodo.17791524,Advances in portable devices for materials detection and analysis,"This chapter arises from the idea of searching simple and straightforward approaches that could be implemented to characterize and classify different materials of interest in the framework of the RRReMaker Project. This work was developed in the Secondment held by the University of Cordoba (UCO) participants at EKROME (Partner Company) during mid of 2024 in Rome (Italy). The characterization and analysis of material surfaces has become increasingly important in scientific, industrial, and cultural heritage fields, among others. Traditional laboratory instrumentation methods, while accurate, are limited by their size, cost, and operational complexity which avoids any realistic potential implementation within the scope of the Project. Recent advances in miniaturized spectroscopy, smartphone-based sensors, Machine Learning (ML) and Artificial Intelligence (AI) have facilitated real-time surface detection and material classification to be integrated into portable devices. This chapter aims to provide a comprehensive review of portable devices either based on spectroscopic techniques — including Raman, infrared (IR), near-infrared (NIR), X-ray fluorescence (XRF), X-ray diffraction (XRD), laser-induced breakdown spectroscopy (LIBS), hyperspectral imaging (HSI), glow discharge optical emission spectroscopy (GD-OES), terahertz time-domain spectroscopy (THz-TD), and nonlinear optical microscopy (NLOM) — or based on smartphones along with their possible integration into AI-enhanced platforms. The evolution of smartphone-based sensing is analysed, showcasing how AI models based on different learning algorithms may enhance surface identification accuracy. We conclude by briefly evaluating the advantages and limitations of these systems, and providing insight into those approaches that may be more adequate to classify materials in objects or spare parts in prospect of being eventually integrated in the AI platform already developed in the Project to complement and extend its capabilities within the RRReMaker specific objectives (SO1-SO4).",2025,2025-12-02,book-chapter,,0,0,True,green,Zenodo (CERN European Organization for Nuclear Research),repository,"González-Martín, César; Madueno, Rafael; Sánchez Obrero, Guadalupe; Del Caño, Rafael; D'Urso Labate, Giuseppe Falvo",Cordoba University; Mecachrome (France),fr; us,2,1,Laser-induced spectroscopy and plasma; Terahertz technology and applications; Thermography and Photoacoustic Techniques,Hyperspectral imaging; Instrumentation (computer programming); Computer science; Systems engineering; Identification (biology); Scope (computer science); Characterization (materials science); Nanotechnology; Artificial intelligence; Troubleshooting; Engineering; Remote sensing; Sensor fusion; Data science; Quality (philosophy),,,artificial intelligence; machine learning,2,fr,v1,2026-08-13
https://openalex.org/W7108318586,https://doi.org/10.5281/zenodo.17791525,Advances in portable devices for materials detection and analysis,"This chapter arises from the idea of searching simple and straightforward approaches that could be implemented to characterize and classify different materials of interest in the framework of the RRReMaker Project. This work was developed in the Secondment held by the University of Cordoba (UCO) participants at EKROME (Partner Company) during mid of 2024 in Rome (Italy). The characterization and analysis of material surfaces has become increasingly important in scientific, industrial, and cultural heritage fields, among others. Traditional laboratory instrumentation methods, while accurate, are limited by their size, cost, and operational complexity which avoids any realistic potential implementation within the scope of the Project. Recent advances in miniaturized spectroscopy, smartphone-based sensors, Machine Learning (ML) and Artificial Intelligence (AI) have facilitated real-time surface detection and material classification to be integrated into portable devices. This chapter aims to provide a comprehensive review of portable devices either based on spectroscopic techniques — including Raman, infrared (IR), near-infrared (NIR), X-ray fluorescence (XRF), X-ray diffraction (XRD), laser-induced breakdown spectroscopy (LIBS), hyperspectral imaging (HSI), glow discharge optical emission spectroscopy (GD-OES), terahertz time-domain spectroscopy (THz-TD), and nonlinear optical microscopy (NLOM) — or based on smartphones along with their possible integration into AI-enhanced platforms. The evolution of smartphone-based sensing is analysed, showcasing how AI models based on different learning algorithms may enhance surface identification accuracy. We conclude by briefly evaluating the advantages and limitations of these systems, and providing insight into those approaches that may be more adequate to classify materials in objects or spare parts in prospect of being eventually integrated in the AI platform already developed in the Project to complement and extend its capabilities within the RRReMaker specific objectives (SO1-SO4).",2025,2025-12-02,book-chapter,,0,0,True,green,Zenodo (CERN European Organization for Nuclear Research),repository,"González-Martín, César; Madueno, Rafael; Sánchez Obrero, Guadalupe; Del Caño, Rafael; D'Urso Labate, Giuseppe Falvo",Cordoba University; Mecachrome (France),fr; us,2,1,Laser-induced spectroscopy and plasma; Terahertz technology and applications; Thermography and Photoacoustic Techniques,Hyperspectral imaging; Instrumentation (computer programming); Computer science; Systems engineering; Identification (biology); Scope (computer science); Characterization (materials science); Nanotechnology; Artificial intelligence; Troubleshooting; Engineering; Remote sensing; Sensor fusion; Data science; Quality (philosophy),,,artificial intelligence; machine learning,2,fr,v1,2026-08-13
https://openalex.org/W4375848132,https://doi.org/10.5281/zenodo.7908676,KGHeartbeat,"This repository behaves as a support material for the paper entitled ""KGHeartBeat: a Knowledge Graph Quality<br> Management Tool"" submitted (and under evaluation) as resource paper at ISWC 2023. This is a python application that automatically analyzes the quality of Knowledge Graphs available on LODCloud and DataHUB. The quality categories analyzed by the application are: Accessibilithy Intrinsic Trust Dataset dynamicity Contextual Representational Each of these categories is made up of quality dimensions. Overall, the tool analyzes 23 different <strong>quality dimensions</strong>, without the need of iteraction with the user. <strong>Input configuration</strong> From the <em>configuration.json </em>file, you can choose the Knowledge Graph to analyze. You can analyze it by using a list of keywords or ids. In the example below, all the Knowledge Graphs that have keywords <em>museum</em> will be analyzed. <pre><code>{""name"": [""museum""], ""id"": []} </code></pre> Or, by a list of ids like this: <pre><code>{""name"": [], ""id"": [""dbpedia"",""taxref-ld""]} </code></pre> If instead, you want to analyze all the Knowledge Graphs automatically discoverable from LODCloud and DataHub: <pre><code>{""name"": [], ""id"": []} </code></pre> <strong>Start of the analysis</strong> After the input configuration, to execute the analysis simply execute from the main directory of the project: <pre><code>python manager.py</code></pre> The content of this repository is also provided on GitHub at https://github.com/isislab-unisa/KGHeartbeat.<br> <br> The entire project is released under the MIT license.",2023,2023-05-10,conference-paper,en,0,0,True,green,Zenodo (CERN European Organization for Nuclear Research),repository,Maria Angela Pellegrino; Vittorio Scarano; Gabriele Tuozzo,Laboratoire d'Informatique de Paris-Nord; University of Salerno,fr; it,2,1,Urticaria and Related Conditions; Systemic Sclerosis and Related Diseases,Computer science,,,knowledge graph,1,fr,v1,2026-08-13
https://openalex.org/W4375848235,https://doi.org/10.5281/zenodo.7908631,KGHeartbeat,"This repository behaves as a support material for the paper entitled ""KGHeartBeat: a Knowledge Graph Quality<br> Management Tool"" submitted (and under evaluation) as resource paper at ISWC 2020. This is a python application that automatically analyzes the quality of Knowledge Graphs available on LODCloud and DataHUB. The quality categories analyzed by the application are: Accessibilithy Intrinsic Trust Dataset dynamicity Contextual Representational Each of these categories is made up of quality dimensions. Overall, the tool analyzes 23 different <strong>quality dimensions</strong>, without the need of iteraction with the user. <strong>Input configuration</strong> From the <em>configuration.json </em>file, you can choose the Knowledge Graph to analyze. You can analyze it by using a list of keywords or ids. In the example below, all the Knowledge Graphs that have keywords <em>museum</em> will be analyzed. <pre><code>{""name"": [""museum""], ""id"": []} </code></pre> Or, by a list of ids with this: <pre><code>{""name"": [], ""id"": [""dbpedia"",""taxref-ld""]} </code></pre> If instead, you want to analyze all the Knowledge Graphs automatically discoverable from LODCloud and DataHub: <pre><code>{""name"": [], ""id"": []} </code></pre> <strong>Start of the analysis</strong> After the input configuration, to execute the analysis simply execute from the main directory of the project: <pre><code>python manager.py</code></pre> The content of this repository is also provided on GitHub at https://github.com/isislab-unisa/KGHeartbeat.<br> <br> The entire project is released under the MIT license.",2023,2023-05-10,conference-paper,en,0,0,True,green,Zenodo (CERN European Organization for Nuclear Research),repository,Maria Angela Pellegrino; Vittorio Scarano; Gabriele Tuozzo,Laboratoire d'Informatique de Paris-Nord; University of Salerno,fr; it,2,1,Urticaria and Related Conditions; Systemic Sclerosis and Related Diseases,Computer science,,,knowledge graph,1,fr,v1,2026-08-13
https://openalex.org/W4375848287,https://doi.org/10.5281/zenodo.7908041,KGHeartbeat,"This repository behaves as a support material for the paper entitled ""KGHeartBeat: a Knowledge Graph Quality<br> Management Tool"" submitted (and under evaluation) as resource paper at ISWC 2020. This is a python application that automatically analyzes the quality of Knowledge Graphs available on LODCloud and DataHUB. The quality categories analyzed by the application are: Accessibilithy Intrinsic Trust Dataset dynamicity Contextual Representational Each of these categories is made up of quality dimensions. Overall, the tool analyzes 23 different <strong>quality dimensions</strong>, without the need of iteraction with the user. <strong>Input configuration</strong> From the <em>configuration.json </em>file, you can choose the Knowledge Graph to analyze. You can analyze it by using a list of keywords or ids. In the example below, all the Knowledge Graphs that have keywords <em>museum</em> will be analyzed. <pre><code>{""name"": [""museum""], ""id"": []} </code></pre> Or, by a list of ids with this: <pre><code>{""name"": [], ""id"": [""dbpedia"",""taxref-ld""]} </code></pre> If instead, you want to analyze all the Knowledge Graphs automatically discoverable from LODCloud and DataHub: <pre><code>{""name"": [], ""id"": []} </code></pre> <strong>Start of the analysis</strong> After the input configuration, to execute the analysis simply execute from the main directory of the project: <pre><code>python manager.py</code></pre> The content of this repository is also provided on GitHub at https://github.com/isislab-unisa/KGHeartbeat.<br> <br> The entire project is released under the MIT license.",2023,2023-05-10,conference-paper,en,0,0,True,green,Zenodo (CERN European Organization for Nuclear Research),repository,Maria Angela Pellegrino; Vittorio Scarano; Gabriele Tuozzo,Laboratoire d'Informatique de Paris-Nord; University of Salerno,fr; it,2,1,Urticaria and Related Conditions; Systemic Sclerosis and Related Diseases,Computer science,,,knowledge graph,1,fr,v1,2026-08-13
https://openalex.org/W4393686278,https://doi.org/10.5281/zenodo.5743089,SILKNOW Knowledge Graph,"SILKNOW is a research project that aims at improving the understanding, conservation and dissemination of the<br> European silk heritage from the 15th to the 19th century. The SILKNOW knowledge graph (KG) lies at<br> the center of the application of Semantic Web technologies and computing research to the needs of museums and every other user of this knowledge. The underlying data model is based on CIDOC-CRM and data mappings which are realised and implementedwith conversion tools developed for SILKNOW.<br> <br> Full instructions on how to deploy this KG can be found in the README.md file. See also https://github.com/silknow/knowledge-base",2021,2021-11-30,dataset,en,0,0,True,green,Zenodo (CERN European Organization for Nuclear Research),repository,Thomas Schleider; Thibault Ehrhart; Pasquale Lisena; Raphaël Troncy,EURECOM,fr,1,0,Semantic Web and Ontologies,Computer science; Graph; Theoretical computer science,,,knowledge graph,1,fr,v1,2026-08-13
https://openalex.org/W4409769849,https://doi.org/10.1007/s11042-025-20784-4,Built year prediction of buddha face with heterogeneous label modeled as probabilistic distribution,"Abstract Analysis of cultural heritages, particularly their construction years, provides new insights into human history. However, due to natural disasters, wars, material deterioration, and human errors, records documenting the construction years of many artifacts have often been lost. Historians and experts can estimate construction years within specific ranges using chemical-based analysis technologies or extensive historical research. Given the vast number of collected artifacts, applying these conventional methods to every artifact is impractical. To address this challenge, we developed a deep neural network model designed for Buddha statues to estimate an artifact’s construction year from its image. One major challenge in this task is the heterogeneity of the labels: the training samples include both precise construction years and possible ranges (e.g., a dynasty or a century) estimated by historians. To unify these heterogeneous labels during training, we represent them as probabilistic distributions. In our previous work Qian et al. (2021), we assumed that the ambiguity in heterogeneous construction year labels followed a Gaussian distribution, assigning the highest likelihood to the midpoint of the designated time range. However, this assumption does not always hold. In this paper, we propose representing heterogeneous construction year labels as a uniform distribution, assigning equal probability to all points within the designated time range. Based on this label representation, we designed a semi-supervised learning loss function to leverage both labeled and unlabeled samples during training. Our experimental results demonstrate that our method achieves a mean absolute error of 34.3 years on a test set consisting of Buddha statues constructed between 400 and 1403. These results are further analyzed in two ways. First, we compared our model’s performance to the image quality BRISQUE score, revealing a correlation between higher image quality and lower prediction error rates. Second, we validated our predictions with experts, assessing the level of agreement with our model, the challenges in determining construction years, and identifying features of interest in the artifacts.",2025,2025-04-24,article,en,0,34,True,hybrid,Multimedia Tools and Applications,journal,Yiming Qian; Cheikh Brahim El Vaigh; Yuta Nakashima; Benjamin Renoust; Hajime Nagahara; Yutaka Fujioka,DBV Technologies (France); Institute of High Performance Computing; The University of Osaka; Université de Bourgogne,fr; jp; sg,3,1,Advanced Statistical Methods and Models,Computer science; Gautama Buddha; Face (sociological concept); Probabilistic logic; Distribution (mathematics); Artificial intelligence; Statistical model; Mathematics; Buddhism; Mathematical analysis; Philosophy; Social science; Theology; Sociology,,,neural network,1,fr,v1,2026-08-13
https://openalex.org/W2997133604,,Tri de pommes par imagerie microonde,"Nondestructive evaluation for agricultural products is of increasing interest. The researchers investigate the use of microwave imaging systems, which allow non-destructive control of fruits while monitoring their growth and maturity. As for every fruit, the apples face many diseases, which is an economic and an agricultural issue. The objective of this work is to develop a non destructive and an automatic method to sort damaged fruits from the healthy ones by microwave imaging. This work is divided into six chapters, in chapter 1, we begin with a state of the art of the destructive and non destructive methods which are used in quality control of the agricultural products. In chapter 2, we defined the classification methods which are used in this work and also, we described the optimization methods which are used for finding an optimal values of hyper-parameters of classification method. In chapter 3, a non-destructive and an automatic method to sort damaged fruits from the healthy ones by using microwave imaging is presented . The proposed method is a proof of concept that starts with millimeter wave measurements in W-band, which are pre-processed by the two-dimensional Fourier transform (2D-FFT) and segmentation methods, and ends with the classification using Machine Learning algorithm. This method has been validated first, on the apples with a classification error of 6% and then on the peaches where the classification error of 0%. In chapter 4, we addressed the impact of frequency and spatial diversity on the accuracy of the classification, indeed, this study highlights that the limitations of the proposed method are consistent with the physical phenomena. The first results showed the potential of microwave imaging and artificial intelligence to sort fruits, but the acquisition time remains prohibitive for an industrial application, so two investigations were conducted, the first one concerns the simplification of the acquisition scheme by measuring the amplitude of the electromagnetic field. In addition, the preprocessing is also simplified, by removing the 2D-FFT. The second study concerns the reduction of spatial diversity by optimizing the number of measurement points, which automatically leads to a reduction of the measurement time. Using the Grey Wolf Optimizer, the number of measurement points is reduced from 22801 to 196.In chapter 5, the proposed method has been adapted and tested on archaeological samples dating back to more than 8000 years before our era, in order to trace in time and space the introduction of farming in Europe. We aim at identifying two types of pottery shards: ""spirals"" and ""coiling"". A new method is developed, which is similar to the one used for fruits but with a new preprocessing step and the use of a neural network of MLP type. The accuracy of the classification is of 99%. As for the fruits, the measurement system was optimized by elaborating two scenarios and using one of the bio-inspired optimization methods developed during this thesis and tested for the first time on real data. The classification error of both optimized systems is less than 1%. At chapter 6, a new approach for the non-destructive and automatic sorting of fruit has been studied, it complies with the requirements of the industry regarding the acquisition time because it requires only one antenna operating on a wide-band. We elaborated two strategies to detect the fruit defect. In the first one, the fruits are sorted in the frequency domain by using the Short Time Fourier Transform method. The second strategy concerns the fruits sorting in the time domain using the inverse of the Short Time Fourier Transform method. For both strategies, the classification error is 1%. The advantages and disadvantages of this new approach are discussed.",2019,2019-10-28,conference-paper,en,0,0,False,closed,HAL AMU,repository,Flora Zidane; Jérôme Lanteri; Laurent Brochier; Nadine Joachimowicz; H. Roussel; Claire Migliaccio; Julien Marot,"Institut Fresnel; Institut de Microélectronique, Electromagnétisme et Photonique; Laboratoire d'Électronique, Antennes et Télécommunications; Laboratoire de Génie Électrique et Électronique de Paris",fr,1,0,Spectroscopy and Chemometric Analyses,Computer science,,,artificial intelligence; machine learning; neural network,3,fr,v1,2026-08-13
https://openalex.org/W3128437351,https://doi.org/10.1504/ijde.2021.10035560,"Emotional characterisation of chairs by descriptors, neural network and verbalised analysis","In this article, we assess the emotional value of the chairs from the collections design, objects and furniture of the museum of modern and contemporary art in Saint-Etienne. The aim of this research is to study emotional responses to visual perception of chairs from declarative measurements based on: 1) emotional measurements made using the circumplex model which collects valence and arousal; 2) the evaluation of six appearance descriptors which describe aesthetics, safety and comfort. Using a mathematical model based on a neural network, an 'estimated valence' is then derived from the evaluation of these emotional descriptors. This 'estimated valence' is finally compared to the 'verbalised valence'. The results show that there is a significant correlation between verbalised and 'estimated valence'. These results attest that the evaluation of the six proposed descriptors could predict the emotional value of the chairs.",2021,2021-01-01,article,en,0,0,False,closed,International Journal of Design Engineering,journal,Nicolas Poisson; Jean‐Christophe Roux; Roland Fortunier; Rosario Toscano; Cyril Bertheaux; Céline Borg,Aix-Marseille Université; Centrale Lyon ENISE; Centre National de la Recherche Scientifique; Lyon 1 Université; École Nationale Supérieure de Mécanique et d'Aérotechnique,fr,1,0,Color perception and design,Valence (chemistry); Emotional valence; Artificial neural network; Perception; Arousal; Artificial intelligence; Computer science; Pattern recognition (psychology); Psychology; Cognition; Social psychology; Chemistry; Organic chemistry; Neuroscience,,,neural network,1,fr,v1,2026-08-13
https://openalex.org/W4410577856,https://doi.org/10.1017/9781009585965,The Art of Inpainting,"The art of image restoration and completion has entered a new phase thanks to digital technology. Indeed, virtual restoration is sometimes the only feasible option available to us, and it has, under the name 'inpainting', grown, from methods developed in the mathematics and computer vision communities, to the creation of tools used routinely by conservators and historians working in the worlds of fine art and cinema. The aim of this book is to provide, for a broad audience, a thorough description of imaging inpainting techniques. The book has a two-layer structure. In one layer, there is a general and more conceptual description of inpainting; in the other, there are boxed descriptions of the essentials of the mathematical and computational details. The idea is that readers can easily skip those boxes without disrupting the narrative. Examples of how the tools can be used are drawn from the Fitzwilliam Museum, Cambridge collections.",2025,2025-05-22,book,en,0,0,False,closed,Cambridge University Press eBooks,ebook platform,Simone Parisotto; Patricia Vitoria; Coloma Ballester; Aurélie Bugeau; Suzanne Reynolds; Carola‐Bibiane Schönlieb,Institut Universitaire de France; Laboratoire Bordelais de Recherche en Informatique; Universitat Pompeu Fabra; University of Cambridge; Université de Bordeaux,es; fr; gb,3,1,Aesthetic Perception and Analysis; Generative Adversarial Networks and Image Synthesis; 3D Surveying and Cultural Heritage,Inpainting; Art; Artificial intelligence; Computer science; Image (mathematics),,,computer vision,1,fr,v1,2026-08-13
https://openalex.org/W4414355654,https://doi.org/10.1484/m.wsa-eb.5.145082,"The Contribution of 3D Digitization to the Study of the Riedones Celtic Coins (Fr, 35)","The fine 3D-digitization (up to 0.1 micron) of coins has led to a wide variety of uses both in terms of research and of collection enhancement. The work presented here first aims to provide a data set for die identification through deep learning. The 3D process erases colours and shading, and brings out details that have been almost lost. As a result, a more complete picture of the dies is reconstructed from several coins. The classes of the Riedones billon coinages were redefined based on the Liffré (France, 35) hoard’s analysis. This method has made the iconographic study of this series easier. In addition, it has been possible to follow the evolution of die breaks and to evaluate the number of dies. These scans also open up possibilities from the perspective of a museum, because they allow for very enlarged views, as well as specific foci on details and 3D prints at various scales.",2025,2025-01-01,book-chapter,en,0,0,False,closed,Brepols eBooks,ebook platform,Katherine Gruel; Caroline Plumel; Benjamin Houal; Olivier Masson; Thierry Lejars,Archéologie et Philologie d’Orient et d’Occident; Centre National de la Recherche Scientifique; École Normale Supérieure - PSL,fr,1,0,Image Processing and 3D Reconstruction; Ancient and Medieval Archaeology Studies; Paleopathology and ancient diseases,Celtic languages; Digitization; Numismatics; Art; Ancient history; History; Visual arts; Art history; Computer science; German,,,deep learning,1,fr,v1,2026-08-13
https://openalex.org/W4415540295,https://doi.org/10.1145/3746027.3756140,WYSIWYG: What You See Is Where Your Gaze,"As Picasso said, a painting lives only through the one who looks at it. To materialize this thought, we propose to automatically produce artworks that visually transform paintings by amplifying and distorting the most observed areas by viewers. Our work is based on a study conducted at the Caen Museum of Fine Arts in France. During the study, 151 participants were equipped with eye-tracking glasses, and observed various paintings, first alone and then in pairs. Based on the fixation and gaze path stored data, we first generate saliency maps that reflect the visual attention given to each painting. These maps are then used to fine-tune the UNETRSal model, a neural network designed to predict saliency maps, in order to align its outputs with human visual patterns observed during the experiment. The saliency maps generated are subsequently used to create deformations of the original painting. This overall process gives rise to a new artwork born from the interaction between human gaze and AI-prediction.",2025,2025-10-25,conference-paper,en,0,4,False,closed,,,Raphaëlle Lemaire; Azamat Kaibaldiyev; Eléonore Mariette; Débora Viglieri; Alexis Lechervy; Fabrice Maurel; Gaël Dias; Jérémie Pantin; Gaëtane Blaizot; Véronique Agin; Nicolas Poirel; Éric Bui; Hervé Platel; Denis Vivien; Youssef Chahir,Centre National de la Recherche Scientifique; Cyceron; GREYC; Inserm; Laboratoire de Psychologie du Développement et de L’Education de l’enfant; Sorbonne Paris Cité; Université Paris Cité; Université de Caen Normandie,fr,1,0,Visual Attention and Saliency Detection; Image Retrieval and Classification Techniques; Aesthetic Perception and Analysis,Gaze; Painting; Fixation (population genetics); Artificial intelligence; Computer vision; Computer science; PICASSO; Visual arts; Process (computing); Art; Psychology; Eye tracking; Communication; Visualization; Visual perception; The arts; Computer graphics (images); Human visual system model; Cognitive psychology; Artificial neural network; Visual attention,,,neural network,1,fr,v1,2026-08-13
https://openalex.org/W7105805275,https://doi.org/10.5281/zenodo.17616953,Artificial Intelligence in the Conservation of Iranian Architectural Heritage: Analytical Reconstruction and Color Restoration of Sheikh Lotfollah Mosque,"Abstract: This research investigates the application of artificial intelligence (AI) to the study and conservation of the Sheikh Lotfollah Mosque, one of the most celebrated monuments of Safavid architecture in Isfahan, Iran. Using a multi-layered methodology, the study evaluated the performance of AI systems in five key domains: crack detection, geometric motif reconstruction, generative modeling, color restoration, and image enhancement. Results demonstrated that convolutional neural networks achieved recall rates of 96% in identifying micro-cracks, thereby outperforming traditional manual inspection. In motif reconstruction, polygons were restored with structural similarity (SSIM) values above 0.89, while arabesques and calligraphy remained more challenging. Generative adversarial networks produced geometrically sharp motifs, whereas diffusion models excelled in perceptual realism, suggesting hybrid potential for conservation practice. In color restoration, ΔE values remained below or near the perceptual threshold of 3.0, confirming chromatic authenticity, while image enhancement improved PSNR by 14.2 dB, revealing micro-cracks and glaze details previously undetectable. Symmetry and tessellation analysis validated that AI internalized the mathematical rules of Safavid ornament, although its tendency toward perfection underscored the importance of human oversight in preserving authenticity. The findings establish AI as a reliable diagnostic and reconstructive partner while also raising questions of authenticity, authorship, and cultural stewardship. The study concludes that AI should be framed as a digital apprentice in heritage science, capable of extending the life of Iranian architectural traditions in both material and computational domains.",2023,2023-12-17,article,en,0,0,True,green,Zenodo (CERN European Organization for Nuclear Research),repository,Seyedehshiva Hosseini; Amirhossein Hosseini*; Nima Gheitarani; Hamid Samami,Arizona State University; Hamedan University of Technology; Islamic Azad University of Tabriz; Université Paris 1 Panthéon-Sorbonne,fr; ir; us,3,1,3D Surveying and Cultural Heritage; Thermography and Photoacoustic Techniques; Masonry and Concrete Structural Analysis,Artificial intelligence; Generative grammar; Cultural heritage; Architecture; Convolutional neural network; Photography; Image restoration; Computer science; Artificial neural network; Glaze; Perception; Painting; Deep learning; Turkish; Craft; Vintage; Color analysis; Calligraphy; Engineering; Facade; Segmentation; Similarity (geometry); Computer vision; Visual arts; Aesthetics; Artificial life; Conservation; Perfection,,,artificial intelligence; neural network; generative model; convolutional,4,fr,v1,2026-08-13
https://openalex.org/W7105797141,https://doi.org/10.5281/zenodo.17616954,Artificial Intelligence in the Conservation of Iranian Architectural Heritage: Analytical Reconstruction and Color Restoration of Sheikh Lotfollah Mosque,"Abstract: This research investigates the application of artificial intelligence (AI) to the study and conservation of the Sheikh Lotfollah Mosque, one of the most celebrated monuments of Safavid architecture in Isfahan, Iran. Using a multi-layered methodology, the study evaluated the performance of AI systems in five key domains: crack detection, geometric motif reconstruction, generative modeling, color restoration, and image enhancement. Results demonstrated that convolutional neural networks achieved recall rates of 96% in identifying micro-cracks, thereby outperforming traditional manual inspection. In motif reconstruction, polygons were restored with structural similarity (SSIM) values above 0.89, while arabesques and calligraphy remained more challenging. Generative adversarial networks produced geometrically sharp motifs, whereas diffusion models excelled in perceptual realism, suggesting hybrid potential for conservation practice. In color restoration, ΔE values remained below or near the perceptual threshold of 3.0, confirming chromatic authenticity, while image enhancement improved PSNR by 14.2 dB, revealing micro-cracks and glaze details previously undetectable. Symmetry and tessellation analysis validated that AI internalized the mathematical rules of Safavid ornament, although its tendency toward perfection underscored the importance of human oversight in preserving authenticity. The findings establish AI as a reliable diagnostic and reconstructive partner while also raising questions of authenticity, authorship, and cultural stewardship. The study concludes that AI should be framed as a digital apprentice in heritage science, capable of extending the life of Iranian architectural traditions in both material and computational domains.",2023,2023-12-17,article,en,0,0,True,green,Zenodo (CERN European Organization for Nuclear Research),repository,Seyedehshiva Hosseini; Amirhossein Hosseini*; Nima Gheitarani; Hamid Samami,Arizona State University; Hamedan University of Technology; Islamic Azad University of Tabriz; Université Paris 1 Panthéon-Sorbonne,fr; ir; us,3,1,3D Surveying and Cultural Heritage; Thermography and Photoacoustic Techniques; Masonry and Concrete Structural Analysis,Artificial intelligence; Generative grammar; Cultural heritage; Architecture; Convolutional neural network; Photography; Image restoration; Computer science; Artificial neural network; Glaze; Perception; Painting; Deep learning; Turkish; Craft; Vintage; Color analysis; Calligraphy; Engineering; Facade; Segmentation; Similarity (geometry); Computer vision; Visual arts; Aesthetics; Artificial life; Conservation; Perfection,,,artificial intelligence; neural network; generative model; convolutional,4,fr,v1,2026-08-13
https://openalex.org/W4404184966,https://doi.org/10.2139/ssrn.5012614,"Seismic, Wind and Fire Protection of Building Infrastructure and Facilities Through Renovation of Existing Elevator Devices Based on National Neural Network",,2024,2024-01-01,preprint,en,0,6,True,green,SSRN Electronic Journal,repository,Stanimir Karapetkov; Philip Philipoff; Emad Abdulahad; Каmen Ishtev; Diana Bankova; Plamen Munev; Elka Radeva; Venelin Kondov; Petia Minkova; Diana Bankova; Elka Radeva; Venelin Kondov; Petya Minkova; Daniela Arnaudova; Simeon Panev; Ivan Demerdzhiev; Blagovest Panev; Ilian Dinev; Galina Maslarska; Mehmet Salih Bayraktutan; N. Venkatanathan; Mario Muñoz-Organero; Dimo Dimov,"Angel Kanchev University of Ruse; Building Engineering and Science Talent; Gestion de l'Eau, Acteurs, Usages; Institute of Informatics and Telematics; Kōkua Kalihi Valley; New York Life Insurance Company (United States); SASTRA University; Technical University of Sofia",bg; fr; in; it; us,5,1,Earthquake Detection and Analysis; Seismology and Earthquake Studies; Knowledge Management and Technology,Elevator; Architectural engineering; Engineering; Forensic engineering; Environmental science; Aeronautics; Aerospace engineering,,,neural network,1,fr,v1,2026-08-13
https://openalex.org/W4393398931,,Caractérisation et modélisation thermo-physique des matériaux dans un milieu hétérogène. Application à la grotte de Lascaux,"The preservation of cultural heritage, such as the Lascaux cave with its 20,000-year-old cave paintings, is of great importance to human history. The decorated walls of the Lascaux cave must be carefully studied to avoid any risk of alteration, such as green rot, mould or the presence of calcite. It is common practice to study the walls separately from the surrounding environment, without taking into account the heterogeneity of the medium or its thermal exchanges with the outside environment. However, to understand the risk of changes affecting the decorated cave wall, it is essential to consider all these elements as a global ecosystem.In this context, it is necessary to carry out an in-depth characterisation of the thermo-physical properties of the materials constituting the rock mass surrounding the cavity, in order to better understand its thermal behaviour by studying the coupling between the external climate and the geology of the site. This work aims to refine the existing 3D thermal model (homogeneous medium) by taking into account variations in the thermo-physical properties of the rock mass (heterogeneous medium). In order to gain a better understanding of the thermal behaviour of the cave, a physical characterisation of the rock mass was carried out in situ using non-destructive methods such as Electrical Resistivity Tomography (ERT). These measurements represent the electrical resistivity of the materials according to 2D profiles distributed throughout the massif surrounding the cave. To classify the massif into different materials with similar properties, machine learning algorithms were used to classify the resistivity data. Once the data had been classified, kriging interpolation was used to create a 3D model representing the entire rock mass, divided into 2 to 7 materials, which were assumed to be physically and thermally homogeneous.The thermal characterisation of the materials is based on the phase shift and attenuation of the thermal waves propagating from the outside (at ground level) to each sensor. It should be noted that the cave is equipped with 21 sensors measuring the temperature of the walls at different depths (up to 21 m). Analysis of the thermal data allowed us to establish a relationship with the physical properties (resistivities) of the surrounding materials. An inverse method, based on an objective function that depends on the phase shift and attenuation of the measured and simulated waves, was used to estimate the thermal diffusivity of each material. This optimisation problem was solved using the Nelder-Mead algorithm, which proved to be robust and fast. The results obtained using this method were used to characterise the thermal diffusivity of each material in accordance with the expected physics. A simulation of heat conduction over 6 years was then carried out using the different diffusivity values in the thermal model and compared with temperature measurements.Future thermo-aerodynamic simulations based on the thermal properties of the massif determined in this work will make it possible to locate the areas most exposed to condensation according to the season, and will help to plan the annual conservation interventions in the cave. This process is essential for guiding conservation policies and future management decisions at Lascaux cave.",2023,2023-11-13,other,fr,0,0,True,green,theses.fr (ABES),repository,Habiba Lharti,Institut de Mécanique et d'Ingénierie de Bordeaux,fr,1,0,Geothermal Energy Systems and Applications; Rock Mechanics and Modeling; Building materials and conservation,Cave; Data science; Geography; Archaeology; Computer science,,,machine learning,1,fr,v1,2026-08-13
https://openalex.org/W2988877146,https://doi.org/10.48550/arxiv.1910.09705,Mobile Recognition of Wikipedia Featured Sites using Deep Learning and Crowd-sourced Imagery,"Rendering Wikipedia content through mobile and augmented reality mediums can enable new forms of interaction in urban-focused user communities facilitating learning, communication and knowledge exchange. With this objective in mind, in this work we develop a mobile application that allows for the recognition of notable sites featured on Wikipedia. The application is powered by a deep neural network that has been trained on crowd-sourced imagery describing sites of interest, such as buildings, statues, museums or other physical entities that are present and visually accessible in an urban environment. We describe an end-to-end pipeline that describes data collection, model training and evaluation of our application considering online and real world scenarios. We identify a number of challenges in the site recognition task which arise due to visual similarities amongst the classified sites as well as due to noise introduce by the surrounding built environment. We demonstrate how using mobile contextual information, such as user location, orientation and attention patterns can significantly alleviate such challenges. Moreover, we present an unsupervised learning technique to de-noise crowd-sourced imagery which improves classification performance further.",2019,2019-10-22,preprint,en,0,27,True,green,arXiv (Cornell University),repository,Jimin Tan; Anastasios Noulas; Diego Sáez-Trumper; Rossano Schifanella,Shandong University of Political Science and Law; Supélec; University of Applied Sciences and Arts of Southern Switzerland; University of Turin,ch; cn; fr; it,4,1,Multimodal Machine Learning Applications; Advanced Image and Video Retrieval Techniques; Domain Adaptation and Few-Shot Learning,Computer science; Rendering (computer graphics); Pipeline (software); Deep learning; Mobile device; Human–computer interaction; Visualization; Crowdsourcing; Artificial intelligence; Data science; Deep neural networks; Task (project management); Multimedia; World Wide Web; Economics; Programming language; Management,,,deep learning; neural network,2,fr,v1,2026-08-13
https://openalex.org/W4403919303,https://doi.org/10.1109/ro-man60168.2024.10731219,Accessibility-Aware Reinforcement Learning for Inclusive Robotic Navigation,"Robotic navigation aids humans in essential scenarios, including airport customer boarding, commercial meeting receptions, and disaster site navigation. While individuals benefit from robotic services, these services pose accessibility challenges for people with disabilities. Robots may face limitations in mobility, vision, hearing, and cognitive reasoning, hindering disabled individuals' access to these services. As robotic services become increasingly prevalent, ensuring they are inclusive and accessible is crucial, accommodating human disabilities with adaptations such as slower movements, standing support, and hazard detection. To address this issue, this study introduces a novel Accessibility-Aware Reinforcement Learning model (ARL). ARL extracts disability-related information from human behavioral observations using a contextembedding neural network. It then adjusts robot motions to provide inclusive assistance to individuals with disabilities. To assess the effectiveness of this approach, four assisting services in navigation scenarios ('lead', 'wait', 'assist', and 'protect') and three application scenarios involving navigating elderly individuals in a museum, through traffic, and across a building patio were designed. The results validate ARL's efficacy in enabling robots to make accessibility-aware decisions, thereby enhancing their support for individuals with disabilities.",2024,2024-08-26,conference-paper,en,0,38,False,closed,,,Mengsha Hu; Yunhuan Wu; Yibei Guo; Yi‐Ning Wu; Chao Shi; Lei Xu; Rui Liu,Binghamton University; Carnegie Mellon University; Kent State University; Université Paris-Saclay; Vaughn College of Aeronautics and Technology,fr; us,2,1,Robotic Path Planning Algorithms; Tactile and Sensory Interactions; Gaze Tracking and Assistive Technology,Reinforcement learning; Computer science; Human–computer interaction; Artificial intelligence,,,neural network,1,fr,v1,2026-08-13
https://openalex.org/W7150956369,https://doi.org/10.5281/zenodo.19442637,TraitBlender,"TraitBlender is an open-source Blender extension for generating synthetic museum-style specimen image and 3D mesh datasets from theoretical morphospaces. It provides a flexible framework for simulating biologically meaningful morphological variation together with realistic imaging conditions, with applications in evolutionary biology, phenomics, computer vision, and machine learning. This record corresponds to TraitBlender version 2.1.0. It preserves the exact files distributed with the GitHub v2.0.0 release, including both the release source archives and the installable extension packages built from that release for supported platforms. Included files:- TraitBlender-2.1.0.zip — source-code archive for v2.0.0- TraitBlender-2.1.0.tar.gz — source-code archive for v2.0.0- traitblender-v2.1.0-windows.zip — Blender extension package for Windows- traitblender-v2.1.0-mac.zip — Blender extension package for macOS- traitblender-v2.1.0-linux.zip — Blender extension package for Linux- traitblender-v2.1.0-linux-headless.zip — Blender extension package for headless Linux / HPC environments By archiving the full set of GitHub release assets, this record ensures that the citable Zenodo release matches the distributed software artifacts for TraitBlender v2.1.0. Repository: https://github.com/Imageomics/TraitBlender Please cite this record when using TraitBlender in published research.",2026,2026-04-06,software,,0,0,True,green,Zenodo (CERN European Organization for Nuclear Research),repository,Caleb Charpentier; T. Mason Linscott; John Bradley; Elizabeth Campolongo; Matthew Thompson; Josef C Uyeda,Duke University; Institut des Maladies Génétiques Imagine; New Mexico State University; Virginia Tech,fr; us,2,1,,Extension (predicate logic); Computer science; Set (abstract data type); Software; R package; Computer graphics (images); Software package; Engineering drawing; Open source; Operating system; Programming language; 3d model; Variation (astronomy),,,machine learning; computer vision,2,fr,v1,2026-08-13
https://openalex.org/W7162130143,https://doi.org/10.5281/zenodo.20349140,TraitBlender,"TraitBlender is an open-source Blender extension for generating synthetic museum-style specimen image and 3D mesh datasets from theoretical morphospaces. It provides a flexible framework for simulating biologically meaningful morphological variation together with realistic imaging conditions, with applications in evolutionary biology, phenomics, computer vision, and machine learning. This record corresponds to TraitBlender version 2.2.0. Along with minor bug fixes, v2.2.0 integrates TraitBlender with ATLAS. Porto, A. (2025). ATLAS: Automated Template-based Landmark Alignment System. GitHub repository. https://github.com/agporto/ATLAS Included files:- TraitBlender-2.2.0.zip — source-code archive for v2.2.0- TraitBlender-2.2.0.tar.gz — source-code archive for v2.2.0- traitblender-v2.2.0-windows.zip — Blender extension package for Windows- traitblender-v2.2.0-mac.zip — Blender extension package for macOS- traitblender-v2.2.0-linux.zip — Blender extension package for Linux- traitblender-v2.2.0-linux-headless.zip — Blender extension package for headless Linux / HPC environments By archiving the full set of GitHub release assets, this record ensures that the citable Zenodo release matches the distributed software artifacts for TraitBlender v2.2.0. Repository: https://github.com/Imageomics/TraitBlender Please cite this record when using TraitBlender in published research.",2026,2026-05-22,software,,0,0,True,green,Zenodo (CERN European Organization for Nuclear Research),repository,Caleb Charpentier; T. Mason Linscott; John Bradley; Elizabeth Campolongo; Matthew Thompson; Josef C Uyeda,Duke University; Institut des Maladies Génétiques Imagine; New Mexico State University; Virginia Tech,fr; us,2,1,,Computer science; Extension (predicate logic); Set (abstract data type); Software; R package; Computer graphics (images); Software package; Landmark; Variation (astronomy); Engineering drawing; Artificial intelligence; Computer vision; 3d model; Key (lock); Minor (academic); Scheme (mathematics); Programming language,,,machine learning; computer vision,2,fr,v1,2026-08-13
https://openalex.org/W7139934169,https://doi.org/10.5281/zenodo.19140353,TraitBlender,"TraitBlender is an open-source Blender extension for generating synthetic museum-style specimen image and 3D mesh datasets from theoretical morphospaces. It provides a flexible framework for simulating biologically meaningful morphological variation together with realistic imaging conditions, with applications in evolutionary biology, phenomics, computer vision, and machine learning. This record corresponds to TraitBlender version 2.0.0. It preserves the exact files distributed with the GitHub v2.0.0 release, including both the release source archives and the installable extension packages built from that release for supported platforms. Included files:- TraitBlender-2.0.0.zip — source-code archive for v2.0.0- TraitBlender-2.0.0.tar.gz — source-code archive for v2.0.0- traitblender-v2.0.0-windows.zip — Blender extension package for Windows- traitblender-v2.0.0-mac.zip — Blender extension package for macOS- traitblender-v2.0.0-linux.zip — Blender extension package for Linux- traitblender-v2.0.0-linux-headless.zip — Blender extension package for headless Linux / HPC environments By archiving the full set of GitHub release assets, this record ensures that the citable Zenodo release matches the distributed software artifacts for TraitBlender v2.0.0. Repository: https://github.com/Imageomics/TraitBlender Please cite this record when using TraitBlender in published research.",2026,2026-03-20,software,,0,0,True,green,Zenodo (CERN European Organization for Nuclear Research),repository,Caleb Charpentier; T. Mason Linscott; John Bradley; Elizabeth Campolongo; Matthew Thompson; Josef C Uyeda,Duke University; Institut des Maladies Génétiques Imagine; New Mexico State University; Virginia Tech,fr; us,2,1,,Extension (predicate logic); Computer science; Set (abstract data type); Software; R package; Computer graphics (images); Software package; Engineering drawing; Open source; Operating system; Programming language; 3d model; Variation (astronomy),,,machine learning; computer vision,2,fr,v1,2026-08-13
https://openalex.org/W4417102130,https://doi.org/10.3897/biss.9.180774,Evaluating Deep Learning Architectures for 3D Point Cloud Classification of Mammalian Bones,"Bone classification is fundamental in paleontology, evolutionary biology, and museum collection management, where natural history museums house billions of specimens documenting biodiversity. Traditional bone identification has relied on specialist expertise and manual methods, but with rapid digitization of collections and advances in 3D scanning, computer-assisted approaches are increasingly adopted. Among digital formats, 3D point clouds (Qi et al. 2017a) produced using scanning techniques such as surface scanning, photogrammetry, and computed tomography (CT) have become preferred representations as they preserve fine structural details while remaining computationally efficient. However, the absence of inherent ordering in 3D point space poses fundamental challenges for conventional deep learning models, and scaling manual classification to vast digital collections remains problematic. This study evaluates and compares state-of-the-art deep learning architectures, specifically designed for 3D point cloud processing, on mammalian bone classification. We assembled a dataset of 1,641 3D bone specimens representing 14 bone-type classes, 302 species, 203 genera, 40 families, and 28 orders, obtained through digitization as part of the e-COL+ project*1, which aims to digitize a wide range of zoological specimens in 3D and is led by the MNHN, Paris. This taxonomic breadth increases morphological variability and provides a valuable benchmark for evaluating generalization capacity. All 3D meshes were standardized by converting to point clouds, downsampled to 1,024 points using Furthest Point Sampling (FPS) algorithm, and normalized to unit spheres (Fig. 1). Training data underwent augmentation including random rotations, scaling, and Gaussian jittering, with an 80–20 train-validation split. We evaluated seven architectures: PointNet (Qi et al. 2017a), PointNet++ (Qi et al. 2017b), Dynamic Graph CNN (DGCNN) (Wang et al. 2019), Point Transformer (Zhao et al. 2021), Point Cloud Transformer (Guo et al. 2021), PointMLP (Ma et al. 2022) and PointNeXt (Qian et al. 2022). Models were implemented in PyTorch, trained for 150 epochs using Adam optimizer with step-based learning rate scheduling, and employed cross-entropy loss with label smoothing and class weighting to address imbalance. Results in Table 1 demonstrate clear performance differences in overall accuracy, mean accuracy and f1-score metrics across model families. PointMLP achieved the highest performance with 98.29% ± 0.2% overall accuracy, showing excellent discriminative capacity and stable generalization. PointNeXt and Point Transformer followed closely with 98.19% ± 0.5% and 97.89% ± 2.4% overall accuracy respectively, highlighting effective feature learning capabilities. Earlier architectures like PointNet performed substantially worse at 82.53% ± 2.4% overall accuracy, reflecting limited capacity for capturing local geometric dependencies. The progression from PointNet to PointNet++ (87.95% ± 0.5%) demonstrates the importance of hierarchical feature learning, while DGCNN (93.27% ± 1.7%) and PCT (95.88% ± 0.8%) show intermediate performance levels. Notably, PointMLP exhibited the lowest variance across all metrics, indicating superior training stability and generalization consistency. The findings reveal that architectures emphasizing sophisticated feature aggregation mechanisms (PointMLP, PointNeXt, Point Transformer) currently provide the most accurate and generalizable solutions for bone point cloud classification. Modern MLP-based approaches like PointMLP demonstrate particular effectiveness, combining computational efficiency with superior performance (98.01% ± 0.3% mean accuracy, 97.89% ± 0.3% mean F1-score). Advanced architectures including Point Transformer and PointNeXt achieve comparable accuracy levels (&amp;gt;97% overall accuracy) while offering different trade-offs between model complexity and geometric reasoning capabilities. Earlier generation models (PointNet, PointNet++) remain viable for baseline comparisons but exhibit significant performance gaps relative to state-of-the-art architectures. This research demonstrates the potential of point cloud deep learning for advancing automated morphological analysis in biodiversity research. Despite limited training data, these models accurately classify complex biological structures, with top-performing architectures exceeding 98% classification accuracy, underscoring deep learning effectiveness for such applications. The success of modern deep learning architectures opens new possibilities for large-scale automated classification of museum collections, supporting digitization efforts of natural history institutions worldwide. Future work should focus on investigating the scalability of high-performing architectures to larger taxonomic datasets and exploring multi-modal approaches combining geometric and taxonomic information.",2025,2025-12-08,article,en,0,6,True,diamond,Biodiversity Information Science and Standards,journal,Zakaria Doubabi; Hanane Ariouat; Eric Chenin; Jihad Zahir; Christophe Denis; Youcef Sklab,Cadi Ayyad University; Institut de Recherche pour le Développement; Sorbonne Université; Unité de Modélisation Mathématique et Informatique des Systèmes Complexes,fr; ma,2,1,Forensic Anthropology and Bioarchaeology Studies; Morphological variations and asymmetry; 3D Shape Modeling and Analysis,Point cloud; Deep learning; Digitization; Computer science; Artificial intelligence; Digital pathology; Benchmark (surveying); Identification (biology); Point (geometry); Reverse engineering; Generalization; Range (aeronautics); Polygon mesh; Machine learning; Pattern recognition (psychology); Computer vision; 3d scanning; Cloud computing; Gaussian; Big data; 3d model; Sampling (signal processing),,,deep learning,1,fr,v1,2026-08-13
https://openalex.org/W7164322612,https://doi.org/10.5281/zenodo.20647329,TraitBlender,"TraitBlender is an open-source Blender extension for generating synthetic museum-style specimen image and 3D mesh datasets from theoretical morphospaces. It provides a flexible framework for simulating biologically meaningful morphological variation together with realistic imaging conditions, with applications in evolutionary biology, phenomics, computer vision, and machine learning. This record corresponds to TraitBlender version 2.3.0. Along with minor bug fixes, v2.3.0 adds new helper-operators to the GUI, adds a new k parameter to the Shell (Default), and adjusts the ornamentation depth parameters to avoid overlap between the outer and inner-shell surfaces. Included files:- TraitBlender-2.3.0.zip — source-code archive for v2.3.0- TraitBlender-2.3.0.tar.gz — source-code archive for v2.3.0- traitblender-v2.3.0-windows.zip — Blender extension package for Windows- traitblender-v2.3.0-mac.zip — Blender extension package for macOS- traitblender-v2.3.0-linux.zip — Blender extension package for Linux- traitblender-v2.3.0-linux-headless.zip — Blender extension package for headless Linux / HPC environments By archiving the full set of GitHub release assets, this record ensures that the citable Zenodo release matches the distributed software artifacts for TraitBlender v2.3.0. Repository: https://github.com/Imageomics/TraitBlender Please cite this record when using TraitBlender in published research.",2026,2026-06-11,software,,0,0,True,green,Zenodo (CERN European Organization for Nuclear Research),repository,Caleb Charpentier; T. Mason Linscott; John Bradley; Elizabeth G. Campolongo; Matthew J Thompson; Arthur Porto; Josef C. Uyeda,Duke University; Institut des Maladies Génétiques Imagine; New Mexico State University; University of Florida; Virginia Tech,fr; us,2,1,,Extension (predicate logic); Computer science; Set (abstract data type); Software; R package; Computer graphics (images); Software package; Shell (structure); Variation (astronomy); Engineering drawing; Key (lock); 3d model; Minor (academic); Artificial intelligence; Programming language; Computer vision; Data set,,,machine learning; computer vision,2,fr,v1,2026-08-13
https://openalex.org/W4220972249,https://doi.org/10.5194/egusphere-egu22-11661,Novel Underwater Mapping Services through European Open Science Cloud,"&amp;lt;p&amp;gt;Seafloor mapping is closely related to studying and understanding the ocean, which has increasingly raised interest in the past years. Coastal management, habitat loss, underwater cultural heritage, natural disasters, marine resources and offshore installations have underlined the need of charting the seabed. This upturn has been encouraged by many national and international initiatives and culminated in the declaration of the Decade of Ocean Science for Sustainable Development (2021-2030) by the United Nations, 2017.&amp;amp;#160;&amp;lt;/p&amp;gt;&amp;lt;p&amp;gt;Novel Underwater cloud services offered through the EC H2020 NEANIAS project support this joint quest by implementing Open Science procedures through the European Open Science Cloud (EOSC). The services produce user-friendly, cloud-based solutions addressing bathymetry processing, seafloor mosaicking and classification. Hence, NEANIAS Underwater services target various end-users, representing different scientific and professional communities by offering three applications.&amp;lt;/p&amp;gt;&amp;lt;p&amp;gt;The Bathymetry Mapping from Acoustic Data (UW-BAT) service provides a user-friendly and cloud-based edition of the well known open-source MB-System, via Jupyter notebooks. This service produces bathymetric grids and maps after processing the data through&amp;amp;#959;ut a flexible and fit-for-purpose workflow by implementing sound speed corrections, applying tides, filters and choosing the required spatial resolution.&amp;lt;/p&amp;gt;&amp;lt;p&amp;gt;The Seafloor Mosaicking from Optical Data (UW-MOS) service provides a solution for representing a large area of the seafloor, in the order of tens of thousands of images, and tackling visibility limitations from the water column. The service performs several steps like camera calibration, image undistortion, enhancement, and quality control. The final product could be a 2D image Mosaic or a 3D model.&amp;lt;/p&amp;gt;&amp;lt;p&amp;gt;The Seabed Classification from Multispectral, Multibeam Data (UW-MM) service focuses on seabed classification by implementing cutting-edge machine learning techniques and at the same time providing a user-friendly framework. The service unfolds within four steps: uploading the data, selecting the desired seabed classes, producing the classification map, and downloading the results.&amp;lt;/p&amp;gt;&amp;lt;p&amp;gt;Therefore, NEANIAS Underwater services exploit cutting-edge technologies providing highly accurate results, regardless of the level of expertise of the end-user, and reducing the time and cost of the processing. Moreover, the accessibility to sophisticated services can simplify and promote the correlation of interdisciplinary data towards the comprehension of the ocean, and the contribution of these innovative services is expected to be of high value to the marine community.&amp;lt;/p&amp;gt;",2022,2022-03-28,conference-abstract,en,0,0,True,gold,,,Κωνσταντίνος Καράντζαλος; Paraskevi Nomikou; Paul Wintersteller; Josep Quintana; Kalliopi Baika; Valsamis Ntouskos; Danai Lampridou; Jafar Anbar; NEANIAS team members,Aix-Marseille Université; Athena Research and Innovation Center In Information Communication & Knowledge Technologies; Centre National de la Recherche Scientifique; National Technical University of Athens; National and Kapodistrian University of Athens,fr; gr,2,1,Underwater Vehicles and Communication Systems; Underwater Acoustics Research; Maritime Navigation and Safety,Cloud computing; Bathymetry; Service (business); Workflow; Oceanography; Underwater; Computer science; Environmental resource management; Environmental science; Business; Geology; Database; Operating system; Marketing,,,machine learning,1,fr,v1,2026-08-13
https://openalex.org/W7171658403,https://doi.org/10.5281/zenodo.21693659,TraitBlender,"TraitBlender is an open-source Blender extension for generating synthetic museum-style specimen image and 3D mesh datasets from theoretical morphospaces. It provides a flexible framework for simulating biologically meaningful morphological variation together with realistic imaging conditions, with applications in evolutionary biology, phenomics, computer vision, and machine learning. This record corresponds to TraitBlender version 2.4.0. Along with bug fixes, this version renames the ATLAS morphospace to MorphoWeave in accordance to the new name of that software, adjusts the orientation behavior more mesh exports, adds a new simple system for unit testing, and implements a flexible new user-specified rotation based orientation system. Included files:- TraitBlender-2.4.0.zip — source-code archive for v2.4.0- TraitBlender-2.4.0.tar.gz — source-code archive for v2.4.0- traitblender-v2.4.0-windows.zip — Blender extension package for Windows- traitblender-v2.4.0-mac.zip — Blender extension package for macOS- traitblender-v2.4.0-linux.zip — Blender extension package for Linux- traitblender-v2.4.0-linux-headless.zip — Blender extension package for headless Linux / HPC environments By archiving the full set of GitHub release assets, this record ensures that the citable Zenodo release matches the distributed software artifacts for TraitBlender v2.4.0. Repository: https://github.com/Imageomics/TraitBlender Please cite this record when using TraitBlender in published research.",2026,2026-06-11,software,,0,0,True,green,Zenodo (CERN European Organization for Nuclear Research),repository,Caleb Charpentier; T. Mason Linscott; John Bradley; Elizabeth G. Campolongo; Matthew J Thompson; Arthur Porto; Josef C. Uyeda,Duke University; Institut des Maladies Génétiques Imagine; New Mexico State University; University of Florida; Virginia Tech,fr; us,2,1,,Computer science; Extension (predicate logic); Software; Set (abstract data type); Orientation (vector space); Computer graphics (images); Simple (philosophy); Rotation (mathematics); Software package; R package; Atlas (anatomy); Engineering drawing; Artificial intelligence; 3d model; Variation (astronomy),,,machine learning; computer vision,2,fr,v1,2026-08-13
https://openalex.org/W4404525133,,"BRAIN EVOLUTION: PALAEOSCIENCES, NEUROSCIENCE AND ARTIFICIAL INTELLIGENCE","Foreword/Avant-proposComment notre cerveau a-t-il évolué ? Quels caractères distinguent notre cerveau de celui des chimpanzés et bonobos, nos plus proches parents, et comment sont-ils apparus ? Pour répondre à ces questions, nous devons nous pencher sur le registre fossile qui documente les 7 derniers millions d’années d’évolution humaine. Contrairement à l’os et aux dents, les tissus mous de l’organisme ne fossilisent que très rarement et les informations concernant le cerveau de nos ancêtres et parents se limitent aux impressions que cet organe laisse sur la surface interne de la boîte crânienne (c.-à-d. l’endocrâne). Ces empreintes sont notoirement difficiles à décrire, analyser et interpréter. Dans ce contexte, nous avons développé dans le cadre du programme Protea des partenariats Hubert Curien (National Research Foundation of South Africa, de l’Ambassade de France en Afrique du Sud, du Ministère de l’Europe et des Affaires Etrangères, et du Ministère de l’Education Nationale, de l'Enseignement Supérieur et de la Recherche) le projet « EndoMap: Mapping the brain of our ancestors ». Ce projet a pour but de rassembler les compétences des neuroscientifiques (Centre de Recherche Cerveau et Cognition), et informaticiens-mathématiciens (Institut de Mathématiques) à Toulouse (France), ainsi que les paléontologues (School of Geography, Archaeology and Environmental Studies of the University of the Witwatersrand) de Johannesburg afin de mettre au point de nouveaux outils permettant une relecture des endocrânes fossiles (voir l’article d’E. de Jager dans ce numéro). Cette approche s’est révélée fructueuse avec la publication de plusieurs articles scientifiques (de Jager et al., 2019, 2022 ; Beaudet &amp; Fonta, 2020 ; Beaudet &amp; de Jager, 2023), la participation à des conférences internationales (British Association for Biological Anthropology and Osteoarchaeology, Cortical Evolution, Federation of European Neuroscience Societies, European Society for the study of Human Evolution) et l’organisation de réunions scientifiques (From Fossils to Mind en ligne, BrAIn Evolution à Johannesburg), mais également des activités de dissémination avec la présentation de la paléontologue sud-africaine Mirriam Tawane au Muséum de Toulouse (voir premier article de ce numéro). Cependant, l’avancement des travaux d’EndoMap fait face à des obstacles à la fois méthodologiques et conceptuels qui nécessitent de se tourner vers d’autres disciplines. Comment faire face aux données manquantes qui résultent de la nature fragmentaire du registre fossile ? Comment quantifier et interpréter la variation au sein des échantillons ? Les membres du projet EndoMap ont alors invité des spécialistes de différents domaines à échanger et réfléchir aux possibles apports et contributions d’une technologie comme l’intelligence artificielle à ces questions (voir dans ce numéro les articles de J. Shock &amp; R. Catzel, J. Aramendi &amp; L. Courtenay, B. Rosman &amp; D. Stratford) et des disciplines qui traitent du comportement (psychologie, bioarchéologie) (voir dans ce numéro les articles de V. Williams, Z. Pretorius &amp; K. Cockcroft, S. Prat). Dans cette optique, l’équipe d’EndoMap et l’IFAS-Recherche ont organisé les 22-23 Novembre 2023 à Johannesburg le colloque BrAIn Evolution : Palaeosciences, Neuroscience and Artificial Intelligence. En plus de communiquer le bilan des travaux réalisés dans le cadre du projet EndoMap, ce colloque a posé les fondements de nouvelles collaborations entre la France et l’Afrique du Sud et ouvert de nouvelles perspectives sur le développement d’une approche résolument interdisciplinaire présentée dans l’article qui ouvre ce numéro. Ce vingt-sixième numéro de Lesedi vise ainsi à rendre compte des échanges menés et des différents projets qui ont contribué à cette réflexion collective et pluridisciplinaire. Amélie Beaudet et Caroline Fontaamelie.beaudet@univ-poitiers.frcaroline.fonta@cnrs.fr",2024,2024-04-01,other,fr,0,0,True,green,HAL (Le Centre pour la Communication Scientifique Directe),repository,Caroline Fonta; Amélie Beaudet; Annael Le Poullennec,Centre de recherche cerveau et cognition; Institute of Paleoprimatology Human Paleontology Evolution and Paleoenvironments; Laboratoire Paléontologie Évolution Paléoécosystèmes Paléoprimatologie; Université de Poitiers,fr,1,0,Language and cultural evolution,Neuroscience; Cognitive science; Psychology; Computer science; Artificial intelligence,,,artificial intelligence,1,fr,v1,2026-08-13
https://openalex.org/W7106584045,https://doi.org/10.5281/zenodo.17699571,KastorText2KG_V2,"KastorKG is the distilled knowledge graph produced by the https://github.com/datalogism/Kastor pipeline. It is built from DBpedia by filtering triples through SHACL shapes and verifying their grounding in Wikipedia abstracts (Wikicheck step). The KB is stored as a set of named graphs in Apache Jena TDB, queryable via a Corese SPARQL endpoint. --- Statistics - ~141 000 wiki-validated entities across 18 DBpedia classes: Airport, Artist, Athlete, Building, CelestialBody, City, ComicsCharacter, Company, Film, Food, MeanOfTransportation, Monument, MusicalWork, Politician, Scientist, SportsTeam, University, WrittenWork - Relations are drawn exclusively from the DBpedia Ontology (dbo, verified to appear in the corresponding Wikipedia abstract - 4 stratified train/test samples (RD⁰–RD³) and 2 human-corrected annotation sets are included --- RDF namespaces used ┌────────┬─────────────────────────────────────────────┐ │ Prefix │ Namespace │ ├────────┼─────────────────────────────────────────────┤ │ dbo: │ http://dbpedia.org/ontology/ │ ├────────┼─────────────────────────────────────────────┤ │ dbr: │ http://dbpedia.org/resource/ │ ├────────┼─────────────────────────────────────────────┤ │ rdfs: │ http://www.w3.org/2000/01/rdf-schema# │ ├────────┼─────────────────────────────────────────────┤ │ rdf: │ http://www.w3.org/1999/02/22-rdf-syntax-ns# │ ├────────┼─────────────────────────────────────────────┤ │ xsd: │ http://www.w3.org/2001/XMLSchema# │ ├────────┼─────────────────────────────────────────────┤ │ sh: │ http://www.w3.org/ns/shacl# │ ├────────┼─────────────────────────────────────────────┤ │ kstor: │ http://ns.inria.fr/kstor/ │ └────────┴─────────────────────────────────────────────┘ --- Named graph structure (http://ns.inria.fr/kstor/) - shapes/{shape} — SHACL shape definitions - class_randoms_id/{class} — random UUIDs per entity (reproducible sampling) - inferences/{shape} — triples inferred by SPARQL rules materialization (e.g. dbo:birthDate → dbo:birthYear) - wiki_md/{class} — Wikipedia Markdown abstracts (rdfs:comment) - wikichecked/{shape}/abtract_md — main distilled KB (wiki-validated triples) - wikinew_202004/ — temporal split (articles published after April 2020) The default graph (urn:x-arqefaultGraph) holds the full source DBpedia dump. --- Loading and querying Load the dump with Apache Jena tdbloader, then start the Corese server: java -Xmx10g -jar corese-server-4.5.0.jar -init config.properties The SPARQL endpoint is then available at http://localhost:8080/sparql. See the https://github.com/datalogism/Kastor for setup instructions and example queries.",2026,2026-03-04,dataset,en,0,0,True,green,Zenodo (CERN European Organization for Nuclear Research),repository,"Ringwald, Célian","Human Computer Interaction (Switzerland); WIMMICS: Web-Instrumented huMan-Machine Interactions, Communities and Semantics",ch; fr,2,1,,SPARQL; Namespace; Computer science; RDF; Graph; Information retrieval; Linked data; Semantic Web; Annotation; Ontology; Prefix; Named graph; Semantics (computer science); Set (abstract data type); Directed acyclic graph; World Wide Web; RDF Schema; Question answering; Precision and recall; Knowledge graph; XML; Training set,,,knowledge graph,1,fr,v1,2026-08-13
https://openalex.org/W7133539250,https://doi.org/10.5281/zenodo.18862240,KastorText2KG_V2,"KastorKG is the distilled knowledge graph produced by the https://github.com/datalogism/Kastor pipeline. It is built from DBpedia by filtering triples through SHACL shapes and verifying their grounding in Wikipedia abstracts (Wikicheck step). The KB is stored as a set of named graphs in Apache Jena TDB, queryable via a Corese SPARQL endpoint. --- Statistics - ~141 000 wiki-validated entities across 18 DBpedia classes: Airport, Artist, Athlete, Building, CelestialBody, City, ComicsCharacter, Company, Film, Food, MeanOfTransportation, Monument, MusicalWork, Politician, Scientist, SportsTeam, University, WrittenWork - Relations are drawn exclusively from the DBpedia Ontology (dbo, verified to appear in the corresponding Wikipedia abstract - 4 stratified train/test samples (RD⁰–RD³) and 2 human-corrected annotation sets are included --- RDF namespaces used ┌────────┬─────────────────────────────────────────────┐ │ Prefix │ Namespace │ ├────────┼─────────────────────────────────────────────┤ │ dbo: │ http://dbpedia.org/ontology/ │ ├────────┼─────────────────────────────────────────────┤ │ dbr: │ http://dbpedia.org/resource/ │ ├────────┼─────────────────────────────────────────────┤ │ rdfs: │ http://www.w3.org/2000/01/rdf-schema# │ ├────────┼─────────────────────────────────────────────┤ │ rdf: │ http://www.w3.org/1999/02/22-rdf-syntax-ns# │ ├────────┼─────────────────────────────────────────────┤ │ xsd: │ http://www.w3.org/2001/XMLSchema# │ ├────────┼─────────────────────────────────────────────┤ │ sh: │ http://www.w3.org/ns/shacl# │ ├────────┼─────────────────────────────────────────────┤ │ kstor: │ http://ns.inria.fr/kstor/ │ └────────┴─────────────────────────────────────────────┘ --- Named graph structure (http://ns.inria.fr/kstor/) - shapes/{shape} — SHACL shape definitions - class_randoms_id/{class} — random UUIDs per entity (reproducible sampling) - inferences/{shape} — triples inferred by SPARQL rules materialization (e.g. dbo:birthDate → dbo:birthYear) - wiki_md/{class} — Wikipedia Markdown abstracts (rdfs:comment) - wikichecked/{shape}/abtract_md — main distilled KB (wiki-validated triples) - wikinew_202004/ — temporal split (articles published after April 2020) The default graph (urn:x-arqefaultGraph) holds the full source DBpedia dump. --- Loading and querying Load the dump with Apache Jena tdbloader, then start the Corese server: java -Xmx10g -jar corese-server-4.5.0.jar -init config.properties The SPARQL endpoint is then available at http://localhost:8080/sparql. See the https://github.com/datalogism/Kastor for setup instructions and example queries.",2026,2026-03-04,dataset,en,0,0,True,green,Zenodo (CERN European Organization for Nuclear Research),repository,Célian Ringwald,"Human Computer Interaction (Switzerland); WIMMICS: Web-Instrumented huMan-Machine Interactions, Communities and Semantics",ch; fr,2,1,,SPARQL; Namespace; Computer science; RDF; Graph; Information retrieval; Linked data; Semantic Web; Annotation; Ontology; Prefix; Named graph; Semantics (computer science); Set (abstract data type); Directed acyclic graph; World Wide Web; RDF Schema; Question answering; Precision and recall; Knowledge graph; XML; Training set,,,knowledge graph,1,fr,v1,2026-08-13
https://openalex.org/W2619086328,,"Construction sociale d'une esthétique artificielle : Berenson, un robot amateur d'art","In this thesis we propose a robot as tool to study minimal bricks that helps human develop their aesthetic preferences. We refer to the robot preference using the term Artificial Esthetics (A.E).Several research work tries to establish a unified theory of esthetics. We divide them into two approaches. In one side, the empirical approaches which study esthetic preferences in an experimental manner. We mainly discuss the more radical branch of those approaches named ""Neuroesthetic"". Neuroesthetic advocates the existence of neural structures dedicated to visual scene preference and particularly to art appreciation. In another side, the social approaches which advocate that esthetic preferences are transmitted generation after generation, and they are built according to the individual historic and his interaction with others. Historical contextualism is a branch of the social approaches of art that draws a link between the appreciation of an artwork and the context where the artwork is observed.Without rejecting the neuroscientific approach, we choose a social and developmental way to study artificial esthetic using experimental methods from the empirical esthetic. We study the esthetic preferences development in the social referencing framework. Social referencing is the ability to attribute emotional values to à priori neutral objects. We test our hypothesis on a mobile robot in a triadic interaction : human-robot-object. This in a natural human centered environment. Humans play the role of the teachers. They have to fololow the robot in his development and teach it their preferences in order to help it develop its own ""taste"".We chose to conduct our experiment in places dominated by art and esthetics like museums and art galleries, however, this kind of experiment can take place anyway where human and objects are present.We named our robot Berenson in reference to a famous art historian of the 19th century. Berenson is a tool to understand how human project intentions into machines in one hand, and in the other hand the robot helps scientist build and understand minimal artificial intelligence bricks to build an artificial esthetic.",2017,2017-02-28,other,fr,0,0,True,green,theses.fr (ABES),repository,Ali Karaouzene,Equipes Traitement de l'Information et Systèmes,fr,1,0,Aesthetic Perception and Analysis,Humanities; Art; Philosophy,,,artificial intelligence,1,fr,v1,2026-08-13
https://openalex.org/W4247743553,https://doi.org/10.22541/au.162333861.15420336/v1,Environmental DNA for biomonitoring,"Environmental DNA for biomonitoringJan Pawlowski1,2,3, Aurélie Bonin4, Frédéric Boyer5, Tristan Cordier1,6, Pierre Taberlet5,71 Department of Genetics and Evolution, University of Geneva, Geneva, Switzerland2 Institute of Oceanology, Polish Academy of Sciences, Sopot, Poland3 ID-Gene Ecodiagnostics, Geneva, Switzerland4 Department of Environmental Science and Policy, Università degli Studi di Milano, Milano, Italy5 Laboratoire d’Ecologie Alpine (LECA), CNRS, Université Grenoble Alpes, Grenoble, France6 NORCE Climate, NORCE Norwegian Research Centre AS, Bjerknes Centre for Climate Research, Jahnebakken 5, 5007 Bergen, Norway7 Tromsø Museum, UiT – The Arctic University of Norway, Tromsø, NorwayCorresponding authorJan.Pawlowski@unige.chIn 2012, Molecular Ecology published a special issue on environmental DNA, which provided an overview of the field of eDNA research and presented a selection of papers on eDNA studies (Taberlet, Coissac, Hajibabaei, & Rieseberg, 2012). This special issue also introduced the concept of Biomonitoring 2.0, advocating for the use of DNA-based identification of taxa in biodiversity surveys and ecosystem assessment (Baird & Hajibabaei, 2012). Since then, hundreds of papers have been published covering various aspects of eDNA-based biomonitoring from single-species detection to community studies and environmental impact assessments. Numerous reviews have summarized these studies for both freshwater and marine environments (e.g. Bohmann et al., 2014; Thomsen & Willerslev, 2015).The progress made in the eDNA field during these last ten years has been spectacular (Taberlet, Bonin, Zinger, & Coissac, 2018). Although the basic concepts and workflow of DNA barcoding and metabarcoding have not changed, the technological advances in high-throughput sequencing have greatly facilitated the access to eDNA data. It has become possible to monitor biodiversity with unprecedented precision and depth. Massive environmental genomic datasets have been rapidly generated at relatively low cost. The analysis of these datasets using machine learning and other taxonomy-free approaches opened wide the doors for using new groups of bioindicators to infer ecological status (Cordier et al., 2018; Cordier, Lanzén, Apothéloz-Perret-Gentil, Stoeck, & Pawlowski, 2019; Pawlowski et al., 2018). At the same time, constant efforts to fill gaps in barcoding reference databases considerably increased the effectiveness of taxonomic identification of eDNA data (Weigand et al., 2019).Astonishingly, these rapid advances in eDNA-based technologies are rather timidly implemented in routine biomonitoring (Hering et al., 2018; Shackleton et al., 2021). Although the concept of Biomonitoring 2.0 is widely endorsed, its acceptance in practice is hampered for various reasons. There is no consensus whether eDNA-based biomonitoring should only apply to conventional bioindicators (Renovate) or should also include new bioindicators (Rebuild) or new taxonomy-free approaches (Revolutionize) (see Fig. 1). Moreover, three main steps on the roadmap from eDNA to biomonitoring are not developed equally. The main attention is given to the development and optimization of eDNA data generation and analysis. The standardization of eDNA methods and their translation into legislatory framework remain at a very early stage. One of the main issues impeding the application of eDNA-based tools concerns the lack of congruence between the results of traditional and molecular analyses (Aylagas et al., 2020). It is expected that the new method is “safe to use” only if it provides the same or almost same results as the conventional one. However, obtaining such perfect congruence is often impossible because the character of data is very different (e.g., abundance of individuals vs abundance of eDNA reads). Moreover, the eDNA “ecology” can hardly be translated directly into species ecology. There are also numerous biological and technical biases that can affect the generation and processing of eDNA data, impacting their interpretation.This special issue addresses some of these challenges by presenting the latest advances in eDNA field and discussing their strengths and limitations when applied to routine biomonitoring. The issue comprises 29 papers grouped into four sections and covering different aspects of eDNA applications. It is accompanied by an opinion paper, which clarifies the eDNA terminology in relation to its use in biomonitoring (Pawlowski, Apothéloz-Perret-Gentil, & Altermatt, 2020). The first section comprises a series of studies using new analytical tools (e.g. machine learning), new types of bioindicators and genomic data (e.g. shotgun sequencing) for the assessment of ecological status. It is followed by a section dedicated to fish eDNA, whose application in biomonitoring is the most advanced. The third section comprises papers dealing with various methodological aspects and the comparison between conventional and molecular methods. The final section presents few examples of eDNA applications for biodiversity surveys and population genetics.Novel approaches to monitor ecosystemsThe development of environmental genomics enables monitoring of microbial and meiofaunal communities that were previously inaccessible when using conventional methods. However, our knowledge of the ecology of these communities is very limited and therefore new analytic approaches are necessary to integrate them into routine bioassessment. This section begins with a review of implementation strategies for the application of environmental genomics in ecological diagnostics (Cordier et al., 2021). The authors introduce four broad categories of possible strategies, including (1) DNA-based taxonomic identification of known bioindicators, (2) taxonomy-free discovery of new bioindicators, (3) structural community metrics, and (4) functional community metrics. Each of these strategies is adapted to a particular type of data (metabarcoding, metagenomics, metatranscriptomics) and rely on different computational analyses in order to provide an assessment of the ecological status.Among the different analytical tools, machine learning seems to be the most promising way to predict the ecological status (Cordier et al., 2018, 2019). In this issue, its performance is tested in the case of the benthic diatoms index widely used in the assessment of ecological quality of rivers and streams (Apothéloz-Perret-Gentil et al., 2021). This study shows that supervised machine learning performs better than the taxonomic assignment, but its predictions are similar to those obtained using a taxonomy-free molecular assignment approach. Moreover, the efficiency of a taxonomic assignment method strongly depends on the completeness of the reference database, highlighting the need to fill in the existing gaps, particularly in the case of bioindicator taxa.The ability of de novo prokaryotic bioindicators to predict multiple anthropogenic impacts on estuarine and coastal benthic communities is demonstrated by Lanzén, Mendibil, Borja, & Alonso-Sáez (2021). The authors compare their results to the traditional macrofauna-based indices and discuss various advantages of using microbial bioindicators as they are more sensitive to different abiotic pressures. Similar conclusions were reached in the case of environmental impact assessment of marine aquaculture (Frühe et al., 2021) and the oil and gas industry (Mauffrey et al., 2021). Both studies demonstrate the effectiveness of machine learning andde novo microbial bioindicators and promote their use for benthic monitoring in marine environments.The last two papers in this series explore new directions for the further development of ecogenomic diagnostics. Broman et al. (2021) use environmental RNA (eRNA) shotgun sequencing to analyse the impact of organic enrichment on benthic micro-eukaryotic communities. Compared to eDNA metabarcoding that is used in the majority of studies, eRNA shotgun data has the advantage to overcome the potential biases of PCR amplification and to better capture the organismic response to environmental pressures by targeting predominantly active cells. Ibrahim et al. (2021) use historical eDNA metabarcoding data to analyze the impact of eutrophication on lake phytoplankton in the 20thcentury. This study demonstrates the potential of paleo-metabarcoding to characterize past biodiversity and establish reference conditions for future monitoring.Refining fish eDNA surveysThe second series of papers concerns the use of eDNA to monitor fish diversity. We focus on fish because they are among the most important groups of bioindicators and also because their study from an eDNA perspective is the most advanced (Pont et al., 2021). The barcoding reference database of common fish species in some regions is close to completeness (Knebelsberger, Dunz, Neumann, & Geiger, 2015), fish-specific markers are well defined (M. Miya et al., 2015; Valentini et al., 2016; Zhang, Zhao, & Yao, 2020) and protocols for fish eDNA sampling and processing are well established (Masaki Miya, Gotoh, & Sado, 2020; Valentini et al., 2016). Currently, considerable efforts are directed to solve the most challenging issue, which is related to quantitative fish eDNA data and its application for inferring fish indices in routine biomonitoring.Two papers address this issue by proposing different approaches to estimate fish abundance from eDNA data. Fukaya et al. (2021) use numerical hydrodynamic models to simulate the spatial and temporal distribution of fish eDNA in aquatic environments. By integrating the models to the measures of eDNA concentration, the authors obtained estimates of fish population abundance comparable to those obtained by the quantitative echo sounder method. Yates et al. (2021) improve the correlation between eDNA concentration and fish abundance by integrating allometric scaling coefficients. Such coefficients can help adjust the values of eDNA production taking in consideration density, biomass and metabolic rates characteristic to a given taxon.A better understanding of the “ecology” of fish eDNA, and particularly how its temporal and spatial distribution is shaped by abiotic and biotic factors, is the subject of the following papers. Littlefair et al. (2021) tested how seasonal variations in thermal stratification influence the distribution of fish eDNA in lakes. The authors show that eDNA distribution follows lake stratification and the thermal niche of the species, which in turn may affect its detection in certain seasons. The distribution of fish and amphibian eDNA in a lentic system was investigated experimentally by Brys et al. (2021). This study indicates high eDNA decay rates and limited dispersal, reinforcing the accuracy of eDNA-based monitoring for retrieving the spatiotemporal occupancy patterns. The advantages of using eDNA for survey of fish populations were also demonstrated by other papers in this section. McColl-Gausden et al. (2021) showed that eDNA metabarcoding is generally more sensitive than electrofishing for conducting fish surveys in freshwater streams, while Aglieri et al. (2021) demonstrate strong complementarity of eDNA-based analysis with visual and capture-based methods in the survey of coastal fish communities.Methodology and comparison with conventional methodsGeneral acceptance of molecular methods in biomonitoring requires their benchmarking against conventional morphotaxonomy-based approaches. This is commonly achieved by processing the same samples in parallel using different methods and by assessing how the molecular data fit to the results of traditional approaches, considered as a ground truth. The papers of this section compare the results of eDNA metabarcoding vs bulk DNA metabarcoding vs different morphology-based approaches. They also present and discuss the biases of molecular methods and propose solutions to improve the outcomes of molecular data generation and processing.The section begins with the three comparative studies of marine biomonitoring. Suter et al. (2021) evaluate the performance of water eDNA and bulk DNA metabarcoding in assessing the biodiversity of zooplankton in open ocean, currently monitored by using continuous plankton recorders. The study shows that both methods recover more species than morphological analyses, however, their efficiency depends on the sampling method and selected marker. They conclude that eDNA metabarcoding is very promising, but it still requires some refinement and standardization before it can be routinely used for zooplankton biomonitoring. Similar conclusions are drawn from the comparison of sediment DNA metabarcoding and macrofauna surveys applied to monitor benthic impacts of salmon farms (He et al., 2021). Although the authors found a certain coherence in relative abundance of common macrofauna bioindicators inferred from morphological and eDNA data, they observed that the correlation with organic enrichment was much stronger for meiofauna, which is not usually included in biomonitoring studies. Significant differences were also found between water eDNA samples and bulk DNA extracts from adjacent benthic communities (Antich et al., 2021). The authors concluded that water eDNA is a poor proxy for the analysis of benthic communities, although they do not exclude that the use of taxon-specific markers could improve the congruence between eDNA and bulk DNA metabarcoding data.The importance of marker selection has also been emphasized in the case of freshwater macrobenthos metabarcoding. The performance of different markers, with focus on key insect orders (Ephemeroptera, Plecoptera and Trichoptera) was tested by Ficetola et al. (2021). The authors demonstrate the complexity of the marker selection process and advocate for the use of multiple markers to cover the widest range of taxa. Combining data from different markers was shown to considerably improve the match between macrobenthic indices inferred from bulk DNA and morphotaxonomic surveys (Meyer et al., 2021). A multimarker approach was also recommended for the assessment of macroinvertebrate communities from the bulk preservative (Martins et al., 2021). Despite the importance of using multiple markers, the authors also demonstrate that the presence of heavily sclerotized exoskeleton can act as a limiting factor for the detection of some taxa.The comparison of bulk DNA vs water eDNA metabarcoding has been reported by two papers. Gleason et al. (2021) show that bulk DNA metabarcoding more accurately represents the local stream macroinvertebrate community, with water eDNA data being overwhelmed by non-metazoan sequences. The same difference was observed when comparing bulk DNA to water eDNA and morphological inventories of pond macroinvertebrates (Harper et al., 2021). However, the authors consider both approaches as complementary and suggest that they should be combined for comprehensive assessment of the invertebrate community. The importance of bulk DNA metabarcoding as a tool for the assessment of marine ecosystems is also highlighted by van de Loos and Nijland (2021). The authors review various technical biases affecting bulk DNA metabarcoding workflow and discuss possible improvements that could help overcoming these biases in the future.The analysis of water samples from five sites in the Brazilian Atlantic forest and one adjacent site in Cerrado grasslands allowed Lopes et al. (2021) to demonstrate that eDNA metabarcoding significantly improves traditional monitoring methods, confirming the presence of frog species undetected by traditional methods. For a few years, invertebrate-derived DNA (iDNA) from leech blood-meal have been used to track mammalian species (Schnell et al., 2012). Here, Drinkwater et al. (2021) apply this approach to assess differences in mammalian diversity across a gradient of forest degradation in Borneo. For monitoring elusive mammals, the iDNA method complements the more traditional and widely used camera trapping.The last two papers in this section provide examples of metabarcoding optimizations aiming at improving its effectiveness in biomonitoring surveys. Guerrieri et al. (2021) show how soil preservation methods can affect estimates of taxonomic richness and community composition. The authors propose guidelines for optimizing soil preservation conditions in agreement with the objectives and practical constraints of the research project. On the other hand, Mächler et al. (2021) address the optimization of data analysis, by investigating how stringency filtering can affect eDNA diversity estimates. The authors conclude that the use of Hill numbers can help in comparisons of eDNA datasets that strongly differ in diversity.Other perspectives for eDNA-based biomonitoringThe last three articles in this special issue present ground-breaking approaches to monitoring biodiversity. Martel et al. (2021) clearly show that eDNA surveys paired with occupancy modelling can uncover metapopulation dynamics and their drivers. Such type of information is important for monitoring endangered species distributed in metapopulations and is quite difficult to obtain via traditional inventories. Shum and Palumbi (2021) reanalyzed a published marine metabarcoding dataset concerning cobble communities found within kelp forest ecosystems. They focussed on diversity data at the intraspecific level to infer population structure and demographic trends. This type of approach greatly increases the scope and value of metabarcoding studies, also opening the way towards metaphylogeography (Turon, Antich, Palacín, Praebel, & Wangensteen, 2020). Finally, Sigsgaard et al. (2021) successfully tracked insects from cow dungs from different environments, and showed that eDNA metabarcoding represents an efficient method for assessing insect diversity, with potential for biomonitoring in relation with the relatively easy standardization of such an approach.ConclusionAs shown by the collection of papers published in this issue, potential applications of eDNA in biomonitoring are highly diverse. Their scope ranges from tracking endangered species to surveying biodiversity or assessing environmental impact. Some papers focus on integrating eDNA into existing bioindication systems, whereas others use eDNA to expand the range of bioindicators and include inconspicuous, commonly overlooked microbial and meiofaunal taxa. All these papers attest to major efforts that have been done to improve eDNA methodology at every step of the workflow from sampling to data analysis. They also contribute to better understand the biological and technical factors impacting the eDNA analyses. Yet, despite this huge new knowledge and numerous practical advantages, the implementation of eDNA in routine biomonitoring still has not taken off.It is now high time to move on and to transform the eDNA field into a truly applied science. The biodiversity crisis and global environmental changes call for an urgent modernization of the tools to monitor biodiversity and assess the ecological status of our environment. As shown by the papers published here, the eDNA methodology achieved top levels of technical and scientific excellence in many areas. Certainly, there are some biases and limitations inherent to eDNA specificity, but there is no reason to consider that the technology is less “safe to use” than the conventional morpho-taxonomic approaches. There are also actions to be taken to ensure the quality and to build confidence in eDNA analyses through standardization of technical protocols and intercalibration tests. However, in view of the substantial efforts that have been made by the scientific community and illustrated by the content of this special issue, it is reasonable to expect that the implementation of eDNA-based tools in biomonitoring will not be long in coming",2021,2021-06-10,preprint,en,3,45,True,gold,,,Jan Pawłowski; Aurélie Bonin; Frédéric Boyer; Tristan Cordier; Pierre Taberlet,Bjerknes Centre for Climate Research; Instytut Oceanologii Polskiej Akademii Nauk; NORCE Research AS; Polish Academy of Sciences; University of Geneva; University of Milan; Université Grenoble Alpes; Université Joseph Fourier,ch; fr; it; no; pl,5,1,Environmental DNA in Biodiversity Studies; Microbial Community Ecology and Physiology; Identification and Quantification in Food,Environmental DNA; Biomonitoring; Geography; Biodiversity; Library science; Ecology; Biology; Computer science,,,machine learning,1,fr,v1,2026-08-13
https://openalex.org/W4390284217,https://doi.org/10.3389/978-2-8325-4182-1,"Knowledge Graph Technologies: the Next Frontier of the Food, Agriculture, and Water Domains","A Knowledge Graph (KG) is based on a graph model to encode the description of entities. As defined by Hogan and his collaborators in 2022, a knowledge graph is “a graph of data intended to accumulate and convey knowledge of the real world, whose nodes represent entities of interest and whose edges represent relations between these entities.” For Knowledge Graph using Semantic Web technologies, entities (people, events, concepts, etc.) are identified by a Uniform Resource Identifier (URI). This URI is the source of a graph description, the edge specifies the nature of the link (person name or brotherhood relationship) and the destination of the edge could be a simple literal (the person name) or a URI that identifies another entity (the URI of the brother). The main advantage of these technologies is to link entities that are described differently in several knowledge graphs provided by various organizations. Thus, computer scientists may analyze all those graph descriptions to derive new information (detect incoherencies, complete data, etc.). During the last decade, considerable progress has been made in the construction and enrichment of KGs, including ontology matching, data integration, fact prediction, and validation. This happened largely thanks to the use of techniques developed in the fields of knowledge representation, reasoning, and machine learning. With these advances, more and more applications are now able to produce and process KGs in domains such as life sciences, Galleries/Libraries/Archives/Museums (GLAMs), and health care. The subjects of interest within the Food, Agriculture, and Water domains are often complex phenomena where entities evolve through time and space. Those phenomena may be transformed by different processes and influenced by both human and natural systems. The scientific disciplines that study these phenomena are diverse and do not necessarily share the same vocabularies, the same techniques of observation, the same analyses, and so on. Indeed, each discipline often has its own point of view to describe the complexity of the studied phenomena. KG technologies provide one possible approach to express this diversity of representations and align or combine them. This Research Topic has received 13 abstracts, from which 8 articles were accepted. Three articles present a method, 4 articles are original research, and 1 is a conceptual analysis. Overall they cover three broad Research Topics often discussed in the KG research communities: ontologies design, data architectures, reasoning.",2023,2023-01-01,book,en,0,232,True,green,Frontiers research topics,journal,Marie‐Angélique Laporte; Catherine Roussey; Christophe Guéret,"Accenture (Ireland); Institut National de Recherche pour l'Agriculture, l'Alimentation et l'Environnement; Mathématiques, Informatique et Statistique pour l'Environnement et l'Agronomie",fr; ie,2,1,"Water Quality Monitoring and Analysis; Genetics, Bioinformatics, and Biomedical Research; Web Data Mining and Analysis",Frontier; Agriculture; Knowledge graph; Graph; Computer science; Business; Knowledge management; Data science; Geography; Theoretical computer science; Information retrieval; Archaeology,,,machine learning; knowledge graph,2,fr,v1,2026-08-13
https://openalex.org/W4362519763,https://doi.org/10.1093/ahr/rhad141,More than the Name of the Rose,"Frontis: Detail from Johannes Vermeer, Het melkmeisje (The Milkmaid), ca. 1660, oil on canvas, Rijksmuseum Rijksstudio. We are all familiar with the famous Shakespearian statement that a rose by any other name would smell as sweet. Yet throughout history the scent of the rose has absorbed, as if by a kind of magnetic attraction, a multitude of meanings. It has often been the flower of power. Contained in expensive casting bottles, the scent of rose oil (commonly known as rose attar) was distributed to the mistresses of Henry VIII. The potent scent evoked an intimacy with the body of the monarch and was a representation of Tudor rule. In the eighteenth and nineteenth centuries, European visitors to the Ottoman Empire noted the use of rose-water, sprinkled on the hands, to welcome guests in an expression of hospitality. The corpses of medieval men and women who emitted the odor of sanctity instead of pungent putrefaction were often said to smell of roses. The scent of the rose has also been central to Islam: the first rose supposedly bloomed from the tear of the Prophet, and the indispensability of rose water in Islamic culture has left its impact in material culture in the form of the gulab, a rounded bottle with an elongated spout for pouring the perfume. The rose has never merely smelled sweet; it has evoked a whole range of meanings.1 The same might be said of the rose’s material history. The variety of roses (gallica, moschata, damascena), the different parts of the plant (petals, thorns, leaves), and the way it has been processed (raw flowers, distillations, enfleurage, and more) all affect the type of scent one encounters. In fact, in nineteenth-century Europe, with a new fashion for the beautiful colors and shapes of Chinese tea roses, the fragrance of popular rose varieties changed markedly: from a heavy, rich, intense, floral scent to a hay-like, green, faintly earthy and woody odor.2 Scholars have suggested that this change marks a broader shift in nineteenth-century culture. As sight eclipsed olfaction in the West’s hierarchy of the senses, the smell of the rose became less important than its visual beauty.3 In early modern medicine, the cooling properties of rose, according to the Galenic system, meant that it was frequently employed in medical recipes in the form of buds, waters, oils, dried petals, and powder to treat a variety of illnesses.4 Rose continues to be valued by the cosmetics industry today. In Iran, where rose water has a long history stretching back to at least the seventh century, rose is an integral flavor in food and an ingredient in face creams (to name just two of its many uses). The scent of the rose is thus not singular but plural: it can be linked to a whole series of objects, practices, and meanings. But how do we locate these objects, practices, and meanings over time and cultural realms? Here, the rich digitized text and image collections currently available to scholars offer many opportunities and challenges. The combination of vast digitized archives and the development of advanced digital tools has also opened up new avenues of digital or computationally driven research in the field of history. Digital humanities projects such as Living with Machines now combine data science and machine learning on large of digitized for and The of the of Digital also marks a shift in the of history The can on this field of in the digital The of the is to a to to in the from digital In this we a on how and to from and and how these of are in a a on European or we can and smell as and over time and The that such an for history is often at cultural that it to with and the of the that have been a or in the is not in and of or is is to how a was or how it might have been of a or of Here, can be an an early in the we to for of that were frequently to a of is a of of a a would be a smell was the on the it became that many of the to smell were not of but of and nineteenth-century to the scent of and a It that this was frequently the of the smell of and of and often the smell of a in in the and to a potent of from and the was that was a of its and history of the with data is also a driven or computationally research to In the we an that on an of in and history who to in to research to a The for are not to be it is an to with and to research it is an to field in the that humanities data Digital can be on many data to and the of tools can be and and in data and tools is a in the where have been to and can these challenges. how to that is and tools is a in In the on to and the science In are a to In the were different of by properties of smell and and the the of and of of and olfaction and to and The of in and in time and are in and properties of smell and and the the of and of of and olfaction and to and The of in and in time and are in and of by properties of smell and and the the of and of of and olfaction and to and The of in and in time and are in and properties of smell and and the the of and of of and olfaction and to and The of in and in time and are in and In the was that would to the meant and to the would these would up as in the the first two in might be are the smell in in the were do we to the scent of the We can the are to the smell of roses in these change over the different in different In were rose to be in Europe, and the might have with the scent of was the smell of roses it in to we can on to of the digital humanities tools we with is a that for the of such as the or of of to large collections of are now to new at In we on we of we do not all roses a rose in a or but the roses that smell these we text smell and smell and we the to We also to and where the smell with of the such as the the and the and of can an representation of how and changed over the of the to we can and how are in different The to is machine In this the how are in by from that were by in a the a to parts of a text are to In the to the is with a it is a smell a smell a or of the The the data as to a to the for in to to to the can are on was the in this As a first a for in we a of as a to be as data and we one to be by The were by and we representation in the data of different time and of such as medicine, and from in the of in we on a for and is the of the In were to in the the and the of and an The or that has a It can also to any or or that an odor The smell is the or that the or for any of The was of The with a smell and to is by and often by an such as or The has to be with the as of the same and The rose an The smelled in the It was with an odor that was to of in the for of in the for this first was to different large available in digital this we on the of the the on the data for the has been to from collections in the collections known as and The and of the and a digital of over for are from are to data from of a on that is driven by and that to in different of from different an of is an can an and on and a of is in this In the be processed in to the of and the to all the for we have data the of the system, of can be The in from from the we are to are often and to other as that smell is the the least in European a for be to that are to to and not to any can be a smell or can in a variety of where of are to the the of these in on the is a the we the to be of in to a is as of an one way that we can the of this we have the to the smell of the in a in of the with from to least We do that a rose has often smelled as as but the also the broader of the in rose The smell of rose can be of different and it can different from and it can different is in the but is in the can we frequently with rose, on data in the as of The also on from text do it the same for text as a the same and development of a for of to in research on the visual representation of olfaction in digital image we can to the field of known as the of to the of visual of are and in the In the at the whole image and it to one of a of on is on of the image and the of and of is in the of the is on the of a of such as is the of and who to large of and in in the body of the a broader would be the of image on body and has been by on the other image and it to a can be to the of digital and digital humanities to a that or new for In the we use a combination of and to of in and other such as or the of in can be or to a can on a of smell to the of of an if we to parts of the to of visual data we a of these is that can be in a visual in from such as the of smell we have to on visual that the of in an to the for and the broader of visual in any one or to we to have The way of such is by that such as or or the of such as or to modern to in an these to two The representation of can not from but also different or The of that are of for the are not in modern of these might also have changed over the of the centuries, this to the of on the kind of we are to the or the or to the scent of often in can be might be for roses. for often rose or rose water and in in we be that in the oil on of can be to for has a it the of in the that might have a of and its to the image it to it in and it not it be as by the we have in this Detail from in the on with is the of In the we than different flower on different the visual different flower can be the of in the a flower thus an for early on in the of the As we we that the flower is and a of that not have at that We thus all as in the first and the of the to the of to the of this we to it and where were of the flower and to the flower a we of and a by to this in the of one of roses, of be in rich flower such as of on image we can use this data to the smell of roses. way to this data is by it as a to that to such as or scholars to the roses in the in an of in the flower and might in of an image in the the in a of the and the of the this is not to data we are of it and the to the the as as this can be from to the one we can data we do not have to on the other in be on all of image we can the data to the of a history of roses and of and as a can to history or cultural history. In data in a also new and that would not be with from large of visual scholars can a back from singular of and a of to for and can be that to the of singular can we this to the smell of roses and representation in the visual we is how the of roses has changed throughout the time by the these not to on the smell of roses. It might as one of the of the smell over this we can the of roses in and to the at the we that the of roses has a and and marks the of of of roses in over time in the this the of roses the of the We have to be and the the to the of the in it that it is to be by of to than by an of the cultural impact of roses. of all in over time in the the we the of rose and of we that the of roses over that the from at the we the of rose all of roses and all in over time in the The of is in to of rose in to all in over time in the the rose in to all not to the of roses over it just as be by an of on of in over the of the eighteenth We can to for this by the of rose to all of over time of rose in to all flower in over time in the that that the of rose to all flower a of an cultural of in visual in might the of the smell of roses. But do we of this visual in to the we at the of this by that was a shift from the to over the of the eighteenth and nineteenth centuries, was in linked to a shift in how roses were valued and an in fragrance to a on visual The data might or this the one the of roses in the over time might that roses were valued for visual and were this we can shift from smell and we a development in the of roses that have been in with In to of roses, we can that the rose have a to olfaction with of the we have is can we are in these We to flower is for the we are in the flower that the to The other in the not be all in the we as to the that have an with the the smell are such objects, we one that is to the and a this for smell objects, we that of the in a are roses. this over the this to the of the roses. that currently we can on of from broader The of data also the in time of the We not have any in that to In the of the we to this of rose in to all in over time in the at this we are a of it have that smell can be in the visual of can a of olfaction as as the that were with the same that were to have to smell is be a smell smell can be to In to use for to we to the of smell in way of this is to and we are on as in digital collections is a is is to for smell in large visual and the smell are also to than that are to and a smell on the other an of the visual that visual of and objects, body or the of the image all in as a smell We to the by the of the and the body parts and is a but also an would for the of the way of the representation of the smell of roses in the visual be to other the of roses. the to the of have been on the same as roses. that roses are in with other to a with the that the vast of rose in often large of and As we have to the of data and in these than in other the image and of many digitized from flower in other as in might just as be to be as of the with roses in the of the with roses in the this in be an of or as it has been for the of rose over a is of of this Here, we have for to how visual data can be for to history. the same we have been to how of data and can be by a of that we have all this smell from and in have to it is where European In the have been as a data for The at the same time and has been in on and in have now to use to and data from cultural archives and new for and the data and are two of and to cultural In a the is such as and known as properties have meanings as that can a with one has or in or a with a has the that and is with a has the of for from an the can be as an that the the to the and the is in this as a on The of available of properties from a the as as the or the can to a or a are The combination of and a of The of and properties with the of the is a and the to it in the same way that a is a and is and the to it the and for different data the of and the of with other in the of for the in the with other at The to use the data the large for for different the of a the to with a system, The first for a of is to the data is the of the data to in type of and properties are In a data can be as an as a of The are to an such as has such as and to are the to is to at the we It can be that the to smell we can that time and are important for the of and that these are at the of the that is the of a smell or its by an We thus to the by a in the is by and cultural archives and of the with cultural such as and the of in the can the or of or of in the for We to a of and properties that are smell and can be to other such as or The has been a of and history and and The is a the smell the and one or the who the The of the in a the it and the in and in and are with and as can be by an to it is to the smell and the to the smell it is to the the the and the to it to the and it is to time and to an from or to in the The as as the is in if it be a a it a the in the The representation as a of a text the Here, the in are the The smell in the the two as a and the smell that is as by in the of this in the The smell of rose can be in in different European how do we that are and that we in the In the of we a of objects, and and in different the rose its in the different and is as of flowers, is in of for at different or roses also in in are in to are for of in the to the is the from text and this and it the of the the of the text and image to the in the the that in the the smell and with the the of the that can be with in the of and the for data and archives has to the of the European has of than smell from text and by over in the is available and it is to it a the same by with by the are the that we do not and that we are the to by the in the As an the all of the is to any in and the data in the is not and can be an important to by the broader this all the data are also an the The not any by the and it has two it an advanced for smell with the to or visual a or one of the of the for the in a it the to at the of smell and and for of such as (to the of a smell in (to in a smell is and (to how this smell has been and by In it is also to the and a of In this the it would be to the in one of these collections of a with the to or to with other that the and its are in data is in the tools we are are any the of we way to In are different to or type or and to the In the is these are different from by if projects are to be we be of in we have to In an the of a is often to a or In an the is as of a of the be to have the of the text are the of a and a The is driven by and a in a The is driven by an of the or it to a on to in an is a such as the we have for the text and image in and can be a for a and as a to different As we tools to to in and we that we have a in we have smell We the the or from that and it to the smell We the to the in the in for that the of smell smell and that we can on smell smell and As the is up a from a as we it from a of is that is than or of we have a The was of are of that a can can a a or it can a as a smell a as a smell that it marks as a smell and that it marks as a smell we were to for this system, it would a of of or of to for the system, it a on the on the smell and on the smell one often the and and were in to the of an is a of a of it is the of over all In the for the smell would be one of two as it two smell but one is The for the smell would be one of one as one was and the for the is of is a of or In a of it how many of the were by the system, all In for the smell one of one was one of the smell was and of of the were a of the the is as a way to combine the different by and was in by as the this was the or The for or but the an is a of for the smell for the smell and for the the to the to and the to It is also to a of the of of In a we would of as a would a to if it this the would thus be for the of smell in a this type of can a of the of a in many of the is not that to are with this type of is that all in the are in not the is less than not or In fact, a of a to the the for in an of on smell on smell and on on this as of we are also the of the is and this is with to the with its challenges. in an or text are and that can in a a to where an to the an in the to it with an in the is in of over the of the of the and the the of is as as The the is to the the have to be a of would that all that have an than are as all would be as In are often and The the over all to the The is as the of the for to be In we the a is a to the of the in the science a research or a and an and the to a or to this a time the available to the research and can to The of this was to a for of The of the of the a of is the of the The for on the the was on a the image in are in to the an of we to in the of the the is to use the as a to data Detail from with and ca. oil on Rijksmuseum Rijksstudio. the time of we are the as a in the is on and as the is to to in and and to a text a smell to the the text and image has of to the an of all is not the we on the data the we with the In were from humanities and science The as a in the development of the and as a to on the different for a of of and of with the data in combination with with the of data and with a of the of and of with the data in combination with with the of data and with a of the The vast of can be with a are the smell in in the be by but instead to a as than are with but that is available in that are the of the with the of such as smell be a an of the that the of this is not to the but to time we to this for were the the of the is any for different the be how the can we can to the where all of the we have to and we can the the we have to these in of text we the to the scent of the and in the on we to the of roses with other and the of roses to in as a visual for in we can to of the as of the for in the and As we the not it new that by the different the are to the smell of roses in this change over the different in different The first of on to as by the to over for by the of processed data from the two with the for roses in the and the it that the to the smell of the rose are rich, and in the and in the early in and for this be that of rose are and in The of for rose not on of the rose but on and in In the the and in and in the this the and scent of the rose varieties that became popular in the nineteenth century, for visual and the scent of tea roses over European is where to in and up new where rose were to be in in the from the to the of from the for in of with from the for in The of over time from the for in the of and image of rose from the for in the this this is to We are the to and in the a rose smelled in a in all smell we the now from the of the text or the of of a or the of the that the in the for this this",2023,2023-03-01,article,en,10,6,True,hybrid,The American Historical Review,journal,Marieke van Erp; William Tullett; Vincent Christlein; Thibault Ehrhart; Ali Hürriyetoğlu; Inger Leemans; Pasquale Lisena; Stefano Menini; Daniel Schwabe; Sara Tonelli; Raphaël Troncy; Mathias Zinnen,Anglia Ruskin University; EURECOM; Fondazione Bruno Kessler; Friedrich-Alexander-Universität Erlangen-Nürnberg; Royal Netherlands Academy of Arts and Sciences; Vrije Universiteit Amsterdam,de; fr; gb; it; nl,5,1,Posthumanist Ethics and Activism; Interdisciplinary Cultural and Social Studies; Latin American and Latino Studies,Rose (mathematics); History; Ancient history; Art; Mathematics; Geometry,,,machine learning,1,fr,v1,2026-08-13
https://openalex.org/W7135400546,https://doi.org/10.5194/egusphere-egu26-18595,"Development of a Machine Learning Classifier to retrieve Time-Series of Ash Componentry at Tungurahua Volcano, Ecuador, 1999-2","Petrological monitoring of active volcanoes is an often underutilised tool for eruption forecasting due to the high cost and long lead times of petrological analyses, even though these analyses can provide vital context to interpret geophysical monitoring signals1. Ash componentry specifically is the process of classifying ash particles by grain type (e.g. juvenile, accidental, etc.), and is extremely useful for understanding the state and driving processes of the volcanic conduit and shallow hydrothermal system2, potentially helping to anticipate transitions into intensified explosive activity3. However, componentry analysis is time-consuming, and classification of particles can be subject to various classification schemes and interpretations depending on the observer. To overcome these problems, we adopted a machine learning (ML) approach to classify particles in an automatic and consistent manner.In this work, we describe the development of a ML model, coupled with a tailored classification scheme, to classify ash from a collection of 30 samples between 1999–2016 from Tungurahua volcano, Ecuador. We analysed 180 grains in-depth to develop a systematic classification scheme for optical images of grains based on diagnostic optical features (e.g., colour, lustre, degree of alteration, and edge-angularity) and tested the robustness of the classification using evidence of the grains’ petrogenesis acquired via high-resolution surface imaging on a Quanta-SEM and automated minerology maps on a TIMA. We then imaged ~10,000 grains across the samples using a HIROX HRX-01 digital microscope at the Natural History Museum, London. The images were segmented using FastSAM4 and labelled according to our classification scheme. To set up our model, we split the dataset into training and test sets, and we followed the steps described in Benet et al.5 to obtain the Volcanic Ash Database (VolcAshDB) classifier. The model classifies relatively accurately, and performance should improve as we collect more particle images and re-train the model. We find that the obtained component proportions as time-series are instrumental to interpret the evolution of the volcanic conduit and shallow storage system throughout the studied period by linking these proportions to concurrent monitoring data such as seismicity or SO2 flux. This work is carried out in collaboration with the Ecuadorian monitoring authority (IG-EPN), and we aim to create a model that can be operational for near-real-time petrological monitoring of any future activity at Tungurahua volcano, as well as to set out a methodology that can be used to re-train the model for other volcanic systems. 1. Re et al. 2021, JVGR, https://doi.org/10.1016/j.jvolgeores.2021.107365.2. Gaunt et al. 2016, JVGR, https://doi.org/10.1016/j.jvolgeores.2016.10.013.3. Cashman &amp; Hoblitt. 2004, Geology 32, https://doi.org/10.1130/G20078.1.4. Zhao et al. 2023, Preprint, arXiv. https://doi.org/10.48550/arXiv.2306.12156.5. Benet et al. 2024, GGG, https://doi.org/10.1029/2023GC011224.",2026,2026-03-14,conference-abstract,,0,0,True,gold,,,Gabriel Adler Cancino; Damià Benet; Chiara Maria Petrone; H. Elizabeth Gaunt; Alexander Steele; Benjamin Bernard,Institut de physique du globe de Paris; Instituto Geofísico de la Escuela Politécnica Nacional; Natural History Museum; The London College; University College London; Université Paris Cité,ec; fr; gb,3,1,Geochemistry and Geologic Mapping; Geological and Geochemical Analysis; Remote-Sensing Image Classification,Artificial intelligence; Classification scheme; Machine learning; Computer science; Classifier (UML); Statistical classification; Context (archaeology); Robustness (evolution); Contextual image classification; Geology; Pattern recognition (psychology); Supervised learning; Volcano; Linear classifier; Support vector machine; Remote sensing; Dynamite; Process (computing); Learning classifier system; Image segmentation; Random forest; Data mining,,,machine learning,1,fr,v1,2026-08-13
https://openalex.org/W4414861352,https://doi.org/10.4081/ejtm.2025.14424,"2&lt;sup&gt;nd&lt;/sup&gt; Congress on Motion Sickness, August 12&lt;sup&gt;th&lt;/sup&gt;- 15&lt;sup&gt;th&lt;/sup&gt;2025, Akureyri, Iceland","Relevance of motion sickness Motion sickness, in all its forms, remains a universal human challenge. Whether it is seasickness that plagued the Vikings as they crossed the North Atlantic, carsickness affecting millions of daily commuters, or cybersickness emerging with the rapid growth of immersive digital technologies, motion-induced discomfort continues to shape how humans travel, work, and interact with their environments. It is estimated that up to one-third of people experience significant motion sickness under certain conditions, while nearly everyone is susceptible given sufficient stimulus intensity. Such prevalence makes motion sickness not a niche concern, but a global issue at the intersection of health, safety, and performance.In professional contexts, motion sickness has critical consequences. For example, naval personnel, pilots, astronauts, offshore workers, and even surgeons using robotic or virtual interfaces must perform with high precision in environments where motion-induced discomfort could impair concentration and operational ability. In everyday life, children experience high rates of carsickness, commuters struggle with nausea on buses and trains, and virtual reality users often abandon otherwise promising applications due to cybersickness. The costs are personal, economic, and societal. Motion sickness in global context The Icelandic setting for this congress provides a particularly resonant backdrop. As a nation built upon seafaring traditions, Icelanders have long faced the realities of motion sickness. Fishermen and sailors remain at risk during voyages that underpin the country's economy and cultural heritage. This lived experience emphasizes the urgency of advancing scientific solutions that not only reduce discomfort but also safeguard performance and safety.Globally, the problem has broadened. Beyond seasickness and carsickness, the rise of autonomous vehicles, commercial spaceflight, and extended reality technologies (XR) introduces entirely new domains where motion sickness can emerge. For autonomous vehicles, passenger comfort and trust are essential for adoption. In space exploration, motion sickness continues to threaten mission performance during critical phases of travel. In the virtual domain, cybersickness challenges the adoption of VR/AR in healthcare, training, education, and entertainment. Thus, Iceland hosts this congress not just as a symbolic center of maritime history but as an international hub where researchers, clinicians, and innovators unite to address one of humanity's oldest yet most pressing physiological challenges. Scientific frontiers in motion sickness research Over decades, research into motion sickness has evolved from descriptive accounts to highly sophisticated, interdisciplinary investigations. Several critical frontiers now define the field: i) quantitative evaluation - traditional reliance on subjective reporting is now complemented by advanced biosignal monitoring, neuroimaging, and machine learning approaches. These enable real-time assessment of motion sickness onset, progression, and recovery; il) pathophysiological understanding - competing theories of sensory conflict, postural instability, and vestibular-autonomic interaction continue to guide inquiry. Advances in neuroscience, including electroencephalography (EEG) and connectivity analyses, promise a more precise understanding of underlying processes; iii) technological countermeasures - from pharmacological interventions to novel behavioral, sensory, and cognitive strategies, researchers are exploring ways to mitigate symptoms without compromising alertness or function; iv) applied settingsinvestigations now span ships, aircraft, cars, trains, and virtual environments, reflecting the wide-reaching impact of motion sickness. Studies in autonomous vehicles, for example, explore prediction and mitigation strategies crucial for future mobility systems; v) individual differences - research increasingly accounts for age, sex, genetic predispositions, and psychological traits, moving toward personalized predictions of susceptibility and intervention strategies.By addressing these frontiers, the Congress aims to bridge fundamental science with practical application, ensuring that theoretical insights translate into real-world benefits. Congress theme and objectives The theme of this congress, ""Quantitative evaluation of motion sickness,"" highlights the growing importance of objective, reproducible measures in advancing the field. Quantification allows researchers to compare findings across studies, develop predictive models, and evaluate the effectiveness of interventions. Without robust evaluation methods, progress risks being fragmented and anecdotal. The objectives of the congress are threefold: i) to foster innovation by bringing together experts from neuroscience, physiology, psychology, engineering, and clinical practice; ii) to inspire collaboration across national and into application by linking laboratory findings to challenges in transportation, healthcare, and technology design. Through lectures, discussions, and interactive sessions, participants will gain exposure to cutting-edge techniques while sharing their own advances in research and practice. The role of interdisciplinary collaboration Motion sickness research exemplifies the necessity of interdisciplinary science. Understanding the condition requires expertise in vestibular physiology, neurocognitive processes, biomechanics, pharmacology, psychology, and ergonomics. At the same time, addressing the problem in real-world settings calls upon engineering, design, and industry collaboration.For example, the design of autonomous vehicle interiors cannot ignore insights from vestibular science. Similarly, VR hardware and software developers must engage with neuroscientists to reduce cybersickness and ensure user safety. The congress thus creates a rare platform for crosssector dialogue, uniting clinicians, scientists, engineers, and industry leaders. Human, societal, and economic impact The importance of this congress also lies in recognizing motion sickness as not merely a personal inconvenience but a societal challenge with economic and human implications. Productivity losses, mission failures, and decreased technology adoption all translate into measurable costs. In transport and logistics, motion sickness can directly threaten safety. In digital technologies, unresolved cybersickness risks are stalling entire industries. By investing in motion sickness research, societies invest in safer, more comfortable, and more efficient systems. Looking ahead The International Congress on Motion Sickness in Akureyri offers not only a space for presenting cutting-edge findings but also for shaping the research agenda for years to come. By prioritizing quantitative evaluation, embracing interdisciplinary collaboration, and situating the conversation in a culturally resonant location, this congress underscores the enduring relevance of motion sickness research.Participants are encouraged to approach this gathering not only as a scientific meeting but also as a call to action: to push forward understanding, to design effective countermeasures, and to ensure that future generations —whether sailors, astronauts, commuters, or virtual explorers-can navigate the world without the burden of motion sickness.",2025,2025-10-06,article,en,0,0,True,gold,European Journal of Translational Myology,journal,Hannes Petersen; Paolo Gargiulo; John F Golding; Philippe Perrin Nancy; Måns Magnusson; Fabiano Bini,"Akureyri Hospital; Développement, Adaptation et Handicap; Imperial College London; Reykjavík University; Rigshospitalet; Sapienza University of Rome; Université de Lorraine",dk; fr; gb; is; it,5,1,Virtual Reality Applications and Impacts,Motion sickness; Motion (physics); Virtual reality; Harmony (color); Context (archaeology); Force majeure; Government (linguistics); Stimulus (psychology); Everyday life; Nausea; Aeronautics; Framing (construction); Emerging technologies; Political science; Global Positioning System; Operations research; Law; Perception; Computer science,,,machine learning,1,fr,v1,2026-08-13
https://openalex.org/W4310360033,https://doi.org/10.1111/ddi.13657,New progress in exploring the mechanisms underlying extraordinarily high biodiversity in global hotspots and their implications for conservation,"The extraordinarily high species richness makes global biodiversity hotspots the top priorities for conservation planning and management, and natural laboratories for biological studies. The term ‘biodiversity hotspot’ was proposed by Norman Myers, and the original 25 hotspots covered 2.1 million square kilometres, or 1.4% of the Earth's land surface (Myers, 1988; Myers et al., 2000). The updated range of global biodiversity hotspots included additional nine hotspots and increased the total range to 3.3 million square kilometres, 2.3% of the land surface (Mittermeier et al., 2004). These areas are characterized by a high level of species richness, endemism and anthropogenic pressures. In particular, they maintain 77% of all endemic plant species, 43% of vertebrates (including 60% of threatened mammals and birds), and 80% of all threatened amphibians. In addition to those terrestrial ecosystem's hotspot, Roberts et al. (2002) identified the 10 richest centers of endemism covering up to 15.8% of the world's coral reefs (0.012% of the oceans), but include between 44.8% and 54.2% of all restricted-range marine species. The natural resources of all hotspots are of great significance for developing agriculture, forestry, livestock and fisheries, as well as for scientific research and education. However, the earth is experiencing the sixth mass extinction, with current extinction rates are ~1000 times higher than natural background rates of extinction and future rates are likely to be 10,000 times higher (Ceballos et al., 2020; De Vos et al., 2015). Accelerated species loss under climate change and anthropogenic disturbance call for research on the mechanisms underlying the generation and maintenance of biodiversity in these hotspots, which can help support management and conservation decision-making (Margules & Pressey, 2000). The extraordinary species diversity in biodiversity hotspots is often attributed to an accumulation of narrow-ranged/endemic species through elevated speciation rates, and/or preservation of species over a long time through low extinction rates. As such, biodiversity hotspots usually host ancient and young species and serve as “museums, where older lineages persist through evolutionary time, and “cradles”, where new species continue to be generated at the same time, as well as “accumulation centers”, which host a high proportion of species that migrate from nearby regions (Feijó, Ge, Wen, Cheng et al., 2022). Many of them are now relic taxa or living fossils that have historically flourished tremendously (Scheyer et al., 2013; Sun et al., 2020). Moreover, speciation rates are arguably higher in tropical regions (Brown, 2014; Schluter & Pennell, 2017). Given the current era of rapid biodiversity loss, there is an urgent need to understand the mechanisms driving the biodiversity dynamics in biodiversity hotspots because these results could guide make conservation actions to protect species under threat from rapid environmental changes and extensive human impacts. To achieve this goal, we have organized this special issue in Diversity and Distributions that aims to explore patterns of community-level diversity in biodiversity hotspots, and identify key factors that determine phenotypic and genetic diversity. We also seek to better understand historical or contemporary processes that shape speciation and adaptation in different taxa, and illustrate the current diversity patterns of many taxa. Utilizing combined knowledge across different taxonomic groups, diverse geographical areas and research fields, we hope to not only provide novel insights into the mechanisms generating biodiversity, but to also identify conservation gaps that require future attention in conservation planning and management. This special issue includes 35 articles that, on the one hand, improve our knowledge of the mechanisms underlying the extraordinary diversity of hotspots, and, the other hand, propose new strategies to mitigate biodiversity losses (Table 1). These articles are broadly focused on the following four aspects: (1) Community composition and diversity patterns, (2) Ecological and genomic mechanisms underlying diversification and speciation, including phylogeographic pattern of representative taxa; (3) The current status of fauna and flora hotspots; (4) Conservation gaps and implications for future planning and management. Nuclear and mitochondrial genes, occurrences Community diversity is an important measure of ecosystem stability. Indeed, communities with high diversity tend to form more complex relationships among species, and food chains and webs tend to be more stable to environmental variations. There are many ways of measuring community diversity, but among the most common are taxonomic diversity (TD), phylogenetic diversity (PD) and functional diversity (FD). Taxonomic diversity directly reflects the richness and abundance distribution of species, while the latter two account for functional and phylogenetic proximities between species and have often be used to investigate the processes of community assemblies, including the strength of environmental filtering, interspecific competition, as well as evolutionary history (Münkemüller et al., 2020). Interestingly, community-level patterns and associated processes can be decomposed through α, β and γ diversity. The first one describes a single community diversity, the second one describes the species, trait or phylogenetic turnover between communities or ecosystems, while the last one represents the overall diversity of the region of interest (Whittaker, 1960). Seven articles included in our special issue focused on the different facets and scales to unveil (meta-) community structure in biodiversity hotspots. In previous studies, much attention had been paid to the elevational gradient of species richness, but little attention had been paid to seasonal differences and species ranges. In mountainous regions, hump-shaped patterns of species richness were common both in angiosperms in Mt. Namjagbarwa, a biodiversity hotspot in eastern Himalaya (Li et al., 2022) and birds in Mt. Gongga, the highest mountain in Hengduan Mountains (He et al., 2022). Li et al. (2022) utilized a comprehensive dataset of angiosperms of Mt. Namjagbarwa and integrated phylogenetic diversity, mean family age and phylogenetic relatedness, for all elevation belts to study the elevational patterns of the phylogenetic structure of Mt. Namjagbarwa and to explore potential causes for the patterns. The results show a zig-zag pattern of phylogenetic metrics. Neither tropical niche conservatism (TNC) nor out-of-the-tropics (OTT) can fully explain the pattern of floristic assembly of the elevational gradient of Mt. Namjagbarwa. The OTT is a better explanation at low elevations, indicating that niche convergence has played a significant role in species assembly at low elevations. In contrast, the TNC explains the pattern best at middle elevations, indicating that niche conservatism has played a significant role in species assembly at middle elevations of the mountain region. Interestingly, He et al. (2022) identified seasonal differences in diversity patterns. For small-ranged species, it was found that multi-faceted diversity patterns (TD, PD and FD) were strongly related to climatic and vegetation factors during the breeding season. Instead, large range species and resulting diversity patterns seemed to be rather constrained by space (mid-domain effect). Still in Asia, Zhao et al. (2022) showed that both elevation and environmental variations (e.g. air temperature, the number of tree stumps, the number of trees showing looping, the number of trees and water pH) drive the spatial distribution of amphibian functional and phylogenetic diversity patterns in eastern Nepal Himalaya. Also focusing on amphibians, Wang, Zhong et al. (2022) investigated the relationship between spatial distance and community similarity on Mount Emei (i.e., distance-decay). While they found a significant distance-decay for amphibian multifaceted β-diversity, they highlighted contrasted environmental drivers with temperature seasonality, annual precipitation, and elevational distance being the most important. Comparing observed patterns with null-model expectations, they suggested that both environmental filtering and competitive exclusion are important processes shaping elevational patterns of amphibian β-diversity. Moving up from single taxa to multi-trophic assemblages, Calderón-Sanou et al. (2022) tested the role of energy, physiological tolerance, habitat heterogeneity and resource heterogeneity on the spatial variation of soil multi-trophic diversity across the French Alps. Using an environmentally stratified sampling design together with soil environmental DNA and a machine learning algorithm, the authors found the strongest support for the energy and physiological tolerance hypotheses across the 36 analysed soil trophic groups, while the other two hypotheses were important only for some specific ones. Pecuchet et al. (2022) found that bentho-demersal fauna community and food web metrics in the Barents Sea could be partitioned to give four sub-regions where different pressures act on them, such as sea ice loss and fisheries. Community metrics (e.g., mean body length and trophic level) varied along an environmental gradient of annual mean sea bottom temperature, trawling intensity and ice cover, whereas food web metrics (e.g. nestedness and connectance) varied along an environmental gradient of depth and sediment composition. Communities had higher biomass-weighted variability in body size and omnivory values in areas where the Atlantic and Arctic water masses mix. In the local communities, different taxa interact with each other. In Caribbean archipelagos, Kim et al. (2022) found biotic characteristics of frugivore communities are important predictors of plant diversity. In addition, this may also be influenced by climate and colonization history. Given the importance of biotic metrics in explaining plant diversity, they suggested that fruit-frugivore interactions are important components of island biogeography and that frugivorous communities should be accounted for plant biodiversity predictions and forecast models. These studies deepened our understanding of the dynamics of community composition and diversity patterns. Information from environmental impact factors and the diversity of target groups have become increasingly sophisticated. Long-term tracking of community changes is critical in habitat conservation and recovery planning. With the increasing amounts of information and a variety of approaches established by technique and discipline integration in the era of big data, we are able to better disentangle the ecological and genetic processes underlying population diversification and speciation. The former is largely based on the integration of ecology and geographic information system (GIS) by quantifying environmental variables at macro and micro scales. The latter is largely based on the rapid development of sequencing technologies and the emergence of new bioinformatics methods, with advances in these fields offering opportunities to reveal the complex mechanisms that generate and maintain biodiversity in global hotspots. This section includes studies on a larger number of taxa with a wider geographical range. Morphology, occurrence and genomic data were extensively obtained to uncover underlying mechanisms that drive diversification and speciation. These studies shed light on genomic mechanisms underlying phenotypic diversification and regional geographical and climatic history in influencing the evolutionary trajectories of both animals and plants. In New Guinea, Ericson et al. (2022) found MacGregor's bowerbird, Amblyornis macgregoriae consists of six allopatric mountain populations that occupy sky-islands with limited gene flow between them. The authors showed that these populations fall into three distinct genetic clusters. Through genotype-environment modelling, they identified annual precipitation and seasonal and day-to-night temperature fluctuations as the environmental factors that explain most of the observed genetic variation in A. macgregoriae. By comparing the current and predicted future (RCP 8.5 greenhouse gas scenario for the year 2070) genomic variation, they found that the populations close to the Strickland Gorge region in Central Range are those most heavily affected by the predicted climate conditions. On the Qinghai–Tibetan Plateau, She et al. (2022) used ecologic, phenotypic and genomic data for three sympatric species of snowfinches to investigate the different of these species, which is important for the understanding found that body and among the three snowfinches and that the of phenotypic between is more strongly with the of in to in the The study novel insights into the mechanisms underlying evolutionary and ecological among sympatric species. Still in but to Hengduan et al. (2022) an mitochondrial of from the which was in previous studies, but as a of ancient mitochondrial gene flow was among genetic lineages of which has distinct phenotypic variation in and as well as in and of the gene family were identified as from some ancient species to which likely important in phenotypic and genomic In the of et al. (2022) utilized and genetic variability and and among populations covering a large geographic in were found to be in with variation in annual temperature and/or precipitation across the that ecological factors an important role in driving genetic among local et al. (2022) found Mountains were not a geographical to the of and and the Mountains were geographical distribution in the of the current distribution of the three species in population was in the for and was affected by the and was related to the of In et al. (2022) found that the Central and the have the highest The Central Plateau, the and the regions the and have the highest total genetic in and and of have the highest genetic The annual temperature was the most important of richness, and temperature change was the most of the genetic species diversity and most areas with high genetic are of biodiversity hotspots. from the complex geographical system in the terrestrial and temperature are the most important environmental in the ecosystem et al., 2017). Wang, et al. (2022) comprehensive genomic data to investigate the phylogenetic relationships and geographical distribution patterns in a of in evolutionary in The study to the of two new species and and lineages in and conservation associated with and which is for biodiversity conservation and management of et al. (2022) found that temperature is a of genetic variation in marine and species that a gradient across the Atlantic and of genetic diversity between species and but not higher the of each there is support of the The of the was highlighted as a conservation that both high genetic diversity and across taxa. By the population of data, and climatic and species (2022) showed that the and populations are and to more than the ecological niche that to the the niche of the and populations is overall to that of the However, genomic that the the genetic diversity, to an by the et al. (2022) the regional of the of a and of diversity, and used phylogenetic to the of on the geographic range structure and phylogenetic of The of an hotspot of diversity. the phylogenetic structure of on have been by history and highlighted the importance of in diversity. et al. (2022) investigated the distribution patterns of plant diversity in climatic fluctuations and them, and the of a phylogenetic tree and extensive distribution from and other The phylogenetic turnover of the with the biodiversity hotspots of and of a pattern along a gradient that is strongly into and The other areas are by phylogenetic in the eastern of the region to the in turnover gradient and are on the regional history resulting from climatic fluctuations and which the biodiversity patterns of the have for and this makes geographical pattern Conservation the development of to limited and In to ecological and biodiversity as to improve the and of ecosystems, it is to understand the current status of different in the terrestrial and The 10 related to the current status of fauna and flora hotspots. Moreover, for taxa are for a comprehensive understanding of the diversity for the study by et al. (2022) a in data of the of the region regions are and including the and taxa Sea and plants. These identified the current distribution patterns of species diversity in different taxa and for future conservation By of marine hotspots across the et al. (2022) identified hotspots and areas with high species richness that the Arctic and the ice in the of the Atlantic and hotspots were found than hotspots, but there were to this including in the and species with in and with high species richness hotspots. By species richness, and of habitat loss Ge, Wen, et al. (2022) identified diversity hotspots including the of and the of and a high diversity that Central and eastern are areas for research and conservation the low sampling high diversity and endemic species, high of habitat loss and a regions of the Earth's surface and host more than of all and By occurrence data of mammals from across regions at a global et al. (2022) identified four hotspots for endemic conservation through the three diversity and the and and for and the areas is low the hotspots. et al. (2022) analysed biodiversity patterns of two biodiversity species richness and phylogenetic diversity, on a in found that species richness not with phylogenetic diversity. This that different processes have to the of areas in the through a of and speciation in the and local in the with limited in but in which makes them for studies to biodiversity hotspots. et al. (2022) to the habitat for in under different climate by all distribution information in The results that for were in the areas and mountainous in including the eastern Hengduan Mountains and Central more attention and biological conservation should be used in these et al. (2022) the spatial of endemic in and investigated the distribution and diversity of endemic for four family groups (i.e., and the environmental factors shaping these diversity patterns, and the of areas in diversity. found that most diversity hotspots for total species were in mountainous areas of the diversity patterns are by the combined of different environmental factors and in could not provide for this diversity and these endemic diversity should be more in mountainous areas of et al. (2022) characterized fauna from three new fields on the for the first time and species turnover along the by regions based on diversity at three new on the a total of species. turnover along the the of into three between which largely to genetic for species with The results show that the conservation of target three et al. (2022) identified three biotic that four biotic regions in Atlantic based on studies of (1) Atlantic and (2) from to (3) and (4) found with species in are and are were the is with species and and species in whereas the is characterized by This study highlighted the biodiversity in et al. (2022) extinction can be predicted from the evolutionary diversity from regions covering all 36 hotspots. species richness, family age and family diversification as predictors of extinction as from species status to However, the role of these predictors is all the regions were as a with higher species richness, older age and/or diversification rates have a higher of species By contrast, in regions, high extinction with low species richness and low diversification rates. In the terrestrial the of land habitat and climate change are the global of In the management of anthropogenic climate change and are and the global water that to of and et al., of the of often but many endemic species et al., are to This of biodiversity loss is not only in vertebrates but in The implications of these changes are of great for human and ecosystem In this et al. (2022) showed that the of of the from in to in The length of among potential habitat and from in to in that the of this species a conservation of In anthropogenic land and climate change biodiversity et al. (2022) analysed the of functional and phylogenetic diversity of and communities to the land and climate variables and showed filtering of anthropogenic and climate change on all biodiversity in both with land the potential for ecosystem by the loss of species at the of functional space is and could in the loss of ecological and evolutionary et al. (2022) analysed three biodiversity of threatened endemic mammals identified four global hotspots and showed that the of areas in two of them is low the hotspots, and that most of the species in the hotspots were to that or that only such as biological or climate change were in those et al. (2022) the impact of climate changes on and diversity of frugivorous birds in Central of Atlantic Using ecological niche most species were to by as a of climate resulting in a of diversity and an of diversity, which is by the nestedness climate species richness and of communities are to and from the to the of the have been proposed as biological for habitat in which the world's richest biological et al. (2022) and the of diversity hotspots with areas threatened by or from current anthropogenic pressures and the role of this of animals as a for diversity and the of the tropical as a region for biodiversity conservation in and and conservation in et al., (2022) the areas for in the the the areas as well as in the The (i.e., the of the areas on can be or To study they rates the areas and in them with identified that of the of the and nearby regions were in also showed that the were the and had spatial from to while had from to at different while more they as a For future conservation et al. (2022) may the of climate change on the biodiversity of a tropical hotspot, Atlantic a scenario based on the potential of frugivorous the of climate the potential distribution for each species on by in the scenario of potential while climate change the of the potential occurrence of species, which may a mean of in current potential distribution regions with the amounts of the had the potential richness of species. In future climate of species may become but they show that may these and future predictions showed biodiversity is et al., et al., et al., 2022). There is that current are to protect the hotspots et al., 2022). On a more this showed also that we have of regions and where much of biodiversity could be et al., et al., 2022). The data and have to conservation et al., et al., et al., et al., 2022) and the strategies for biodiversity et al., 2022). This special issue a to on biodiversity hotspots from many different regional and taxonomic groups and from mechanisms and to conservation and management. There was a of and we were with from across and Asia, we are of the areas where data are in biodiversity hotspots in Asia, and In addition, more attention on and resources is is key to the of research and the distribution of is not by New technologies many for data for the of the for all these aims to reveal biodiversity on the have proposed the of and call for to a to and of for species on the et al., 2022). The and of new technologies and to explore these data help to more scientific In addition, between the and is to the of the conservation research to be combined with that the conservation by the scientific community can be by This was by the and the of and of the We to and all of the for and during for this special The history for this is at data generated in the",2022,2022-11-29,article,en,4,50,True,gold,Diversity and Distributions,journal,Deyan Ge; Yanhua Qu; Tao Deng; Wilfried Thuiller; Cene Fišer; Per G. P. Ericson; Baocheng Guo; Noé U. de la Sancha; Sophie von der Heyden; Zhonge Hou; Jia‐Tang Li; Alexei V. Abramov; Alfried P. Vogler; Knud A. Jønsson; Russell A. Mittermeier,Centre National de la Recherche Scientifique; Chengdu Institute of Biology; Chinese Academy of Sciences; DePaul University; Field Museum of Natural History; Imperial College London; Institute of Zoology; Kunming Institute of Botany; Laboratoire d'Écologie Alpine; Natural History Museum Aarhus; Stellenbosch University; Swedish Museum of Natural History; University of Copenhagen; University of Ljubljana; Université Grenoble Alpes; Zoological Institute,cn; dk; fr; gb; ru; se; si; us; za,9,1,"Conservation, Biodiversity, and Resource Management; Ecology and Vegetation Dynamics Studies; Species Distribution and Climate Change",Biodiversity; Ecology; Geography; Biodiversity hotspot; Biodiversity conservation; Environmental resource management; Conservation biology; Environmental science; Biology,,,machine learning,1,fr,v1,2026-08-13
https://openalex.org/W2803231954,https://doi.org/10.3897/biss.2.26235,Modelling Biodiversity Linked Data: Pragmatism May Narrow Future Opportunities,"As the biodiversity community increasingly adopts Semantic Web (SW) standards to represent taxonomic registers, trait banks or museum collections, some questions come up relentlessly: How to model the data? For what goals? Can the same model fulfill different goals? So far, the community has mostly considered the SW standards through their most salient manifestation: the Web of Linked Data (Heath and Bizer 2011). Indeed, the 5-star Linked Data principles are geared towards the building of a large, distributed knowledge graph that may successfully fulfill biodiversity’s need for interoperability and data integration. However, the SW addresses a much broader set of problems involving automatic reasoning. For instance, reasoners can exploit ontological knowledge to improve query answering, leverage class definitions to infer class subsumption relationships, or classify individuals i.e. compute instance relationships between individuals and classes by applying reasoning techniques on class definitions and instance descriptions (Shearer et al. 2008). Whether a ""thing"" should be modelled as a class or a class instance has been debated at length in the SW community, and the answer is often a matter of perspective. In the context of taxonomic registers for example, the NCBI Organismal Classification (Federhen 2012) and Vertebrate Taxonomy Ontology (Midford et al. 2013) represent taxa as classes in the Ontology Web Language (OWL). By contrast, other initiatives represent taxa as instances of various classes, e.g. the SKOS Concept class ( skos:Concept ) in the AGROVOC thesaurus (Caracciolo et al. 2013) (we speak of the instances as SKOS concepts ), the Darwin Core taxon class ( dwc:Taxon) in Encyclopedia of Life (Parr et al. 2016), or classes depicting taxonomic ranks in GeoSpecies, DBpedia and the BBC Wildlife Ontology. Such modelling discrepancies impede linking congruent taxa throughout taxonomic registers. Indeed, one can state the equivalence between two classes (with owl:equivalentClass ) or two class instances (with owl:sameAs, skos:exactMatch , etc.), but good practices discourage the alignment of classes with class instances (Baader et al. 2003). Recently, Darwin Core's popularity has fostered the modeling of taxa as instances of class dwc:Taxon (Senderov et al. 2018, Parr et al. 2016). In this context, pragmatism may incline a Linked Data provider to comply with this majority trend to ensure maximum interlinking. Although technically and conceptually valid, this choice entails certain drawbacks. First, considering a taxon only as a an instance misses the fact that it is a set of biological individuals with common characteristics. An OWL class exactly captures this semantics through the set of necessary and sufficient conditions that an individual must meet to be a class member. In turn, an OWL reasoner can leverage this knowledge to perform query answering, compute subsumption or instance relationships. By contrast, taxa depicted by class instances are not defined but described by stating their properties. Hence the second drawback: unless we develop bespoke reasoners, there is not much a standard OWL reasoner can deduce from instances. Yet, some works have demonstrated the effectiveness of logic representation and reasoning capabilities, e.g. computing the alignments of two primate classifications (Franz et al. 2016) using generic reasoners that nevertheless require proprietary input formats. OWL reasoners are typically designed to solve such classification problems. They may leverage taxonomic ontologies to compute alignments with other ontologies or apply reasoning to individuals' properties to infer their species. Hence, pragmatically following the instance-based approach may indeed maximize interlinking in the short term, but bears the risk of denying ourselves potentially desirable use cases in the longer term. We believe that developing class-based ontologies for biodiversity should help leverage the SW’s extensive theoretical and practical works to tackle a variety of use cases that so far have been addressed with bespoke solutions.",2018,2018-05-22,article,en,0,9,True,diamond,Biodiversity Information Science and Standards,journal,Franck Michel; Catherine Faron Zucker; Sandrine Tercerie; Olivier Gargominy,"Infection et inflammation; Laboratoire d'Informatique, Signaux et Systèmes de Sophia Antipolis",fr,1,0,Semantic Web and Ontologies; Biomedical Text Mining and Ontologies; Species Distribution and Climate Change,Computer science; Ontology; Simple Knowledge Organization System; Class (philosophy); Semantic Web; Web Ontology Language; Linked data; World Wide Web; Information retrieval; Taxonomy (biology); SPARQL; Data science; RDF; Artificial intelligence; Ecology; Epistemology; Biology; Philosophy,,,knowledge graph,1,fr,v1,2026-08-13
https://openalex.org/W2954324517,https://doi.org/10.3897/biss.3.37421,Assisting Biologists in Editing Taxonomic Information by Confronting Multiple Data Sources using Linked Data Standards,"During the last decade, Web APIs (Application Programming Interface) have gained significant traction to the extent that they have become a de-facto standard to enable HTTP-based, machine-processable data access. Despite this success, however, they still often fail in making data interoperable, insofar as they commonly rely on proprietary data models and vocabularies that lack formal semantic descriptions essential to ensure reliable data integration. In the biodiversity domain, multiple data aggregators, such as the Global Biodiversity Information Facility (GBIF) and the Encyclopedia of Life (EoL), maintain specialized Web APIs giving access to billions of records about taxonomies, occurrences, or life traits (Triebel et al. 2012). They publish data sets spanning complementary and often overlapping regions, epochs or domains, but may also report or rely on potentially conflicting perspectives, e.g. with respect to the circumscription of taxonomic concepts. It is therefore of utmost importance for biologists and collection curators to be able to confront the knowledge they have about taxa with related data coming from third-party data sources. To tackle this issue, the French National Museum of Natural History (MNHN) has developed an application to edit TAXREF, the French taxonomic register for fauna, flora and fungus (Gargominy et al. 2018). TAXREF registers all species recorded in metropolitan France and overseas territories, accounting for 260,000+ biological taxa (200,000+ species) along with 570,000+ scientific names. The TAXREF-Web application compares data available in TAXREF with corresponding data from third-party data sources, points out disagreements and allows biologists to add, remove or amend TAXREF accordingly. This requires that TAXREF-Web developers write a specific piece of code for each considered Web API to align TAXREF representation with the Web API counterpart. This task is time-consuming and makes maintenance of the web application cumbersome. In this presentation, we report on a new implementation of TAXREF-Web that harnesses the Linked Data standards: Resource Description Framework (RDF), the Semantic Web format to represent knowledge graphs, and SPARQL, the W3C standard to query RDF graphs. In addition, we leverage the SPARQL Micro-Service architecture (Michel et al. 2018) , a lightweight approach to query Web APIs using SPARQL. A SPARQL micro-service is a SPARQL endpoint that wraps a Web API service; it typically produces a small, resource-centric RDF graph by invoking the Web API and transforming the response into RDF triples. We developed SPARQL micro-services to wrap the Web APIs of GBIF, World Register of Marine Species (WoRMS), FishBase, Index Fungorum, Pan-European Species directories Infrastructure (PESI), ZooBank, International Plant Names Index (IPNI), EoL, Tropicos and Sandre. These micro-services consistently translate Web APIs responses into RDF graphs utilizing mainly two well-adopted vocabularies: Schema.org (Guha et al. 2015) and Darwin Core (Baskauf et al. 2015). This approach brings about two major advantages. First, the large adoption of Schema.org and Darwin Core ensures that the services can be immediately understood and reused by a large audience within the biodiversity community. Second, wrapping all these Web APIs in SPARQL micro-services “suddenly” makes them technically and semantically interoperable, since they all represent resources (taxa, habitats, traits, etc.) in a common manner. Consequently, the integration task is simplified: confronting data from multiple sources essentially consists of writing the appropriate SPARQL queries, thus making easier web application development and maintenance. We present several concrete cases in which we use this approach to detect disagreements between TAXREF and the aforementioned data sources, with respect to taxonomic information (author, synonymy, vernacular names, classification, taxonomic rank), habitats, bibliographic references, species interactions and life traits.",2019,2019-06-26,article,en,0,4,True,diamond,Biodiversity Information Science and Standards,journal,Franck Michel; Catherine Faron Zucker; Sandrine Tercerie; Antonia Ettorre; Olivier Gargominy,"Centre National de la Recherche Scientifique; Infection et inflammation; Institut national de recherche en sciences et technologies du numérique; Laboratoire d'Informatique, Signaux et Systèmes de Sophia Antipolis; Musée National d'Histoire Naturelle; Muséum national d'Histoire naturelle",fr; lu,2,1,Species Distribution and Climate Change; Mycorrhizal Fungi and Plant Interactions; Plant Pathogens and Fungal Diseases,Computer science; World Wide Web; Taxonomic rank; Linked data; Data science; Interoperability; Encyclopedia; Information retrieval; Taxon; Geography; Semantic Web; Ecology; Library science; Biology,,,knowledge graph,1,fr,v1,2026-08-13
https://openalex.org/W4292756742,https://doi.org/10.3897/biss.6.93640,Semantic Indexing of Open Scientific Literature to Help Users Discover and Navigate through Publications Networks,"In recent years, several evolutions have drastically transformed the way researchers as well as scientific and technical information (STI) services interact with scientific literature. The amount and pace of publications are skyrocketing, whether in journals and conferences or through pre-publication repositories (e.g., arxiv.org), such that it is increasingly difficult to keep up, find and make sense of relevant articles. Furthermore, the specialization of research communities makes it difficult to discover cross-disciplinary knowledge, which is essential to meet the growing demand of funding agencies for interdisciplinary projects. Scientific open archives are central in this landscape, however the keyword-based search services that they usually provide fail to grasp the semantic relationships between articles. Therefore, it is necessary to develop new tools that allow users to find their way in this mass of knowledge. In this talk, we wish to present the methods, tools and services implemented in the ISSA*2 project to address these needs, and discuss how they could fit and be deployed in the biodiversity area. Guided by the open science goals and embracing the FAIR*1 principles, the project aims to: provide a generic, transferable and extensible pipeline for the analysis and processing of the articles of an open scientific archive; turn the processing results into a semantic index stored and published as a public RDF knowledge graph; develop innovative search and visualization services that leverage this semantic index to allow researchers, decision makers or STI professionals to explore thematic association rules, networks of co-publications, articles with co-occurring topics, etc. provide a generic, transferable and extensible pipeline for the analysis and processing of the articles of an open scientific archive; turn the processing results into a semantic index stored and published as a public RDF knowledge graph; develop innovative search and visualization services that leverage this semantic index to allow researchers, decision makers or STI professionals to explore thematic association rules, networks of co-publications, articles with co-occurring topics, etc. The semantic index construction process involves several artificial intelligence techniques: natural language processing, knowledge engineering and Semantic Web. These techniques are used to process the publications’ metadata and text to automatically extract thematic descriptors and named entities. These descriptors and named entities are linked to knowledge bases such as Wikidata, DBpedia and GeoNames, or domain-specific terminological resources suited to the archive's domain. The semantic index linked with the third-party resources serves as a keystone to support the development of rich search and visualization tools aimed at researchers and/or STI professionals. We demonstrated the effectiveness of this solution in the use case of Agritrop, an institutional archive of 110,000+ resources among which are 12,000 open access articles, specialized in the fields of agronomy, biodiversity and sustainable development. In this context, the Agrovoc multilingual thesaurus was used as a domain-specific reference vocabulary. Fig. 1 illustrates how the concepts mentioned in the articles of the archive can be used to discover and visualize association rules. In this example, articles mentioning concepts COVID-19 and food security (a) frequently mention concept pandemics (b). Fig. 2 shows how other visualization techniques can help users search articles mentioning concept health or any of its sub-concepts (a and b), discover that it is often co-mentioned with climate change (c), and get the list of related publications (d) and their time distribution (e). Being designed as a generic, transferable solution, the pipeline and visualization tools delivered by ISSA could be easily adapted to open archives of biodiversity literature. Typically, terminological references such as Darwin Core Terms, Access to Biological Collection Data (ABCD), open Digital Specimens (openDS), Audubon Core Metadata Schema as well as various taxonomic registries, could be considered for the description of an article's metadata or the linking of thematic descriptors and named entities. From there, the proposed visualization techniques could easily be reconfigured to explore the articles from a biodiversity open archive to answer various competency questions, for instance: what are the articles that mention a taxon or any of its child taxa? What are the museums/institutions that are more frequently mentioned together with certain taxonomic groups? What are the research topics that frequently co-occur with climate change, and how do these topics evolve through the years? What public policies frequently occur in articles that mention endangered species? Furthermore, the pipeline could be extended by including existing third-party tools to carry out e.g., the extraction of relationships between entities or the reconciliation of authors' names.",2022,2022-08-23,article,en,0,0,True,diamond,Biodiversity Information Science and Standards,journal,Franck Michel; Anne Toulet; Anna Bobasheva; Marie‐Claude Deboin; Sébastien Dupré; Aline Menin; Marco Winckler; Andon Tchechmedjiev,"Centre de Coopération Internationale en Recherche Agronomique pour le Développement; Infection et inflammation; Institut de l'Information Scientifique et Technique; Laboratoire d'Informatique, Signaux et Systèmes de Sophia Antipolis; Université de Montpellier",fr,1,0,Semantic Web and Ontologies; Scientific Computing and Data Management; Research Data Management Practices,Computer science; Search engine indexing; Data science; World Wide Web; Pace; Leverage (statistics); Semantic search; Bridging (networking); Knowledge management; Semantic Web; Machine learning; Geography; Geodesy; Computer network,,,artificial intelligence; knowledge graph; natural language processing,3,fr,v1,2026-08-13
https://openalex.org/W4385773033,https://doi.org/10.1093/eurheartj/ehad494,Fostering heart team values: the fourth Belgrade Valve International Symposium,"The fourth Belgrade Valve International Symposium (BELVIS) has been held in Belgrade, Serbia, on 9 and 10 June 2023. Belgrade Valve International Symposium is the only international valve disease-related meeting in the region of south-eastern Europe, jointly organized by Cardiology Society of Serbia and Serbian Society of Cardiovascular surgeons and supported by the Serbian Ministry of Health and the Medical Faculty, University of Belgrade. Contemporary highlights in the field of diagnosis and treatment of valvular disease continue to be the main focus of the now traditional meeting, together with promotion of fruitful discussions between cardiologists and cardiac-surgeons, who may have different approaches to treating cardiovascular diseases. The essence of these discussions is to find the best way to treat our patients. In addition to a comprehensive approach to the diagnosis and treatment of valvular diseases, the focus of the meeting is also on the conditions that often accompany valvular diseases, such as coronary artery disease and heart failure. The 2023 Belvis meeting was a 2-day event that gathered respectable international Faculty, such as Bernard Iung, Victoria Delgado, Emanuele Barbato, Michael Borger, Jae K Oh, Giuseppe Biondi-Zoccai, Ronak Rajani, Eduard Quintana, Jozef Bartunek, Marc Vanderheyden, and Duk-Hyun Kang. The first Belvis meeting took place in 2019, within the framework of the organization of the meeting of Avatar Trial1,2 Investigators. But what was initially intended as a trial investigators meeting eventually became an international Heart Team meeting on valvular diseases, live on stage in Belgrade, Serbia. Besides plenary sessions, meeting also includes a practical part, intended for young interventional cardiologists and cardiac surgeons. The practical part consists of a simulation of surgical implantation of a bioprosthesis on mitral or/and aortic position in a bovine model (Figure 1A), as well as a transcatheter aortic valve replacement (TAVR) simulator. (A) Practical session of bioprosthesis implantation on a bovine model. (B) Prof. Lazar Davidovic, Dean of the Medical Faculty, University of Belgrade, and Assoc. Prof. Marko Banovic during the Belgrade Valve International Symposium opening ceremony. In 2020, the symposium was cancelled due to the pandemic restrictions. After a year and a half in which the global COVID-19 pandemic has changed normal life activities worldwide, in Serbia as well, and in which congresses were held only in online format, BELVIS 2021 was organized as a hybrid meeting. BELVIS 2022 has finally been a step forward towards return of the ‘normal’ congresses and face-to-face communication. Finally, BELVIS 2023 was international again and featured five scientific plenary sessions, four Industry Symposiums, a perfusionist’s session, 261 registered participants, and Faculty of more than 30 local and 15 invited foreign speakers (both cardiologists and cardiac-surgeons), from Europe, USA, and South Korea (for more information, please visit www.belvisbelgrade.com). The meeting was officially opened by the Dean of the Medical Faculty, University of Belgrade (Figure 1B). Underlining continuous and rapid progress in the medical treatment, interventions, and device therapy, it gave a wide perspective on diagnostic approach, new treatment results, and improved long-term cardiovascular outcomes for patients with different valvular heart diseases. The prominent international and local faculty presented these advances at BELVIS 2023, discussing not only the positive features but also the gaps in evidence. To name just a few, Prof. Michael Borger from Leipzig Heart Center, gave a modern overview of the diagnosis and (surgical) treatment of infective endocarditis, while Dr Eduard Quintana from Hospital Clinic de Barcelona spoke about the modern surgical treatment of obstructive hypertrophic cardiomyopathy. Professor Jae K Oh from Mayo Clinic, Rochester, talked about the contemporary role and future expectations of the application of artificial intelligence in aortic stenosis. Professor Bernard Iung from Bichat Hospital, Paris, addressed the approach to patients with valvular disease and significant comorbidities, while Prof. Emanuele Barbato talked about the development and following success of the Valve for Life initiative (Figure 2A). One of the hosts, Associate Prof. Marko Banovic, discussed the concept of life-long treatment of younger, (a)Csymptomatic patients with severe aortic stenosis. (A) Prof. Emanuele Barbato during his talk. (B) International Belgrade Valve International Symposium faculty during the visit to the Belgrade fortress and the panorama of Belgrade in the background. According to the comments from our guests, as well as from the audience, BELVIS 2023 fulfilled the expectations as a valuable educational and clinical event, continuing the fusion of the scientific and practically oriented information, intensive exchange of experiences, and enjoyable personal interactions. We also owe a great deal of gratitude to our young colleagues and fellows, whose enthusiasm and help in the technical organization is invaluable and hugely appreciated. At the end of the programme, on both days, socializing was the priority. The programme was active and included a visit to the National Museum, as well as a tour to the old medieval, picturesque Belgrade fortress ‘Kalemegdan’ (Figure 2B). We are very happy that our guests left the meeting and Belgrade with pleasant impressions, and we hope that in the future we not only will have again the opportunity to analyse and discuss various valvular topics within BELVIS but also to continue to nurture warm human relations with our dear guests and friends worldwide. M.B. and S.P. are BELVIS founders and co-directors.",2023,2023-08-12,article,en,0,2,True,bronze,European Heart Journal,journal,Marko Banović; Svetozar Putnik; Bernard Iung,Hôpital Bichat-Claude-Bernard; University of Belgrade,fr; rs,2,1,Cardiac Valve Diseases and Treatments; Cardiac pacing and defibrillation studies,Medicine; Cardiology; Internal medicine,,,artificial intelligence,1,fr,v1,2026-08-13
https://openalex.org/W7163910137,https://doi.org/10.3389/fevo.2026.1862912,Formalizing invertebrate cryptic species descriptions: clarifying a pragmatic DNA-based and stable nomenclatural framework,"consistent with the ICZN and allowing for the formal description of lineages without the absolute requirement of DNA from historical types. The present Opinion follows the publication of the Comment by Davinack and Fitzhugh (2026) as well as other feedback received in response to our paper (Vivien et al., 2025). In light of these various comments, we wish to reaffirm our original recommendations and address the conceptual and methodological concerns raised, several of which stem from a misunderstanding or a misrepresentation of our approach. These criticisms span all aspects of our proposal-from nomenclatural compliance and type preservation to the reliability of molecular data and the status of historical types. We address each point below by providing further evidence and formal clarifications. A comparison of the taxonomic recommendations for the description of invertebrate cryptic species, highlighting both points of consensus and divergence between Vivien et al. (2025) and subsequent commentaries (e.g., Davinack & Fitzhugh, 2026), is provided in Table 1. Contrary to the opinion of Davinack and Fitzhugh (2026), our aim is neither to equate all genetic divergence with species status nor to circumvent the Code, but to propose a taxonomic practice adapted to cryptic diversity, based on explicit diagnostic characters and nomenclatural stability. This approach is particularly relevant given the inherent limitations of traditional morphology in resolving many invertebrate complexes and the rise of molecular data as an independent and essential source of characters. By formalizing these lineages, we ensure their integration into scientific and conservation frameworks as traceable taxonomic units rather than ephemeral informal labels. [Insert Table 1 here].To address the assertion by Davinack and Fitzhugh (2026) and other commentators that molecular data alone are insufficient for species delimitation, we here clarify the robust nature of genetic evidence-a level of detail that was not fully developed in our original proposal. Rather than providing mere suggestions, various analytic methods have been developed to formally assess whether genetic lineages correspond to independently evolving metapopulations, in accordance with de Queiroz's unified concept of species (de Queiroz, 2007). Distance-based approaches (ABGD, ASAP), coalescence (KoT), phylogenetic trees (PTP) or speciation models (GMYC) (Pons et al., 2006;Puillandre et al., 2021;Puillandre et al., 2012;Spöri et al., 2021;Zhang et al., 2013) offer rigorous and complementary tools for formulating explicit, reproducible, and revisable species hypotheses. Lineages are identified based on robust genetic differences and evaluated using multiple markers whenever possible. This framework ensures that species hypotheses are verifiable and traceable, allowing cryptic biodiversity to be rapidly documented without sacrificing scientific rigour.Contrary to Davinack & Fitzhugh (2026), our initial Opinion did not dismiss integrative taxonomy; rather, it reconciled this ideal with the practical constraints of cryptic species discovery. While a multi-evidence approach is desirable, its universal application is frequently hindered by significant operational limitations. By definition, cryptic lineages lack clear diagnostic characters; any morphological differences are typically subtle, overlapping, or too ambiguous to allow for reliable species delimitation. Likewise, behavioural or reproductive experiments are feasible for only a small fraction of taxa. Similarly, integrating ecological data requires extensive sampling across multiple locations-a task often rendered impossible by the low abundance and patchy distribution typical of many invertebrate species. Furthermore, phenotypic traits are often inconclusive due to plasticity (risk of over-delimitation) or niche conservatism (masking distinct lineages). Shared ecological or behavioural preferences may thus not reliably indicate conspecificity, offering lower resolution than molecular evidence. We adopt a realist interpretation of species consistent with the unified species concept of de Queiroz (2007), under which species correspond to separately evolving metapopulation lineages. Within this framework, species are treated as real historical entities, while diagnostic criteria serve as operational tools for their inference. Importantly, as species boundaries are not directly observable, we contend that molecular diagnosability provides a primary and sufficient line of evidence for inferring lineage independence, especially when morphological signals are limited. In this light, our proposal focuses on the formulation of robust species hypotheses, validated by molecular evidence and ready for formal description. This reflects a pragmatic response to empirical constraints rather than a reduction of species recognition to a single data source, providing a workable alternative where traditional phenotypic diagnostic approaches are often impracticable. Davinack & Fitzhugh (2026) mandate testing additional hypotheses, such as population structure or isolation by distance. While valuable, these lack clear species-delimitation thresholds and require intensive geographical sampling that is frequently impractical. By imposing such requirements without a workable methodological framework, their stance risks maintaining a status quo that hinders taxonomic progress. Beyond these biological constraints, while we strongly support the acquisition of additional data to refine and further test molecularly identified lineages, their mandatory inclusion for formal description remains problematic. A major challenge is the lack of consensus on how to prioritize and weight different evidence types, often leading to inconsistent delimitation standards. We argue that when molecular markers are proven robust for a given group, they provide a sufficient and objective basis for formal description. Requiring further evidence-in the absence of a clear and objective methodology to arbitrate between data types-merely introduces a layer of subjectivity into the taxonomic process. As discussed above, these multiple lines of evidence are often impossible to acquire or may prove uninformative. In such cases, DNA sequences may represent the only operationally accessible source of evidence sufficiently informative for species delimitation. Systematically requiring additional, independent data types when they are unavailable inevitably delays or prevents the formal description of a significant portion of invertebrate diversity. Historically, taxonomic descriptions have been based primarily on morphological evidence; our proposal simply advocates for a similar pragmatic standard in the molecular era, ensuring that the formal naming of life can still proceed with rigour even when only genetic data are available. We acknowledge that molecular data may occasionally prove inconclusive-for instance, when genetic divergence is near established thresholds or when markers show incongruence. In such ambiguous cases, we advocate for treating species hypotheses as provisional, requiring the acquisition of further genomic data and, where possible, complementary evidence to achieve a decisive delimitation.In cases where only molecular data are accessible, Davinack & Fitzhugh (2026) advocate for a status quo, where cryptic diversity remains relegated to informal labels in public databases, pending the potential-yet uncertain-availability of additional evidence. However, the proliferation of such codes (BINs, OTUs, MOTUs, etc.) represents a major obstacle for biodiversity management. As noted by Horton et al. (2025), this accumulation of informal names in public databases creates a significant tracking challenge and an urgent need for standardized solutions. Currently, determining whether different identifiers linked to a single morphospecies represent the same biological entity requires complex, group-specific phylogenetic analyses. While useful for structuring genetic data, these provisional codes lack the nomenclatural status necessary for sustainable integration into conservation frameworks (Delić et al., 2017;Samyn and De Clerck, 2012). Our approach directly addresses this gap by formalising these validated candidates into named species. By transforming informal labels into formal taxa, we replace technical ambiguity with a stable name, ensuring consistent identification across studies. 5. Historical names, types, species inquirendae and nomina dubia Some critics misrepresented our guidelines for managing legacy nomenclature. First, as stated in our proposal, cryptic lineages may be formally described without prior attribution of a particular lineage to a historical type only when the type material is not traceable after reasonable effort, may be unsuitable for genetic analysis, or when a neotype cannot readily be designated. If a type cannot be reliably compared with newly identified molecular units, conspecificity cannot be demonstrated at the time of description. In such cases, the nominal taxon is best regarded as species inquirenda, and the specific status assigned to newly named lineages must be treated as a revisable species-level hypothesis. This remains subject to future revision should further evidence allow the unambiguous association of a lineage with an existing historical name or lead to a refined delimitation. Second, historical names may be treated as nomina dubia only when it is demonstrably impossible to associate them with a biological entity because the type material is missing, degraded, non-diagnostic, or unsuitable for modern genetic analyses, or when the type locality is imprecise or unknown. The use of nomen dubium is therefore necessary to maintain nomenclatural stability and prevent the arbitrary assignment of names. Although the Code does not require prior assignment of newly identified lineages to historical types as a precondition for valid description, some authors argue that such assignment should be methodologically mandatory. If strictly enforced, this requirement would effectively preclude the formal recognition of many cryptic lineages whenever the original material suffers from the aforementioned limitations. Imposing such a constraint would substantially impede the description of cryptic diversity, as a vast number of historical names are based on such problematic material. 6. Synonymy, stability and revisability Some commentators have argued that describing lineages without prior attribution to a historical type should be avoided, fearing that it will lead to an increase in junior synonyms and significant nomenclatural instability. Specifically, this risk arises if formally described cryptic lineages are subsequently shown to correspond to historical types-a predictable consequence of nomenclature based on partial knowledge, also well-known in morphological taxonomy. When documented transparently, these revisions do not undermine the nomenclature. Once a lineage is unambiguously linked to a historical type, the original name followed by ""sensu stricto"" can be used consistently, ensuring stability, clarity and reproducibility of identifications while limiting the risk of confusion. While the creation of junior synonyms remains a possibility, we argue that the benefits of our approach -namely improved lineage traceability, consistent use of phylogenetic units, and reduced taxonomic ambiguity -far outweigh these potential nomenclatural drawbacks.In our initial proposal, we recommended characterizing each newly described cryptic species at least to the morphospecies level. While some commentators have recommended including exhaustive morphological descriptions for all new taxa, such a requirement prior to naming hinders the documentation of many cryptic species. Fully mature specimens are rare for taxa that are uncommon or difficult to collect, and some groups are never or very rarely encountered in a state that allows for complete morphological characterisation (e.g., Chaetogaster) (Vivien et al., 2024). Our approach does not exclude exhaustive morphological study when required expertise and optimal specimens-displaying the full suite of morphological characters necessary for fine-scale species delimitation-are available. However, by enabling rapid and formal recognition of cryptic species, it creates a framework in which subsequent morphological, ecological, or behavioural analyses can be conducted efficiently, without detracting from existing expertise. In this context, Davinack & Fitzhugh (2026) and other commentators seem to have implicitly criticised our approach for not linking cryptic lineages to type material that is morphologically identifiable at the lineage level. Yet, as we have emphasized, providing such morphologically diagnostic vouchers is by definition practically impossible at the time of description. Nonetheless, even when morphological data are currently inconclusive, the preservation of these specimens remains essential. While they may not permit lineage identification today, the rapid development of new tools-such as artificial intelligence and high-resolution 3D imaging-will likely render these vouchers informative in the future.Article 13.1.1 of the ICZN (1999) requires that a new species name include a description differentiating the taxon; it does not limit characters to morphology. Molecular diagnoses are thus fully compatible with the Code. Methods such as CAOS, UITOTO and MoID can be used to identify diagnostic molecular characters for formulating formal molecular diagnoses (Fedosov et al., 2022;Sarkar et al., 2008;Torres et al., 2025). In line with our original proposal, we insist that each newly described cryptic species must be supported by such a molecular diagnosis and the designation of physical type material preserved in public institutions to ensure accessibility, verifiability, and long-term stability. We therefore reject the assertion by Davinack & Fitzhugh (2026) and other commentators that our approach weakens ICZN standards or overlooks the necessity of vouchers.The formal naming of cryptic invertebrates necessitates: (1) explicitly stated, reproducible species-delimitation criteria; (2) the recognition of taxonomic hypotheses as inherently revisable; and (3) robust methodologies for generating reliable molecular diagnoses. Davinack and Fitzhugh (2026) advocate for increased investment in museum collections and morphological taxonomy training as a primary solution. While we strongly endorse the continuous development of morphological expertise, such measures alone cannot resolve the challenge of documenting cryptic diversity, given that these lineages are, inherently, morphologically indistinguishable. Contrary to the claims of Davinack and Fitzhugh (2026), our proposal (Vivien et al., 2025) does not relax systematic standards; instead, it redefines them within a framework specifically adapted to molecularly revealed diversity. By providing an explicit methodology that integrates molecular evidence within a Code-compliant, lineage-based system, we ensure that cryptic taxa are formally recognized and fully integrated into conservation, ecology, and systematics.The authors declare that the research was conducted in the absence of any commercial or financial relationships that could be construed as a potential conflict of interest. 11. Author contributions R.V., R.A., J.P., P.M. designed the study. R.V., P.M. wrote the manuscript. R.V., R.A., J.P., P.M. reviewed and edited the manuscript. 12. Funding This research received no specific external funding. 13. Declaration of Generative AI and AI-assisted technologies in the writing process Google AI (Gemini) was used for linguistic editing. The authors have independently reviewed and verified all AI-assisted sections and remain fully accountable for the entire content of the study. Davinack, A. A., Fitzhugh, K. (2026). Cryptic diversity does not justify weakening systematics standards. A comment on: 'Adapting practices to accelerate the scientific description of invertebrate cryptic species', (2025) by Vivien et al. Biol. Lett. 22, 20250652. doi: 10.1098/rsbl.2025.0652 de Queiroz, K. (2007). Species concepts and species delimitation. Syst. Biol. 56, 879-886. doi: 10.1080/10635150701701083 Delić, T., Trontelj, P., Rendoš, M., Fišer, C., (2017). The importance of naming cryptic species and the conservation of endemic subterranean amphipods. Sci. Rep. 7, 3391. doi: 10.1038/s41598-017-02938-z Fedosov, A., Achaz, G., Gontchar, A., Puillandre, N. (2022). MOLD, a novel software to compile accurate and reliable DNA diagnoses for taxonomic descriptions. Mol. Ecol. Resour. 22, 2038Resour. 22, -2053Resour. 22, . doi: 10.1111Resour. 22, /1755-0998.13590 -0998.13590",2026,2026-06-08,article,en,0,14,True,gold,Frontiers in Ecology and Evolution,journal,Régis Vivien; Roman Alther; Jan Pawlowski; Patrick Martin,Institut de Biologia Evolutiva; Institute of Natural Sciences; Polish Academy of Sciences; Swiss Federal Institute of Aquatic Science and Technology; University of Zurich; École Nationale de l’Aviation Civile,be; ch; es; fr; pl,5,1,Aquatic Invertebrate Ecology and Behavior; Invertebrate Taxonomy and Ecology; Coleoptera Taxonomy and Distribution,Species complex; Biology; Divergence (linguistics); Misrepresentation; Evolutionary biology; Ephemeral key; Epistemology; Ecology; Taxonomic rank; Taxonomy (biology); Biological classification; Taxon; Invertebrate; Biodiversity; Key (lock); Citation; Disparate system; Conceptual framework; Bridge (graph theory); Genetic divergence; Analogy; Selection (genetic algorithm); Anthropocene; Cognitive science; Argument (complex analysis); Genetic data,,,artificial intelligence,1,fr,v1,2026-08-13
